customer_id,name,company,industry,email,phone,location,customer_since,customer_status
CUST-00001,Joseph Johnson,CoreTech Enterprises,Manufacturing & Industrial,joseph.johnson1@coretechente.com,+1-343-304-9935,"Chicago, IL",2023-06-25,At-Risk
CUST-00002,Barbara Nguyen,Pinnacle Technologies,SaaS & Cloud Software,barbara.nguyen2@pinnacletech.com,+1-424-438-9279,"San Francisco, CA",2025-02-09,Inactive
CUST-00003,Patricia Scott,Stratosphere Digital,Telecommunications,patricia.scott3@stratosphere.com,+1-660-803-5557,"Chicago, IL",2024-01-02,Churned
CUST-00004,James Carter,Synapse Digital,Telecommunications,james.carter4@synapsedigit.com,+1-485-359-4527,"Seattle, WA",2026-05-12,Active
CUST-00005,Carol Miller,Vertex Global,Financial Services & FinTech,carol.miller5@vertexglobal.com,+1-553-818-5333,"Seattle, WA",2024-02-26,Active
CUST-00006,Jennifer Campbell,Acro Capital,Financial Services & FinTech,jennifer.campbell6@acrocapital.com,+1-281-765-5803,"Denver, CO",2024-11-14,Active
CUST-00007,George Torres,Stratosphere Digital,Financial Services & FinTech,george.torres7@stratosphere.com,+1-878-433-5741,"New York, NY",2023-08-13,Inactive
CUST-00008,William Diaz,Vanguard Partners,Financial Services & FinTech,william.diaz8@vanguardpart.com,+1-485-664-6977,"Denver, CO",2024-08-26,Inactive
CUST-00009,Christopher White,Catalyst Systems,Retail & E-Commerce,christopher.white9@catalystsyst.com,+1-900-863-2169,"Sydney, Australia",2026-06-23,Active
CUST-00010,Nancy Wright,CoreTech Systems,Healthcare & Life Sciences,nancy.wright10@coretechsyst.com,+1-589-476-4598,"Atlanta, GA",2025-09-24,Churned
CUST-00011,Michelle Turner,Starlight Labs,SaaS & Cloud Software,michelle.turner11@starlightlab.com,+1-233-523-7572,"Chicago, IL",2024-10-24,Active
CUST-00012,Paul Jones,Stratosphere Health,Professional Services & Consulting,paul.jones12@stratosphere.com,+1-872-711-7482,"Chicago, IL",2024-10-31,Inactive
CUST-00013,Ryan Martinez,Omni Dynamics,Manufacturing & Industrial,ryan.martinez13@omnidynamics.com,+1-775-751-5304,"Sydney, Australia",2025-04-27,Churned
CUST-00014,Jason Nguyen,Beacon Innovations,Manufacturing & Industrial,jason.nguyen14@beaconinnova.com,+1-722-705-2489,"Austin, TX",2026-03-03,Active
CUST-00015,Michael Parker,Quantum Dynamics,Healthcare & Life Sciences,michael.parker15@quantumdynam.com,+1-633-810-2040,"Berlin, Germany",2022-08-16,At-Risk
CUST-00016,Deborah Harris,Elevate Analytics,Retail & E-Commerce,deborah.harris16@elevateanaly.com,+1-212-896-2876,"Toronto, Canada",2024-09-27,Active
CUST-00017,Paul Roberts,Velocity Innovations,Financial Services & FinTech,paul.roberts17@velocityinno.com,+1-646-361-8433,"Boston, MA",2024-02-15,Inactive
CUST-00018,James Campbell,CoreTech Enterprises,Healthcare & Life Sciences,james.campbell18@coretechente.com,+1-309-840-5889,"Toronto, Canada",2025-10-10,At-Risk
CUST-00019,Margaret Martinez,Catalyst Labs,Healthcare & Life Sciences,margaret.martinez19@catalystlabs.com,+1-744-200-6310,"Toronto, Canada",2025-04-08,Inactive
CUST-00020,Gary Johnson,Quantum Innovations,Retail & E-Commerce,gary.johnson20@quantuminnov.com,+1-260-446-2290,"Chicago, IL",2025-02-17,At-Risk
CUST-00021,William Campbell,Meridian Partners,Financial Services & FinTech,william.campbell21@meridianpart.com,+1-985-328-3103,"Toronto, Canada",2026-03-07,Active
CUST-00022,Jacob Scott,Synapse Enterprises,Telecommunications,jacob.scott22@synapseenter.com,+1-753-405-6107,"Chicago, IL",2023-01-03,Active
CUST-00023,Stephanie Nelson,Velocity Innovations,Media & Entertainment,stephanie.nelson23@velocityinno.com,+1-663-323-5061,"Toronto, Canada",2024-04-17,Inactive
CUST-00024,Mark Jones,Aegis Technologies,Manufacturing & Industrial,mark.jones24@aegistechnol.com,+1-426-207-2163,"London, UK",2025-06-05,At-Risk
CUST-00025,Linda Anderson,Vertex Technologies,Professional Services & Consulting,linda.anderson25@vertextechno.com,+1-727-443-5562,"San Francisco, CA",2024-12-05,Inactive
CUST-00026,Gary Wilson,Horizon Dynamics,Media & Entertainment,gary.wilson26@horizondynam.com,+1-685-616-4119,"Chicago, IL",2024-05-21,Churned
CUST-00027,Richard Miller,Aura Global,Professional Services & Consulting,richard.miller27@auraglobal.com,+1-621-678-1887,"Denver, CO",2023-03-19,At-Risk
CUST-00028,Richard Brown,Beacon Digital,Professional Services & Consulting,richard.brown28@beacondigita.com,+1-455-396-4116,"San Francisco, CA",2025-11-23,Active
CUST-00029,Laura Rodriguez,Pinnacle Dynamics,Retail & E-Commerce,laura.rodriguez29@pinnacledyna.com,+1-456-277-8260,"Atlanta, GA",2025-06-28,At-Risk
CUST-00030,Richard Brown,Velocity Capital,SaaS & Cloud Software,richard.brown30@velocitycapi.com,+1-972-442-3724,"San Francisco, CA",2023-09-18,At-Risk
CUST-00031,Timothy Young,Meridian Systems,Telecommunications,timothy.young31@meridiansyst.com,+1-369-588-1035,"New York, NY",2025-07-10,Active
CUST-00032,Deborah Taylor,Acro Enterprises,Telecommunications,deborah.taylor32@acroenterpri.com,+1-949-769-8973,"Sydney, Australia",2024-06-08,Active
CUST-00033,Karen Gonzalez,Prism Systems,SaaS & Cloud Software,karen.gonzalez33@prismsystems.com,+1-954-755-1998,"London, UK",2023-04-13,At-Risk
CUST-00034,Kenneth Brown,Nexus Health,Media & Entertainment,kenneth.brown34@nexushealth.com,+1-744-361-1931,"Toronto, Canada",2024-01-20,Inactive
CUST-00035,William Diaz,Synapse Solutions,Financial Services & FinTech,william.diaz35@synapsesolut.com,+1-441-613-2964,"Berlin, Germany",2025-11-02,Inactive
CUST-00036,Ashley Nguyen,Elevate Technologies,Financial Services & FinTech,ashley.nguyen36@elevatetechn.com,+1-874-797-9565,"Denver, CO",2023-10-18,Churned
CUST-00037,Kenneth Taylor,Stratosphere Logistics,Professional Services & Consulting,kenneth.taylor37@stratosphere.com,+1-472-605-3144,"Chicago, IL",2024-08-31,At-Risk
CUST-00038,Joshua Robinson,Aegis Labs,Financial Services & FinTech,joshua.robinson38@aegislabs.com,+1-670-836-2638,"New York, NY",2024-12-11,Active
CUST-00039,Elizabeth Wright,Stratosphere Capital,Retail & E-Commerce,elizabeth.wright39@stratosphere.com,+1-558-270-5002,"Austin, TX",2025-07-15,At-Risk
CUST-00040,Melissa Jackson,Synapse Analytics,Retail & E-Commerce,melissa.jackson40@synapseanaly.com,+1-870-741-1128,"London, UK",2024-04-21,Active
CUST-00041,Joshua Nelson,Quantum Dynamics,Retail & E-Commerce,joshua.nelson41@quantumdynam.com,+1-310-766-3546,"San Francisco, CA",2025-01-03,Active
CUST-00042,Paul Jackson,Elevate Systems,Professional Services & Consulting,paul.jackson42@elevatesyste.com,+1-904-849-5325,"Chicago, IL",2022-11-21,At-Risk
CUST-00043,Gary Taylor,Nexus Solutions,Telecommunications,gary.taylor43@nexussolutio.com,+1-246-203-6464,"Boston, MA",2023-05-26,Active
CUST-00044,Thomas Green,Omni Dynamics,Media & Entertainment,thomas.green44@omnidynamics.com,+1-923-637-1158,"Toronto, Canada",2024-08-21,Inactive
CUST-00045,Joseph Jones,Zenith Dynamics,SaaS & Cloud Software,joseph.jones45@zenithdynami.com,+1-797-765-3426,"Seattle, WA",2024-12-31,At-Risk
CUST-00046,Sharon Rodriguez,Nexus Enterprises,Professional Services & Consulting,sharon.rodriguez46@nexusenterpr.com,+1-567-415-5088,"New York, NY",2026-03-02,Active
CUST-00047,Susan Thompson,Starlight Capital,Telecommunications,susan.thompson47@starlightcap.com,+1-968-358-4878,"London, UK",2022-10-10,Inactive
CUST-00048,Christopher Phillips,Synapse Global,SaaS & Cloud Software,christopher.phillips48@synapsegloba.com,+1-955-540-7745,"Austin, TX",2025-12-04,Active
CUST-00049,Ashley Moore,Synapse Labs,Financial Services & FinTech,ashley.moore49@synapselabs.com,+1-240-681-4644,"Denver, CO",2026-03-14,Active
CUST-00050,Margaret Evans,Acro Innovations,Retail & E-Commerce,margaret.evans50@acroinnovati.com,+1-429-224-4164,"Chicago, IL",2023-01-09,Inactive
CUST-00051,Stephanie Perez,Omni Partners,Financial Services & FinTech,stephanie.perez51@omnipartners.com,+1-560-856-9346,"Boston, MA",2024-03-22,Inactive
CUST-00052,Stephanie Baker,Horizon Innovations,SaaS & Cloud Software,stephanie.baker52@horizoninnov.com,+1-468-382-5349,"San Francisco, CA",2024-11-11,Churned
CUST-00053,John Miller,Elevate Global,Professional Services & Consulting,john.miller53@elevategloba.com,+1-522-646-9379,"Sydney, Australia",2024-05-13,Inactive
CUST-00054,Joseph Harris,Cognitive Systems,Retail & E-Commerce,joseph.harris54@cognitivesys.com,+1-926-646-1027,"New York, NY",2023-09-27,Inactive
CUST-00055,Margaret White,Pinnacle Solutions,Professional Services & Consulting,margaret.white55@pinnaclesolu.com,+1-522-879-3041,"London, UK",2025-11-10,At-Risk
CUST-00056,Joshua Allen,Prism Logistics,Telecommunications,joshua.allen56@prismlogisti.com,+1-613-502-3085,"Seattle, WA",2022-10-13,Inactive
CUST-00057,Matthew Clark,Aura Global,Healthcare & Life Sciences,matthew.clark57@auraglobal.com,+1-783-508-7653,"London, UK",2022-12-28,At-Risk
CUST-00058,James Martin,Prism Systems,Telecommunications,james.martin58@prismsystems.com,+1-822-870-6279,"London, UK",2025-04-04,Active
CUST-00059,Cynthia Lewis,Acro Logistics,Manufacturing & Industrial,cynthia.lewis59@acrologistic.com,+1-685-373-2389,"Toronto, Canada",2023-07-05,At-Risk
CUST-00060,Andrew Allen,Aura Logistics,Professional Services & Consulting,andrew.allen60@auralogistic.com,+1-970-440-6085,"San Francisco, CA",2026-01-20,At-Risk
CUST-00061,Mark Phillips,Stratosphere Dynamics,SaaS & Cloud Software,mark.phillips61@stratosphere.com,+1-451-686-2193,"New York, NY",2025-04-20,At-Risk
CUST-00062,Ryan Clark,Velocity Health,Manufacturing & Industrial,ryan.clark62@velocityheal.com,+1-914-593-9099,"Sydney, Australia",2022-12-12,Inactive
CUST-00063,Stephanie Thomas,Hyperion Logistics,SaaS & Cloud Software,stephanie.thomas63@hyperionlogi.com,+1-636-424-3881,"San Francisco, CA",2025-11-20,Churned
CUST-00064,Cynthia Brown,Horizon Systems,Financial Services & FinTech,cynthia.brown64@horizonsyste.com,+1-337-675-9702,"Atlanta, GA",2022-08-05,Inactive
CUST-00065,Kenneth Carter,Acro Health,Telecommunications,kenneth.carter65@acrohealth.com,+1-657-362-8777,"Toronto, Canada",2023-06-25,Active
CUST-00066,Laura Taylor,Starlight Systems,Retail & E-Commerce,laura.taylor66@starlightsys.com,+1-697-841-4919,"Toronto, Canada",2026-05-14,Active
CUST-00067,Kimberly Lewis,Vertex Digital,Retail & E-Commerce,kimberly.lewis67@vertexdigita.com,+1-479-543-6238,"Chicago, IL",2025-02-13,Active
CUST-00068,William Rodriguez,Hyperion Systems,Telecommunications,william.rodriguez68@hyperionsyst.com,+1-357-419-2052,"Sydney, Australia",2025-10-17,Churned
CUST-00069,Rebecca Clark,Aegis Capital,Media & Entertainment,rebecca.clark69@aegiscapital.com,+1-264-411-7883,"Denver, CO",2022-05-14,Inactive
CUST-00070,Deborah Roberts,Cognitive Digital,SaaS & Cloud Software,deborah.roberts70@cognitivedig.com,+1-590-688-1096,"London, UK",2026-03-26,At-Risk
CUST-00071,Amanda Martin,Starlight Global,Telecommunications,amanda.martin71@starlightglo.com,+1-966-759-4613,"Toronto, Canada",2025-01-28,Churned
CUST-00072,Gary Anderson,Omni Global,Media & Entertainment,gary.anderson72@omniglobal.com,+1-599-544-7624,"New York, NY",2023-08-28,At-Risk
CUST-00073,Nancy Turner,Acro Dynamics,SaaS & Cloud Software,nancy.turner73@acrodynamics.com,+1-807-777-1444,"Denver, CO",2021-10-31,At-Risk
CUST-00074,William Adams,Pinnacle Dynamics,Media & Entertainment,william.adams74@pinnacledyna.com,+1-252-466-7211,"Austin, TX",2026-01-27,Churned
CUST-00075,Michelle Wilson,Acro Innovations,Professional Services & Consulting,michelle.wilson75@acroinnovati.com,+1-485-631-5133,"Denver, CO",2023-11-12,Churned
CUST-00076,William Walker,Apex Digital,SaaS & Cloud Software,william.walker76@apexdigital.com,+1-430-865-2124,"Seattle, WA",2023-06-18,Churned
CUST-00077,Jennifer Carter,Apex Systems,Manufacturing & Industrial,jennifer.carter77@apexsystems.com,+1-837-356-4908,"New York, NY",2025-05-07,Churned
CUST-00078,Thomas Walker,Aura Solutions,Manufacturing & Industrial,thomas.walker78@aurasolution.com,+1-917-462-7043,"Atlanta, GA",2023-01-24,Inactive
CUST-00079,Nancy Hill,Elevate Digital,Financial Services & FinTech,nancy.hill79@elevatedigit.com,+1-519-310-1420,"Austin, TX",2023-02-16,At-Risk
CUST-00080,Donna Torres,Aura Global,Telecommunications,donna.torres80@auraglobal.com,+1-404-277-4978,"Sydney, Australia",2025-10-12,At-Risk
CUST-00081,Susan Hall,Starlight Enterprises,Financial Services & FinTech,susan.hall81@starlightent.com,+1-243-555-9728,"London, UK",2024-02-12,Inactive
CUST-00082,Jason Nelson,Catalyst Solutions,Professional Services & Consulting,jason.nelson82@catalystsolu.com,+1-631-701-2729,"New York, NY",2026-05-08,Active
CUST-00083,Sharon White,Velocity Partners,Media & Entertainment,sharon.white83@velocitypart.com,+1-357-645-3885,"Sydney, Australia",2025-12-06,At-Risk
CUST-00084,Paul Flores,Horizon Labs,Media & Entertainment,paul.flores84@horizonlabs.com,+1-647-806-5397,"Atlanta, GA",2024-11-28,Active
CUST-00085,Michelle Diaz,Vanguard Partners,Financial Services & FinTech,michelle.diaz85@vanguardpart.com,+1-662-449-8613,"Boston, MA",2025-02-12,Active
CUST-00086,Edward Perez,Apex Analytics,Professional Services & Consulting,edward.perez86@apexanalytic.com,+1-700-417-6813,"Austin, TX",2025-03-06,At-Risk
CUST-00087,Dorothy Perez,Omni Health,Retail & E-Commerce,dorothy.perez87@omnihealth.com,+1-211-729-4130,"Toronto, Canada",2025-07-16,Churned
CUST-00088,William Thomas,CoreTech Global,Media & Entertainment,william.thomas88@coretechglob.com,+1-977-446-8800,"Toronto, Canada",2026-01-10,At-Risk
CUST-00089,Gary Lewis,Apex Solutions,Retail & E-Commerce,gary.lewis89@apexsolution.com,+1-615-449-6016,"Chicago, IL",2023-11-18,Inactive
CUST-00090,Melissa Walker,Horizon Capital,Professional Services & Consulting,melissa.walker90@horizoncapit.com,+1-964-763-6419,"Denver, CO",2024-10-16,At-Risk
CUST-00091,Amanda Hall,Acro Enterprises,Retail & E-Commerce,amanda.hall91@acroenterpri.com,+1-437-323-4155,"Boston, MA",2023-06-08,Inactive
CUST-00092,Kenneth Davis,CoreTech Capital,Healthcare & Life Sciences,kenneth.davis92@coretechcapi.com,+1-422-695-5530,"Chicago, IL",2024-01-18,Churned
CUST-00093,Andrew Miller,Stratosphere Enterprises,Manufacturing & Industrial,andrew.miller93@stratosphere.com,+1-384-509-1231,"Seattle, WA",2024-01-10,Churned
CUST-00094,Thomas Moore,Nexus Technologies,Retail & E-Commerce,thomas.moore94@nexustechnol.com,+1-330-853-9042,"Sydney, Australia",2025-06-18,Active
CUST-00095,Susan Parker,Apex Health,Retail & E-Commerce,susan.parker95@apexhealth.com,+1-691-651-6582,"Atlanta, GA",2024-08-21,Churned
CUST-00096,Lisa Brown,Omni Partners,Media & Entertainment,lisa.brown96@omnipartners.com,+1-267-610-9056,"San Francisco, CA",2023-12-11,Active
CUST-00097,Elizabeth Torres,Velocity Logistics,SaaS & Cloud Software,elizabeth.torres97@velocitylogi.com,+1-353-776-5978,"Austin, TX",2026-01-08,At-Risk
CUST-00098,William Thomas,Quantum Capital,Telecommunications,william.thomas98@quantumcapit.com,+1-811-833-4697,"London, UK",2026-01-16,Active
CUST-00099,Edward Lewis,Acro Enterprises,Telecommunications,edward.lewis99@acroenterpri.com,+1-783-835-1986,"Boston, MA",2022-06-13,Active
CUST-00100,Richard Carter,Stratosphere Logistics,Manufacturing & Industrial,richard.carter100@stratosphere.com,+1-877-283-3573,"Boston, MA",2022-08-06,At-Risk
CUST-00101,Donald Lopez,Horizon Solutions,Healthcare & Life Sciences,donald.lopez101@horizonsolut.com,+1-619-661-8699,"New York, NY",2022-08-09,Inactive
CUST-00102,Emily Williams,Vanguard Enterprises,Retail & E-Commerce,emily.williams102@vanguardente.com,+1-665-272-4824,"Sydney, Australia",2026-06-21,Active
CUST-00103,Dorothy Gomez,Velocity Health,Manufacturing & Industrial,dorothy.gomez103@velocityheal.com,+1-318-757-4683,"Denver, CO",2023-07-04,Inactive
CUST-00104,Karen Moore,Hyperion Solutions,SaaS & Cloud Software,karen.moore104@hyperionsolu.com,+1-515-809-5728,"Austin, TX",2025-11-17,Active
CUST-00105,Jeffrey Davis,Acro Digital,Retail & E-Commerce,jeffrey.davis105@acrodigital.com,+1-613-478-9199,"Sydney, Australia",2024-01-24,Inactive
CUST-00106,Amy Lewis,Vertex Health,SaaS & Cloud Software,amy.lewis106@vertexhealth.com,+1-953-530-5102,"Denver, CO",2022-11-09,Active
CUST-00107,Patricia Garcia,Vanguard Logistics,SaaS & Cloud Software,patricia.garcia107@vanguardlogi.com,+1-476-790-1659,"Berlin, Germany",2024-02-22,At-Risk
CUST-00108,Daniel Walker,Solstice Logistics,Media & Entertainment,daniel.walker108@solsticelogi.com,+1-386-799-8141,"Boston, MA",2024-08-17,Churned
CUST-00109,Gary Garcia,Meridian Innovations,Telecommunications,gary.garcia109@meridianinno.com,+1-529-886-2713,"Seattle, WA",2026-04-08,At-Risk
CUST-00110,Christopher Perez,Pinnacle Digital,Media & Entertainment,christopher.perez110@pinnacledigi.com,+1-879-610-1601,"Boston, MA",2021-12-03,At-Risk
CUST-00111,Ryan Garcia,Aegis Enterprises,Professional Services & Consulting,ryan.garcia111@aegisenterpr.com,+1-614-726-1018,"San Francisco, CA",2023-02-14,At-Risk
CUST-00112,Cynthia Clark,Nexus Systems,Professional Services & Consulting,cynthia.clark112@nexussystems.com,+1-975-710-8242,"London, UK",2022-05-03,Active
CUST-00113,Michael Wilson,Omni Capital,Healthcare & Life Sciences,michael.wilson113@omnicapital.com,+1-649-696-2989,"Boston, MA",2026-03-06,At-Risk
CUST-00114,Patricia Green,Elevate Labs,Manufacturing & Industrial,patricia.green114@elevatelabs.com,+1-363-518-1224,"Sydney, Australia",2024-03-18,Churned
CUST-00115,Timothy Garcia,Vanguard Partners,Financial Services & FinTech,timothy.garcia115@vanguardpart.com,+1-321-863-3522,"Atlanta, GA",2026-04-19,Active
CUST-00116,Amy Rivera,Prism Capital,Retail & E-Commerce,amy.rivera116@prismcapital.com,+1-695-683-4993,"Denver, CO",2023-12-19,Inactive
CUST-00117,Ryan Scott,Hyperion Global,Manufacturing & Industrial,ryan.scott117@hyperionglob.com,+1-721-339-2143,"London, UK",2024-04-17,Churned
CUST-00118,Kimberly Roberts,Pinnacle Innovations,Retail & E-Commerce,kimberly.roberts118@pinnacleinno.com,+1-490-505-9022,"New York, NY",2024-07-09,Active
CUST-00119,Karen Lewis,Horizon Analytics,Professional Services & Consulting,karen.lewis119@horizonanaly.com,+1-766-756-7180,"Seattle, WA",2023-09-26,Inactive
CUST-00120,Ryan Lee,Stratosphere Digital,Manufacturing & Industrial,ryan.lee120@stratosphere.com,+1-593-439-7730,"London, UK",2026-02-27,Active
CUST-00121,Jennifer Lee,CoreTech Analytics,Telecommunications,jennifer.lee121@coretechanal.com,+1-880-867-3492,"Denver, CO",2023-05-24,Churned
CUST-00122,Amy Williams,Hyperion Capital,Professional Services & Consulting,amy.williams122@hyperioncapi.com,+1-651-302-9617,"San Francisco, CA",2023-09-22,Inactive
CUST-00123,Ryan Smith,CoreTech Dynamics,Telecommunications,ryan.smith123@coretechdyna.com,+1-359-276-8692,"Berlin, Germany",2026-05-19,Active
CUST-00124,Dorothy Perez,Elevate Digital,Telecommunications,dorothy.perez124@elevatedigit.com,+1-283-536-9742,"Berlin, Germany",2025-02-25,At-Risk
CUST-00125,Edward Lee,Velocity Digital,Media & Entertainment,edward.lee125@velocitydigi.com,+1-237-832-2121,"Toronto, Canada",2023-02-08,Inactive
CUST-00126,Donald Green,Aura Enterprises,Manufacturing & Industrial,donald.green126@auraenterpri.com,+1-293-644-2612,"Sydney, Australia",2024-04-12,Inactive
CUST-00127,Richard Lewis,Synapse Digital,Retail & E-Commerce,richard.lewis127@synapsedigit.com,+1-248-532-1919,"New York, NY",2024-09-15,Churned
CUST-00128,Emily Thompson,Catalyst Global,Healthcare & Life Sciences,emily.thompson128@catalystglob.com,+1-744-621-3950,"Chicago, IL",2024-02-10,Inactive
CUST-00129,Nancy Lopez,Vertex Health,Telecommunications,nancy.lopez129@vertexhealth.com,+1-900-446-9153,"London, UK",2024-11-05,Active
CUST-00130,Charles Anderson,Acro Logistics,Retail & E-Commerce,charles.anderson130@acrologistic.com,+1-462-882-1153,"Atlanta, GA",2026-01-07,At-Risk
CUST-00131,Cynthia Jackson,Aura Capital,Healthcare & Life Sciences,cynthia.jackson131@auracapital.com,+1-653-553-5901,"San Francisco, CA",2024-08-18,At-Risk
CUST-00132,Jason Hall,Omni Analytics,Retail & E-Commerce,jason.hall132@omnianalytic.com,+1-594-694-2747,"Chicago, IL",2024-09-03,Active
CUST-00133,Donald Harris,Cognitive Innovations,Retail & E-Commerce,donald.harris133@cognitiveinn.com,+1-503-222-7484,"Sydney, Australia",2023-04-27,Active
CUST-00134,Kimberly Smith,Cognitive Partners,SaaS & Cloud Software,kimberly.smith134@cognitivepar.com,+1-964-708-5689,"London, UK",2025-04-14,At-Risk
CUST-00135,Sandra Hill,Catalyst Systems,Manufacturing & Industrial,sandra.hill135@catalystsyst.com,+1-457-894-3240,"London, UK",2023-03-25,Inactive
CUST-00136,Richard Green,Velocity Technologies,Retail & E-Commerce,richard.green136@velocitytech.com,+1-235-793-6977,"Atlanta, GA",2024-06-24,At-Risk
CUST-00137,Thomas Garcia,Prism Innovations,Telecommunications,thomas.garcia137@prisminnovat.com,+1-406-335-9837,"Austin, TX",2026-06-23,Active
CUST-00138,George King,Solstice Enterprises,Healthcare & Life Sciences,george.king138@solsticeente.com,+1-694-502-6549,"Boston, MA",2024-06-04,Churned
CUST-00139,Joseph Robinson,Vertex Dynamics,Manufacturing & Industrial,joseph.robinson139@vertexdynami.com,+1-942-890-7511,"Berlin, Germany",2025-04-09,At-Risk
CUST-00140,George Garcia,Beacon Technologies,Retail & E-Commerce,george.garcia140@beacontechno.com,+1-327-665-7038,"Toronto, Canada",2025-01-24,Inactive
CUST-00141,Dorothy Nguyen,Beacon Partners,Professional Services & Consulting,dorothy.nguyen141@beaconpartne.com,+1-892-439-8724,"San Francisco, CA",2023-08-30,Inactive
CUST-00142,Patricia Flores,Horizon Innovations,Manufacturing & Industrial,patricia.flores142@horizoninnov.com,+1-265-850-8606,"Berlin, Germany",2025-02-28,Active
CUST-00143,Joshua Adams,Pinnacle Solutions,Healthcare & Life Sciences,joshua.adams143@pinnaclesolu.com,+1-239-511-9071,"New York, NY",2023-03-24,Inactive
CUST-00144,Joseph Miller,Vanguard Capital,Healthcare & Life Sciences,joseph.miller144@vanguardcapi.com,+1-665-579-9850,"Denver, CO",2025-09-22,At-Risk
CUST-00145,Rebecca Nguyen,CoreTech Digital,Healthcare & Life Sciences,rebecca.nguyen145@coretechdigi.com,+1-871-301-9017,"Denver, CO",2025-07-03,Active
CUST-00146,Timothy Moore,Nexus Digital,Professional Services & Consulting,timothy.moore146@nexusdigital.com,+1-655-655-4868,"Chicago, IL",2023-06-16,Active
CUST-00147,George Miller,Aura Innovations,Professional Services & Consulting,george.miller147@aurainnovati.com,+1-608-482-4109,"New York, NY",2025-09-07,At-Risk
CUST-00148,Jessica Diaz,Acro Solutions,Manufacturing & Industrial,jessica.diaz148@acrosolution.com,+1-855-811-1349,"Berlin, Germany",2026-04-05,Active
CUST-00149,Michael Gomez,Aegis Systems,Healthcare & Life Sciences,michael.gomez149@aegissystems.com,+1-411-270-4394,"London, UK",2024-11-14,At-Risk
CUST-00150,Betty Evans,Vanguard Innovations,Healthcare & Life Sciences,betty.evans150@vanguardinno.com,+1-203-483-3370,"London, UK",2025-09-21,Active
CUST-00151,Thomas Wright,Omni Labs,Healthcare & Life Sciences,thomas.wright151@omnilabs.com,+1-877-226-3159,"San Francisco, CA",2024-12-27,Inactive
CUST-00152,Mary Thompson,Vanguard Health,Professional Services & Consulting,mary.thompson152@vanguardheal.com,+1-379-471-1858,"New York, NY",2024-05-09,At-Risk
CUST-00153,Thomas Mitchell,Pinnacle Capital,Financial Services & FinTech,thomas.mitchell153@pinnaclecapi.com,+1-266-687-8344,"Sydney, Australia",2022-03-11,Inactive
CUST-00154,George Allen,Cognitive Solutions,Media & Entertainment,george.allen154@cognitivesol.com,+1-427-829-1710,"Toronto, Canada",2026-02-25,At-Risk
CUST-00155,Joshua Robinson,Velocity Technologies,SaaS & Cloud Software,joshua.robinson155@velocitytech.com,+1-612-636-2768,"Atlanta, GA",2024-01-08,Inactive
CUST-00156,Gary Rivera,Acro Solutions,Financial Services & FinTech,gary.rivera156@acrosolution.com,+1-823-351-2076,"Seattle, WA",2024-09-27,At-Risk
CUST-00157,Thomas Moore,Elevate Logistics,Professional Services & Consulting,thomas.moore157@elevatelogis.com,+1-812-743-5831,"Denver, CO",2025-07-01,At-Risk
CUST-00158,Ryan Allen,Elevate Global,Financial Services & FinTech,ryan.allen158@elevategloba.com,+1-318-870-4522,"Sydney, Australia",2024-07-24,Churned
CUST-00159,Sharon Lewis,Vanguard Global,Professional Services & Consulting,sharon.lewis159@vanguardglob.com,+1-609-625-2557,"Atlanta, GA",2023-07-04,Active
CUST-00160,Kenneth Ramirez,Aegis Logistics,Retail & E-Commerce,kenneth.ramirez160@aegislogisti.com,+1-357-685-2099,"Seattle, WA",2025-08-17,Churned
CUST-00161,Barbara Turner,Vertex Solutions,Telecommunications,barbara.turner161@vertexsoluti.com,+1-963-581-3131,"San Francisco, CA",2023-05-02,Inactive
CUST-00162,Linda Nguyen,Horizon Capital,Professional Services & Consulting,linda.nguyen162@horizoncapit.com,+1-326-620-6793,"Berlin, Germany",2025-10-21,Active
CUST-00163,Jason Parker,CoreTech Technologies,Retail & E-Commerce,jason.parker163@coretechtech.com,+1-520-560-2697,"London, UK",2025-08-31,At-Risk
CUST-00164,Betty Martinez,Aura Analytics,Manufacturing & Industrial,betty.martinez164@auraanalytic.com,+1-559-769-7022,"San Francisco, CA",2026-04-21,Active
CUST-00165,Joseph Carter,Omni Health,Manufacturing & Industrial,joseph.carter165@omnihealth.com,+1-775-836-1430,"Denver, CO",2024-10-25,Active
CUST-00166,Paul Johnson,Synapse Enterprises,Retail & E-Commerce,paul.johnson166@synapseenter.com,+1-560-206-3972,"Seattle, WA",2024-04-30,Churned
CUST-00167,Charles Torres,Aura Global,Financial Services & FinTech,charles.torres167@auraglobal.com,+1-959-848-1502,"Austin, TX",2025-10-26,Active
CUST-00168,Barbara Mitchell,Solstice Systems,Telecommunications,barbara.mitchell168@solsticesyst.com,+1-665-549-3578,"Denver, CO",2025-01-03,Active
CUST-00169,Melissa Martin,CoreTech Innovations,Financial Services & FinTech,melissa.martin169@coretechinno.com,+1-360-361-1815,"New York, NY",2024-06-02,Active
CUST-00170,William Moore,Acro Logistics,Telecommunications,william.moore170@acrologistic.com,+1-822-652-7785,"Atlanta, GA",2026-06-30,Active
CUST-00171,Paul Wilson,Starlight Capital,Financial Services & FinTech,paul.wilson171@starlightcap.com,+1-641-313-5640,"Seattle, WA",2025-07-18,Inactive
CUST-00172,Gary King,Aura Enterprises,SaaS & Cloud Software,gary.king172@auraenterpri.com,+1-605-813-1897,"Chicago, IL",2023-07-12,At-Risk
CUST-00173,James Wilson,Prism Systems,Healthcare & Life Sciences,james.wilson173@prismsystems.com,+1-497-535-2965,"Boston, MA",2025-09-15,Inactive
CUST-00174,James Young,CoreTech Global,Healthcare & Life Sciences,james.young174@coretechglob.com,+1-590-745-4770,"Austin, TX",2022-11-07,Inactive
CUST-00175,Amanda Jones,Beacon Partners,SaaS & Cloud Software,amanda.jones175@beaconpartne.com,+1-220-670-2275,"Denver, CO",2026-03-28,Active
CUST-00176,Kenneth Torres,Pinnacle Health,Telecommunications,kenneth.torres176@pinnacleheal.com,+1-856-627-5743,"Sydney, Australia",2021-11-23,At-Risk
CUST-00177,Joseph Sanchez,Apex Innovations,Healthcare & Life Sciences,joseph.sanchez177@apexinnovati.com,+1-672-570-2443,"London, UK",2026-03-25,Active
CUST-00178,Sharon Diaz,Quantum Systems,Telecommunications,sharon.diaz178@quantumsyste.com,+1-611-736-2288,"London, UK",2023-10-15,Inactive
CUST-00179,Ronald Parker,Prism Digital,Professional Services & Consulting,ronald.parker179@prismdigital.com,+1-542-372-2251,"Chicago, IL",2022-10-10,Inactive
CUST-00180,Joseph King,Solstice Systems,Professional Services & Consulting,joseph.king180@solsticesyst.com,+1-945-860-3419,"Seattle, WA",2022-11-15,At-Risk
CUST-00181,Donald Miller,Hyperion Enterprises,Manufacturing & Industrial,donald.miller181@hyperionente.com,+1-817-356-2234,"Austin, TX",2025-10-21,Inactive
CUST-00182,Daniel Roberts,Velocity Analytics,Media & Entertainment,daniel.roberts182@velocityanal.com,+1-979-793-8354,"London, UK",2023-09-26,Active
CUST-00183,Michelle Parker,Velocity Innovations,Healthcare & Life Sciences,michelle.parker183@velocityinno.com,+1-270-680-8245,"Atlanta, GA",2022-12-03,Inactive
CUST-00184,Joshua Gomez,Omni Health,SaaS & Cloud Software,joshua.gomez184@omnihealth.com,+1-720-275-6085,"Seattle, WA",2023-01-20,Inactive
CUST-00185,Cynthia Lewis,Nexus Technologies,Professional Services & Consulting,cynthia.lewis185@nexustechnol.com,+1-279-860-2479,"Boston, MA",2022-09-13,Inactive
CUST-00186,Deborah Robinson,Cognitive Capital,SaaS & Cloud Software,deborah.robinson186@cognitivecap.com,+1-786-867-4084,"Atlanta, GA",2026-04-26,Active
CUST-00187,Michelle Hill,Meridian Capital,Healthcare & Life Sciences,michelle.hill187@meridiancapi.com,+1-662-305-6626,"New York, NY",2023-10-02,Churned
CUST-00188,William Allen,Velocity Dynamics,SaaS & Cloud Software,william.allen188@velocitydyna.com,+1-925-648-8199,"Chicago, IL",2026-01-18,Active
CUST-00189,Christopher White,Catalyst Enterprises,Telecommunications,christopher.white189@catalystente.com,+1-547-895-1857,"Denver, CO",2025-07-17,Active
CUST-00190,Kevin Jones,Aegis Solutions,Telecommunications,kevin.jones190@aegissolutio.com,+1-459-872-3463,"Boston, MA",2025-06-01,At-Risk
CUST-00191,Kevin Garcia,Cognitive Logistics,Healthcare & Life Sciences,kevin.garcia191@cognitivelog.com,+1-518-871-7421,"Seattle, WA",2023-07-04,Inactive
CUST-00192,Thomas Hill,Zenith Solutions,Retail & E-Commerce,thomas.hill192@zenithsoluti.com,+1-586-858-6381,"Toronto, Canada",2023-02-26,Inactive
CUST-00193,Thomas Nelson,Zenith Partners,Financial Services & FinTech,thomas.nelson193@zenithpartne.com,+1-887-633-9331,"Berlin, Germany",2023-05-17,Inactive
CUST-00194,George Johnson,Catalyst Enterprises,Healthcare & Life Sciences,george.johnson194@catalystente.com,+1-550-697-4145,"Chicago, IL",2025-09-13,Active
CUST-00195,Mark Rodriguez,Hyperion Solutions,Retail & E-Commerce,mark.rodriguez195@hyperionsolu.com,+1-720-752-9626,"San Francisco, CA",2023-11-28,Inactive
CUST-00196,John Nelson,Aegis Labs,Healthcare & Life Sciences,john.nelson196@aegislabs.com,+1-586-357-3658,"London, UK",2025-03-28,At-Risk
CUST-00197,Lisa Turner,Zenith Labs,Healthcare & Life Sciences,lisa.turner197@zenithlabs.com,+1-649-244-7731,"Sydney, Australia",2023-11-01,Churned
CUST-00198,George Baker,CoreTech Systems,Media & Entertainment,george.baker198@coretechsyst.com,+1-492-659-4833,"London, UK",2023-12-19,Inactive
CUST-00199,Donald Martin,Meridian Partners,Manufacturing & Industrial,donald.martin199@meridianpart.com,+1-895-784-8218,"Seattle, WA",2025-09-30,Inactive
CUST-00200,Cynthia Roberts,Prism Labs,Telecommunications,cynthia.roberts200@prismlabs.com,+1-741-628-3655,"Toronto, Canada",2025-06-20,Churned
CUST-00201,Margaret Phillips,Elevate Dynamics,Retail & E-Commerce,margaret.phillips201@elevatedynam.com,+1-857-692-7081,"New York, NY",2026-01-17,Active
CUST-00202,Susan Rivera,Solstice Partners,Financial Services & FinTech,susan.rivera202@solsticepart.com,+1-286-364-5469,"Boston, MA",2024-04-25,Active
CUST-00203,Laura Allen,Hyperion Partners,Telecommunications,laura.allen203@hyperionpart.com,+1-428-661-6727,"San Francisco, CA",2022-11-27,At-Risk
CUST-00204,Patricia Clark,Nexus Global,Professional Services & Consulting,patricia.clark204@nexusglobal.com,+1-596-283-7142,"Chicago, IL",2024-07-15,Inactive
CUST-00205,Mark Johnson,Aegis Solutions,Professional Services & Consulting,mark.johnson205@aegissolutio.com,+1-341-239-5700,"Austin, TX",2026-04-15,Active
CUST-00206,Jacob Hall,Hyperion Labs,Media & Entertainment,jacob.hall206@hyperionlabs.com,+1-831-205-2298,"Atlanta, GA",2023-12-10,Active
CUST-00207,Robert Taylor,Stratosphere Partners,Healthcare & Life Sciences,robert.taylor207@stratosphere.com,+1-945-823-9647,"Toronto, Canada",2022-01-15,Inactive
CUST-00208,Jason Davis,Starlight Enterprises,Manufacturing & Industrial,jason.davis208@starlightent.com,+1-325-248-4906,"Boston, MA",2026-06-07,Active
CUST-00209,Rebecca Green,Elevate Analytics,Financial Services & FinTech,rebecca.green209@elevateanaly.com,+1-712-811-9782,"San Francisco, CA",2021-10-22,Active
CUST-00210,Robert Green,Solstice Health,Manufacturing & Industrial,robert.green210@solsticeheal.com,+1-348-498-8032,"Sydney, Australia",2021-10-10,Active
CUST-00211,James Flores,Catalyst Systems,Telecommunications,james.flores211@catalystsyst.com,+1-881-884-2402,"Austin, TX",2025-12-21,Active
CUST-00212,George Jones,Solstice Capital,SaaS & Cloud Software,george.jones212@solsticecapi.com,+1-682-244-7338,"Denver, CO",2025-12-02,At-Risk
CUST-00213,Melissa Taylor,CoreTech Technologies,Professional Services & Consulting,melissa.taylor213@coretechtech.com,+1-554-446-2698,"San Francisco, CA",2025-06-30,At-Risk
CUST-00214,Kevin Rodriguez,Nexus Innovations,Professional Services & Consulting,kevin.rodriguez214@nexusinnovat.com,+1-380-675-8840,"Berlin, Germany",2024-02-01,At-Risk
CUST-00215,Lisa Phillips,Hyperion Solutions,Media & Entertainment,lisa.phillips215@hyperionsolu.com,+1-501-406-1717,"New York, NY",2024-01-22,Churned
CUST-00216,Margaret Williams,Aegis Enterprises,Telecommunications,margaret.williams216@aegisenterpr.com,+1-685-459-1599,"Toronto, Canada",2024-03-09,Inactive
CUST-00217,Matthew Jackson,Catalyst Partners,SaaS & Cloud Software,matthew.jackson217@catalystpart.com,+1-540-479-3039,"Berlin, Germany",2024-06-26,Active
CUST-00218,Melissa Ramirez,Beacon Digital,Media & Entertainment,melissa.ramirez218@beacondigita.com,+1-548-391-9129,"Denver, CO",2024-12-26,Churned
CUST-00219,Amy White,Solstice Enterprises,Financial Services & FinTech,amy.white219@solsticeente.com,+1-635-280-8055,"Sydney, Australia",2025-10-31,Active
CUST-00220,Lisa Wright,Prism Innovations,Financial Services & FinTech,lisa.wright220@prisminnovat.com,+1-536-876-5843,"San Francisco, CA",2023-07-11,Churned
CUST-00221,Donna Lewis,Elevate Digital,Telecommunications,donna.lewis221@elevatedigit.com,+1-907-654-6759,"Austin, TX",2026-02-03,Active
CUST-00222,Laura Williams,CoreTech Partners,Professional Services & Consulting,laura.williams222@coretechpart.com,+1-646-481-1939,"London, UK",2026-01-29,At-Risk
CUST-00223,Elizabeth Nelson,Velocity Global,Professional Services & Consulting,elizabeth.nelson223@velocityglob.com,+1-968-895-3621,"Toronto, Canada",2024-05-27,Active
CUST-00224,Patricia Martinez,Elevate Logistics,Media & Entertainment,patricia.martinez224@elevatelogis.com,+1-330-268-4866,"New York, NY",2025-12-21,Active
CUST-00225,George White,Beacon Health,SaaS & Cloud Software,george.white225@beaconhealth.com,+1-358-895-8371,"London, UK",2023-03-23,Inactive
CUST-00226,Melissa White,Acro Labs,Financial Services & FinTech,melissa.white226@acrolabs.com,+1-341-742-7012,"London, UK",2025-07-06,At-Risk
CUST-00227,Ronald Lee,Velocity Enterprises,Manufacturing & Industrial,ronald.lee227@velocityente.com,+1-227-390-9176,"San Francisco, CA",2026-04-20,At-Risk
CUST-00228,Deborah Scott,Quantum Enterprises,Retail & E-Commerce,deborah.scott228@quantumenter.com,+1-657-419-5678,"Sydney, Australia",2026-04-03,Active
CUST-00229,Gary Gonzalez,Quantum Dynamics,Financial Services & FinTech,gary.gonzalez229@quantumdynam.com,+1-377-655-2438,"Atlanta, GA",2024-03-06,Inactive
CUST-00230,Kenneth Nelson,Catalyst Digital,Financial Services & FinTech,kenneth.nelson230@catalystdigi.com,+1-756-497-5914,"Toronto, Canada",2025-09-07,At-Risk
CUST-00231,Christopher Rivera,Zenith Digital,Healthcare & Life Sciences,christopher.rivera231@zenithdigita.com,+1-721-429-2988,"Seattle, WA",2026-02-07,Churned
CUST-00232,Margaret Gomez,Hyperion Systems,Media & Entertainment,margaret.gomez232@hyperionsyst.com,+1-570-767-7044,"New York, NY",2026-03-09,Active
CUST-00233,Cynthia Phillips,Horizon Dynamics,Financial Services & FinTech,cynthia.phillips233@horizondynam.com,+1-517-607-8842,"San Francisco, CA",2026-04-27,Active
CUST-00234,Timothy Roberts,Pinnacle Partners,Financial Services & FinTech,timothy.roberts234@pinnaclepart.com,+1-525-857-2215,"Austin, TX",2024-12-05,At-Risk
CUST-00235,Laura Robinson,Aura Capital,Professional Services & Consulting,laura.robinson235@auracapital.com,+1-765-855-3981,"Austin, TX",2025-09-12,Active
CUST-00236,Thomas Ramirez,Solstice Partners,SaaS & Cloud Software,thomas.ramirez236@solsticepart.com,+1-731-356-5982,"San Francisco, CA",2023-12-29,Churned
CUST-00237,Nancy Hernandez,Aegis Digital,Manufacturing & Industrial,nancy.hernandez237@aegisdigital.com,+1-732-490-2292,"Seattle, WA",2022-10-22,Inactive
CUST-00238,Steven Gonzalez,Velocity Capital,Retail & E-Commerce,steven.gonzalez238@velocitycapi.com,+1-841-510-9740,"Austin, TX",2024-08-10,Active
CUST-00239,Barbara Allen,Velocity Dynamics,Healthcare & Life Sciences,barbara.allen239@velocitydyna.com,+1-875-839-6531,"Austin, TX",2025-06-21,Active
CUST-00240,Jennifer Evans,Apex Solutions,SaaS & Cloud Software,jennifer.evans240@apexsolution.com,+1-791-471-4453,"Berlin, Germany",2024-10-08,At-Risk
CUST-00241,Rebecca Flores,Velocity Technologies,Media & Entertainment,rebecca.flores241@velocitytech.com,+1-759-496-5949,"Berlin, Germany",2022-08-22,Inactive
CUST-00242,Kathleen Thomas,Aura Global,Retail & E-Commerce,kathleen.thomas242@auraglobal.com,+1-275-261-3589,"Atlanta, GA",2023-04-09,Inactive
CUST-00243,Jeffrey Clark,Meridian Analytics,Manufacturing & Industrial,jeffrey.clark243@meridiananal.com,+1-822-347-6121,"Seattle, WA",2025-05-08,Inactive
CUST-00244,Kenneth Campbell,Catalyst Global,Healthcare & Life Sciences,kenneth.campbell244@catalystglob.com,+1-728-775-2739,"Seattle, WA",2024-01-05,At-Risk
CUST-00245,Kenneth Thomas,Acro Solutions,Retail & E-Commerce,kenneth.thomas245@acrosolution.com,+1-454-344-2586,"Atlanta, GA",2025-08-13,Active
CUST-00246,Michael Jackson,Beacon Partners,Telecommunications,michael.jackson246@beaconpartne.com,+1-364-535-6123,"Chicago, IL",2023-07-16,Inactive
CUST-00247,Matthew Carter,Synapse Analytics,Media & Entertainment,matthew.carter247@synapseanaly.com,+1-516-709-1379,"Atlanta, GA",2023-03-23,Inactive
CUST-00248,Barbara Sanchez,Solstice Analytics,Manufacturing & Industrial,barbara.sanchez248@solsticeanal.com,+1-798-561-1797,"Chicago, IL",2024-07-07,Inactive
CUST-00249,Michael Jackson,Meridian Health,Media & Entertainment,michael.jackson249@meridianheal.com,+1-750-208-2761,"Boston, MA",2024-03-06,Inactive
CUST-00250,Sharon Rodriguez,Omni Digital,Professional Services & Consulting,sharon.rodriguez250@omnidigital.com,+1-575-246-7563,"Denver, CO",2023-02-25,Inactive
CUST-00251,Michael Torres,Horizon Systems,Professional Services & Consulting,michael.torres251@horizonsyste.com,+1-496-275-7329,"Toronto, Canada",2022-10-13,Inactive
CUST-00252,Laura Carter,Horizon Enterprises,Financial Services & FinTech,laura.carter252@horizonenter.com,+1-300-603-7114,"Austin, TX",2023-08-23,Inactive
CUST-00253,Carol Scott,Catalyst Labs,Healthcare & Life Sciences,carol.scott253@catalystlabs.com,+1-817-721-7576,"Chicago, IL",2025-10-26,Inactive
CUST-00254,Jennifer Williams,Nexus Dynamics,Professional Services & Consulting,jennifer.williams254@nexusdynamic.com,+1-732-667-3440,"Atlanta, GA",2022-08-02,Inactive
CUST-00255,Sarah Lee,Elevate Innovations,Healthcare & Life Sciences,sarah.lee255@elevateinnov.com,+1-832-506-6511,"Denver, CO",2025-08-03,Active
CUST-00256,Gary Rivera,Cognitive Enterprises,Media & Entertainment,gary.rivera256@cognitiveent.com,+1-578-539-2795,"New York, NY",2025-10-15,Inactive
CUST-00257,Rebecca Nguyen,Prism Labs,SaaS & Cloud Software,rebecca.nguyen257@prismlabs.com,+1-686-471-4728,"London, UK",2023-12-20,Inactive
CUST-00258,Michael Nguyen,Meridian Dynamics,Telecommunications,michael.nguyen258@meridiandyna.com,+1-898-448-1517,"Austin, TX",2025-11-27,At-Risk
CUST-00259,Joseph Gonzalez,Apex Analytics,Professional Services & Consulting,joseph.gonzalez259@apexanalytic.com,+1-356-622-4340,"Denver, CO",2026-06-13,Active
CUST-00260,Timothy Allen,Starlight Health,Media & Entertainment,timothy.allen260@starlighthea.com,+1-945-263-3262,"Sydney, Australia",2025-08-06,Active
CUST-00261,Anthony Scott,Aegis Logistics,Media & Entertainment,anthony.scott261@aegislogisti.com,+1-586-521-3837,"Toronto, Canada",2026-02-27,Active
CUST-00262,Ryan Wright,Aegis Capital,Professional Services & Consulting,ryan.wright262@aegiscapital.com,+1-939-897-5331,"Berlin, Germany",2026-03-16,At-Risk
CUST-00263,Kathleen Gonzalez,Vanguard Enterprises,Retail & E-Commerce,kathleen.gonzalez263@vanguardente.com,+1-505-495-4396,"Chicago, IL",2023-02-27,Inactive
CUST-00264,Gary Lee,Meridian Innovations,Retail & E-Commerce,gary.lee264@meridianinno.com,+1-325-787-9899,"Boston, MA",2025-06-27,At-Risk
CUST-00265,Edward Sanchez,Catalyst Labs,Healthcare & Life Sciences,edward.sanchez265@catalystlabs.com,+1-244-494-2294,"Boston, MA",2023-12-01,Inactive
CUST-00266,Brian Lewis,Velocity Enterprises,Media & Entertainment,brian.lewis266@velocityente.com,+1-407-751-5442,"Chicago, IL",2026-01-20,Churned
CUST-00267,Paul Rodriguez,Quantum Health,Manufacturing & Industrial,paul.rodriguez267@quantumhealt.com,+1-252-885-9700,"Chicago, IL",2026-03-06,Active
CUST-00268,Mark Green,Vanguard Technologies,Financial Services & FinTech,mark.green268@vanguardtech.com,+1-539-683-2647,"Denver, CO",2023-12-18,Churned
CUST-00269,Sarah Smith,Horizon Dynamics,Telecommunications,sarah.smith269@horizondynam.com,+1-688-688-4267,"Berlin, Germany",2023-06-19,Inactive
CUST-00270,Andrew Lee,Prism Logistics,SaaS & Cloud Software,andrew.lee270@prismlogisti.com,+1-868-787-4804,"San Francisco, CA",2022-07-27,Active
CUST-00271,John Lopez,Pinnacle Partners,Healthcare & Life Sciences,john.lopez271@pinnaclepart.com,+1-607-707-4052,"New York, NY",2025-06-22,Churned
CUST-00272,Emily Williams,Apex Enterprises,Financial Services & FinTech,emily.williams272@apexenterpri.com,+1-492-665-9901,"Seattle, WA",2025-05-13,Churned
CUST-00273,Amy Rodriguez,Solstice Analytics,Retail & E-Commerce,amy.rodriguez273@solsticeanal.com,+1-316-538-3662,"Chicago, IL",2024-11-29,Inactive
CUST-00274,Ryan Adams,Omni Digital,Healthcare & Life Sciences,ryan.adams274@omnidigital.com,+1-955-545-5833,"New York, NY",2024-09-03,Inactive
CUST-00275,Matthew Lopez,Elevate Partners,Telecommunications,matthew.lopez275@elevatepartn.com,+1-728-535-2421,"Denver, CO",2026-05-10,Active
CUST-00276,Stephanie Nelson,Quantum Dynamics,Healthcare & Life Sciences,stephanie.nelson276@quantumdynam.com,+1-532-454-1111,"Atlanta, GA",2026-01-13,Active
CUST-00277,Dorothy Harris,Vanguard Analytics,Retail & E-Commerce,dorothy.harris277@vanguardanal.com,+1-510-796-1187,"Seattle, WA",2025-10-28,Churned
CUST-00278,Dorothy Adams,Catalyst Digital,Manufacturing & Industrial,dorothy.adams278@catalystdigi.com,+1-884-321-8625,"New York, NY",2026-01-01,Active
CUST-00279,Donna Hernandez,Beacon Logistics,Retail & E-Commerce,donna.hernandez279@beaconlogist.com,+1-321-854-5833,"Sydney, Australia",2023-07-09,Churned
CUST-00280,Melissa Flores,Vanguard Systems,Healthcare & Life Sciences,melissa.flores280@vanguardsyst.com,+1-357-665-7121,"Atlanta, GA",2025-07-31,Churned
CUST-00281,Rebecca Hall,Horizon Analytics,Manufacturing & Industrial,rebecca.hall281@horizonanaly.com,+1-897-810-2341,"Chicago, IL",2023-10-05,Inactive
CUST-00282,Laura King,Zenith Innovations,Financial Services & FinTech,laura.king282@zenithinnova.com,+1-315-263-9972,"London, UK",2025-11-15,At-Risk
CUST-00283,Margaret Torres,Horizon Dynamics,Healthcare & Life Sciences,margaret.torres283@horizondynam.com,+1-733-652-2904,"Seattle, WA",2022-09-27,Inactive
CUST-00284,Anthony Rivera,Cognitive Analytics,Financial Services & FinTech,anthony.rivera284@cognitiveana.com,+1-657-256-8429,"Toronto, Canada",2024-06-20,Active
CUST-00285,Thomas Allen,Pinnacle Analytics,SaaS & Cloud Software,thomas.allen285@pinnacleanal.com,+1-674-888-6049,"Toronto, Canada",2026-03-08,Active
CUST-00286,Robert Sanchez,Omni Partners,SaaS & Cloud Software,robert.sanchez286@omnipartners.com,+1-424-792-2196,"Sydney, Australia",2023-12-04,Active
CUST-00287,Jennifer Ramirez,Catalyst Digital,Financial Services & FinTech,jennifer.ramirez287@catalystdigi.com,+1-262-270-8734,"Toronto, Canada",2026-04-23,Active
CUST-00288,John Jackson,Pinnacle Dynamics,Healthcare & Life Sciences,john.jackson288@pinnacledyna.com,+1-947-861-7887,"Berlin, Germany",2025-08-09,Active
CUST-00289,Melissa Harris,Acro Partners,Telecommunications,melissa.harris289@acropartners.com,+1-283-899-9835,"Denver, CO",2023-07-29,Inactive
CUST-00290,Sarah Adams,Catalyst Solutions,Healthcare & Life Sciences,sarah.adams290@catalystsolu.com,+1-603-741-3086,"Toronto, Canada",2025-10-19,Active
CUST-00291,Mark Turner,Apex Labs,SaaS & Cloud Software,mark.turner291@apexlabs.com,+1-675-889-9920,"Boston, MA",2024-04-10,Inactive
CUST-00292,Jason Wright,Beacon Partners,Manufacturing & Industrial,jason.wright292@beaconpartne.com,+1-672-554-3541,"Chicago, IL",2024-04-11,Inactive
CUST-00293,Kimberly Gonzalez,CoreTech Labs,Financial Services & FinTech,kimberly.gonzalez293@coretechlabs.com,+1-877-629-1256,"New York, NY",2024-06-12,Churned
CUST-00294,Donald Wilson,Vertex Solutions,SaaS & Cloud Software,donald.wilson294@vertexsoluti.com,+1-813-888-1797,"Atlanta, GA",2024-02-18,Active
CUST-00295,Ashley Mitchell,Nexus Global,Media & Entertainment,ashley.mitchell295@nexusglobal.com,+1-753-422-1924,"Chicago, IL",2022-01-09,Inactive
CUST-00296,Sarah Allen,Prism Systems,Professional Services & Consulting,sarah.allen296@prismsystems.com,+1-813-888-6253,"London, UK",2025-10-31,Active
CUST-00297,Donald Martin,Hyperion Logistics,Manufacturing & Industrial,donald.martin297@hyperionlogi.com,+1-508-481-1998,"Denver, CO",2024-01-13,Churned
CUST-00298,Daniel Green,Aura Global,Media & Entertainment,daniel.green298@auraglobal.com,+1-553-858-7244,"New York, NY",2025-04-06,Active
CUST-00299,Kenneth Hall,Pinnacle Global,Healthcare & Life Sciences,kenneth.hall299@pinnacleglob.com,+1-586-388-9813,"Boston, MA",2025-12-19,Active
CUST-00300,Jacob Thomas,Vanguard Enterprises,Healthcare & Life Sciences,jacob.thomas300@vanguardente.com,+1-260-775-7761,"Atlanta, GA",2025-04-16,Active
CUST-00301,Rebecca Scott,Solstice Dynamics,Telecommunications,rebecca.scott301@solsticedyna.com,+1-462-408-6411,"Chicago, IL",2025-04-24,At-Risk
CUST-00302,William Lewis,Catalyst Solutions,Manufacturing & Industrial,william.lewis302@catalystsolu.com,+1-475-586-1647,"New York, NY",2025-11-30,Active
CUST-00303,Elizabeth Gonzalez,Starlight Health,Manufacturing & Industrial,elizabeth.gonzalez303@starlighthea.com,+1-414-540-5967,"Atlanta, GA",2025-09-22,Active
CUST-00304,Mary Wilson,Stratosphere Digital,Financial Services & FinTech,mary.wilson304@stratosphere.com,+1-973-690-4974,"Sydney, Australia",2025-12-20,Active
CUST-00305,Anthony Sanchez,Vanguard Capital,Professional Services & Consulting,anthony.sanchez305@vanguardcapi.com,+1-590-677-9743,"Boston, MA",2025-04-13,Churned
CUST-00306,Amanda Martin,Omni Innovations,Media & Entertainment,amanda.martin306@omniinnovati.com,+1-301-680-6246,"Atlanta, GA",2023-03-22,Inactive
CUST-00307,Anthony White,Aegis Global,SaaS & Cloud Software,anthony.white307@aegisglobal.com,+1-427-349-1265,"London, UK",2025-12-05,At-Risk
CUST-00308,Dorothy Scott,Cognitive Health,Telecommunications,dorothy.scott308@cognitivehea.com,+1-357-400-6404,"Boston, MA",2024-04-15,Active
CUST-00309,Sandra Harris,Cognitive Partners,Manufacturing & Industrial,sandra.harris309@cognitivepar.com,+1-764-870-6530,"Atlanta, GA",2023-12-09,Churned
CUST-00310,Steven Carter,Meridian Digital,Media & Entertainment,steven.carter310@meridiandigi.com,+1-373-560-3773,"Atlanta, GA",2022-11-09,Inactive
CUST-00311,Sarah Campbell,Horizon Analytics,Healthcare & Life Sciences,sarah.campbell311@horizonanaly.com,+1-858-260-9584,"Toronto, Canada",2022-09-14,At-Risk
CUST-00312,John Turner,Vertex Partners,SaaS & Cloud Software,john.turner312@vertexpartne.com,+1-623-340-4791,"New York, NY",2022-04-27,Inactive
CUST-00313,David Rivera,Hyperion Technologies,Manufacturing & Industrial,david.rivera313@hyperiontech.com,+1-667-582-1990,"Toronto, Canada",2025-02-08,At-Risk
CUST-00314,Kathleen Nelson,Meridian Technologies,SaaS & Cloud Software,kathleen.nelson314@meridiantech.com,+1-765-621-1194,"Toronto, Canada",2023-11-27,Inactive
CUST-00315,Robert King,CoreTech Enterprises,Retail & E-Commerce,robert.king315@coretechente.com,+1-715-890-8054,"New York, NY",2024-12-22,Churned
CUST-00316,Daniel Miller,Quantum Capital,Healthcare & Life Sciences,daniel.miller316@quantumcapit.com,+1-397-834-9625,"Chicago, IL",2025-12-05,Active
CUST-00317,Steven Evans,Catalyst Enterprises,Telecommunications,steven.evans317@catalystente.com,+1-583-615-8520,"San Francisco, CA",2022-08-15,At-Risk
CUST-00318,Ashley Hall,Vanguard Enterprises,Financial Services & FinTech,ashley.hall318@vanguardente.com,+1-866-232-2531,"Berlin, Germany",2022-03-02,Inactive
CUST-00319,Stephanie Harris,Beacon Capital,Media & Entertainment,stephanie.harris319@beaconcapita.com,+1-853-209-3807,"New York, NY",2023-11-12,Active
CUST-00320,William Young,Pinnacle Logistics,Professional Services & Consulting,william.young320@pinnaclelogi.com,+1-298-740-1697,"London, UK",2025-03-28,At-Risk
CUST-00321,Sandra Wilson,Zenith Health,Media & Entertainment,sandra.wilson321@zenithhealth.com,+1-248-276-5593,"Boston, MA",2026-06-24,Active
CUST-00322,John Lopez,Aegis Technologies,Manufacturing & Industrial,john.lopez322@aegistechnol.com,+1-348-607-2260,"London, UK",2025-12-29,Churned
CUST-00323,Joshua Hernandez,Cognitive Systems,Telecommunications,joshua.hernandez323@cognitivesys.com,+1-754-539-7288,"Berlin, Germany",2026-03-30,Active
CUST-00324,Sarah Gomez,Zenith Digital,Financial Services & FinTech,sarah.gomez324@zenithdigita.com,+1-964-554-1879,"Toronto, Canada",2023-10-20,Inactive
CUST-00325,Richard Ramirez,Vanguard Partners,Financial Services & FinTech,richard.ramirez325@vanguardpart.com,+1-820-828-7499,"Seattle, WA",2024-02-01,Inactive
CUST-00326,Michelle Johnson,Velocity Enterprises,Media & Entertainment,michelle.johnson326@velocityente.com,+1-434-564-7150,"Atlanta, GA",2023-07-18,Churned
CUST-00327,Sharon Lopez,Aura Health,Telecommunications,sharon.lopez327@aurahealth.com,+1-834-502-5037,"San Francisco, CA",2025-11-26,At-Risk
CUST-00328,Elizabeth Garcia,Omni Dynamics,Telecommunications,elizabeth.garcia328@omnidynamics.com,+1-850-357-7383,"Sydney, Australia",2026-06-16,Active
CUST-00329,Kenneth White,Quantum Solutions,SaaS & Cloud Software,kenneth.white329@quantumsolut.com,+1-656-568-5419,"Boston, MA",2024-07-25,At-Risk
CUST-00330,Susan Rodriguez,Vertex Dynamics,Telecommunications,susan.rodriguez330@vertexdynami.com,+1-771-768-9395,"Atlanta, GA",2023-05-25,Inactive
CUST-00331,Timothy Miller,Apex Solutions,Professional Services & Consulting,timothy.miller331@apexsolution.com,+1-296-811-6315,"Toronto, Canada",2024-03-04,Inactive
CUST-00332,Deborah Smith,Prism Global,Telecommunications,deborah.smith332@prismglobal.com,+1-943-772-4977,"San Francisco, CA",2025-09-05,Churned
CUST-00333,Nancy Baker,Beacon Dynamics,Healthcare & Life Sciences,nancy.baker333@beacondynami.com,+1-509-474-9079,"Boston, MA",2021-12-11,Inactive
CUST-00334,Charles Jones,Synapse Global,Retail & E-Commerce,charles.jones334@synapsegloba.com,+1-507-695-2260,"Denver, CO",2022-12-10,Inactive
CUST-00335,George Taylor,Vanguard Digital,Media & Entertainment,george.taylor335@vanguarddigi.com,+1-832-400-8501,"London, UK",2024-06-13,Active
CUST-00336,Susan Rodriguez,Prism Technologies,Telecommunications,susan.rodriguez336@prismtechnol.com,+1-836-589-6399,"Seattle, WA",2024-10-09,At-Risk
CUST-00337,Jeffrey Perez,Pinnacle Partners,Healthcare & Life Sciences,jeffrey.perez337@pinnaclepart.com,+1-529-817-4290,"Boston, MA",2024-06-21,Inactive
CUST-00338,Kathleen Lee,Synapse Global,Professional Services & Consulting,kathleen.lee338@synapsegloba.com,+1-953-848-9044,"Boston, MA",2025-06-04,Churned
CUST-00339,Ashley Lee,Beacon Enterprises,Telecommunications,ashley.lee339@beaconenterp.com,+1-317-777-4273,"Seattle, WA",2024-10-18,At-Risk
CUST-00340,Lisa Baker,Starlight Capital,SaaS & Cloud Software,lisa.baker340@starlightcap.com,+1-673-414-8183,"Sydney, Australia",2025-06-01,Active
CUST-00341,Emily Turner,Zenith Solutions,Telecommunications,emily.turner341@zenithsoluti.com,+1-712-342-5961,"Berlin, Germany",2023-08-11,Inactive
CUST-00342,Donald Taylor,Aura Dynamics,Telecommunications,donald.taylor342@auradynamics.com,+1-276-659-8851,"Denver, CO",2023-10-18,At-Risk
CUST-00343,Stephanie Wright,Solstice Partners,Telecommunications,stephanie.wright343@solsticepart.com,+1-238-568-9796,"Toronto, Canada",2022-06-27,At-Risk
CUST-00344,William Miller,Starlight Systems,Professional Services & Consulting,william.miller344@starlightsys.com,+1-863-827-1725,"Austin, TX",2025-11-22,Active
CUST-00345,Stephanie Carter,Aegis Labs,Telecommunications,stephanie.carter345@aegislabs.com,+1-211-300-5239,"San Francisco, CA",2023-03-18,Inactive
CUST-00346,Mark Allen,CoreTech Capital,Manufacturing & Industrial,mark.allen346@coretechcapi.com,+1-584-600-8586,"Atlanta, GA",2025-09-03,Active
CUST-00347,Karen Thompson,Apex Analytics,Financial Services & FinTech,karen.thompson347@apexanalytic.com,+1-626-287-2901,"Boston, MA",2025-06-18,Inactive
CUST-00348,Charles Thompson,Prism Innovations,Media & Entertainment,charles.thompson348@prisminnovat.com,+1-734-694-6706,"Chicago, IL",2023-12-29,Active
CUST-00349,Jacob Miller,Acro Digital,Media & Entertainment,jacob.miller349@acrodigital.com,+1-269-507-1732,"Seattle, WA",2022-10-08,Inactive
CUST-00350,Joseph Johnson,Aegis Logistics,Financial Services & FinTech,joseph.johnson350@aegislogisti.com,+1-369-449-9454,"Berlin, Germany",2026-04-07,Active
CUST-00351,Daniel Scott,Synapse Innovations,Telecommunications,daniel.scott351@synapseinnov.com,+1-438-614-4022,"Atlanta, GA",2025-11-29,Active
CUST-00352,Lisa Green,Aura Global,Telecommunications,lisa.green352@auraglobal.com,+1-956-828-4232,"New York, NY",2026-06-03,Active
CUST-00353,Laura Nguyen,Pinnacle Global,SaaS & Cloud Software,laura.nguyen353@pinnacleglob.com,+1-420-410-5560,"Sydney, Australia",2025-07-18,At-Risk
CUST-00354,David Torres,Quantum Labs,Healthcare & Life Sciences,david.torres354@quantumlabs.com,+1-534-401-8496,"Seattle, WA",2025-06-19,Active
CUST-00355,Joseph Taylor,Aura Partners,Media & Entertainment,joseph.taylor355@aurapartners.com,+1-855-520-7367,"Toronto, Canada",2024-02-27,Inactive
CUST-00356,Ronald Nguyen,Quantum Innovations,Professional Services & Consulting,ronald.nguyen356@quantuminnov.com,+1-833-376-5873,"Atlanta, GA",2026-02-21,At-Risk
CUST-00357,William Baker,Hyperion Innovations,Financial Services & FinTech,william.baker357@hyperioninno.com,+1-513-319-3999,"Chicago, IL",2025-05-12,Active
CUST-00358,Melissa Hall,Hyperion Capital,Telecommunications,melissa.hall358@hyperioncapi.com,+1-811-341-7286,"Denver, CO",2025-09-09,At-Risk
CUST-00359,Jason Lopez,Meridian Logistics,Healthcare & Life Sciences,jason.lopez359@meridianlogi.com,+1-371-701-5732,"Toronto, Canada",2022-08-22,Inactive
CUST-00360,Sarah Lopez,Aegis Partners,Media & Entertainment,sarah.lopez360@aegispartner.com,+1-255-567-1157,"London, UK",2025-07-10,Active
CUST-00361,Gary Rodriguez,Stratosphere Partners,Telecommunications,gary.rodriguez361@stratosphere.com,+1-718-868-9109,"Toronto, Canada",2024-08-15,Active
CUST-00362,Timothy Baker,Meridian Global,Media & Entertainment,timothy.baker362@meridianglob.com,+1-372-284-1505,"Atlanta, GA",2026-03-18,Active
CUST-00363,Mark Jackson,Nexus Enterprises,Manufacturing & Industrial,mark.jackson363@nexusenterpr.com,+1-496-372-8492,"Toronto, Canada",2026-02-02,Active
CUST-00364,Amy Scott,Solstice Solutions,Financial Services & FinTech,amy.scott364@solsticesolu.com,+1-757-575-9880,"Boston, MA",2025-08-11,Inactive
CUST-00365,Jennifer Carter,CoreTech Analytics,Manufacturing & Industrial,jennifer.carter365@coretechanal.com,+1-305-869-5055,"Denver, CO",2025-07-21,Inactive
CUST-00366,Joshua Parker,Nexus Analytics,Retail & E-Commerce,joshua.parker366@nexusanalyti.com,+1-290-649-2923,"Seattle, WA",2022-12-06,Inactive
CUST-00367,Donald Wilson,CoreTech Health,Professional Services & Consulting,donald.wilson367@coretechheal.com,+1-825-847-8015,"Sydney, Australia",2026-02-05,Inactive
CUST-00368,Nancy Flores,Hyperion Labs,Manufacturing & Industrial,nancy.flores368@hyperionlabs.com,+1-261-783-6747,"Chicago, IL",2026-04-20,At-Risk
CUST-00369,Kimberly Hill,Horizon Dynamics,Professional Services & Consulting,kimberly.hill369@horizondynam.com,+1-500-496-5380,"Sydney, Australia",2024-09-14,Active
CUST-00370,Richard Rodriguez,Starlight Labs,Telecommunications,richard.rodriguez370@starlightlab.com,+1-484-871-3078,"New York, NY",2024-04-29,At-Risk
CUST-00371,Thomas Thomas,Hyperion Digital,Professional Services & Consulting,thomas.thomas371@hyperiondigi.com,+1-980-892-7434,"Chicago, IL",2022-10-31,At-Risk
CUST-00372,Gary Martinez,Cognitive Logistics,Retail & E-Commerce,gary.martinez372@cognitivelog.com,+1-625-584-8405,"Berlin, Germany",2024-12-15,Active
CUST-00373,Elizabeth Green,Starlight Solutions,Telecommunications,elizabeth.green373@starlightsol.com,+1-968-484-7046,"Toronto, Canada",2022-01-25,Active
CUST-00374,Ryan Young,Aegis Health,SaaS & Cloud Software,ryan.young374@aegishealth.com,+1-296-669-6869,"Sydney, Australia",2026-07-01,Active
CUST-00375,David Gomez,Horizon Global,Manufacturing & Industrial,david.gomez375@horizongloba.com,+1-417-706-5399,"Denver, CO",2025-04-06,Active
CUST-00376,Michelle Turner,Prism Innovations,Healthcare & Life Sciences,michelle.turner376@prisminnovat.com,+1-697-551-1793,"London, UK",2026-03-22,At-Risk
CUST-00377,Jennifer Miller,Velocity Labs,Media & Entertainment,jennifer.miller377@velocitylabs.com,+1-328-361-8230,"New York, NY",2024-09-23,Churned
CUST-00378,Ryan Smith,Pinnacle Systems,Healthcare & Life Sciences,ryan.smith378@pinnaclesyst.com,+1-510-362-5489,"Berlin, Germany",2023-12-19,Active
CUST-00379,Barbara Adams,Catalyst Enterprises,Financial Services & FinTech,barbara.adams379@catalystente.com,+1-881-864-3711,"Seattle, WA",2024-04-28,Churned
CUST-00380,Michael Sanchez,Velocity Enterprises,Manufacturing & Industrial,michael.sanchez380@velocityente.com,+1-872-293-2559,"Denver, CO",2022-08-04,At-Risk
CUST-00381,James Wilson,Meridian Solutions,Healthcare & Life Sciences,james.wilson381@meridiansolu.com,+1-432-731-8291,"London, UK",2022-09-01,Active
CUST-00382,Mary Smith,Zenith Innovations,Financial Services & FinTech,mary.smith382@zenithinnova.com,+1-911-335-8826,"Denver, CO",2025-11-15,Active
CUST-00383,Elizabeth Anderson,Beacon Solutions,Financial Services & FinTech,elizabeth.anderson383@beaconsoluti.com,+1-521-576-5902,"San Francisco, CA",2026-04-07,Active
CUST-00384,Sarah Harris,Starlight Partners,Healthcare & Life Sciences,sarah.harris384@starlightpar.com,+1-894-346-2120,"Berlin, Germany",2023-06-24,Inactive
CUST-00385,Mary Flores,Velocity Dynamics,Media & Entertainment,mary.flores385@velocitydyna.com,+1-940-418-3480,"Seattle, WA",2025-03-26,Churned
CUST-00386,Timothy Flores,Aura Analytics,Manufacturing & Industrial,timothy.flores386@auraanalytic.com,+1-303-343-3017,"San Francisco, CA",2023-08-24,Churned
CUST-00387,Deborah Thompson,Pinnacle Innovations,Healthcare & Life Sciences,deborah.thompson387@pinnacleinno.com,+1-484-860-2380,"Chicago, IL",2024-06-11,Active
CUST-00388,Ashley Scott,Elevate Health,Retail & E-Commerce,ashley.scott388@elevatehealt.com,+1-228-874-5942,"Sydney, Australia",2025-06-07,Active
CUST-00389,Anthony King,Elevate Capital,Manufacturing & Industrial,anthony.king389@elevatecapit.com,+1-602-502-1894,"Sydney, Australia",2023-07-05,Churned
CUST-00390,Donald Young,Beacon Solutions,Manufacturing & Industrial,donald.young390@beaconsoluti.com,+1-854-808-2163,"Atlanta, GA",2025-03-27,Churned
CUST-00391,Mary White,Aegis Dynamics,Telecommunications,mary.white391@aegisdynamic.com,+1-631-574-9951,"London, UK",2023-02-28,Inactive
CUST-00392,Daniel Carter,Meridian Labs,Financial Services & FinTech,daniel.carter392@meridianlabs.com,+1-802-269-1225,"New York, NY",2024-03-23,Inactive
CUST-00393,Dorothy Wilson,Nexus Technologies,Telecommunications,dorothy.wilson393@nexustechnol.com,+1-494-843-9209,"Toronto, Canada",2024-09-22,At-Risk
CUST-00394,Rebecca Ramirez,Zenith Global,Financial Services & FinTech,rebecca.ramirez394@zenithglobal.com,+1-750-750-3501,"Berlin, Germany",2024-11-10,Churned
CUST-00395,Kimberly Garcia,Prism Solutions,Manufacturing & Industrial,kimberly.garcia395@prismsolutio.com,+1-750-534-7401,"Austin, TX",2024-02-09,Inactive
CUST-00396,David Martin,Zenith Global,Manufacturing & Industrial,david.martin396@zenithglobal.com,+1-451-288-8118,"New York, NY",2025-09-15,Inactive
CUST-00397,Joseph Robinson,Elevate Health,SaaS & Cloud Software,joseph.robinson397@elevatehealt.com,+1-883-873-3877,"Boston, MA",2022-12-17,Inactive
CUST-00398,Jessica Smith,Zenith Dynamics,SaaS & Cloud Software,jessica.smith398@zenithdynami.com,+1-709-555-9568,"Austin, TX",2024-04-25,Inactive
CUST-00399,Dorothy Hernandez,Catalyst Dynamics,Retail & E-Commerce,dorothy.hernandez399@catalystdyna.com,+1-321-230-6488,"Sydney, Australia",2025-08-18,Churned
CUST-00400,Jason Moore,Solstice Solutions,Retail & E-Commerce,jason.moore400@solsticesolu.com,+1-791-842-2262,"Sydney, Australia",2025-03-03,Churned
CUST-00401,Amy Robinson,Solstice Innovations,SaaS & Cloud Software,amy.robinson401@solsticeinno.com,+1-781-370-7024,"Atlanta, GA",2024-07-20,At-Risk
CUST-00402,Christopher Taylor,Starlight Solutions,Financial Services & FinTech,christopher.taylor402@starlightsol.com,+1-959-721-1042,"Chicago, IL",2024-12-17,Inactive
CUST-00403,Jennifer Diaz,Apex Systems,SaaS & Cloud Software,jennifer.diaz403@apexsystems.com,+1-573-592-3458,"Atlanta, GA",2025-08-15,Inactive
CUST-00404,Daniel Diaz,Nexus Capital,Telecommunications,daniel.diaz404@nexuscapital.com,+1-530-454-7819,"Chicago, IL",2025-07-02,Churned
CUST-00405,Kenneth Moore,Vertex Health,Professional Services & Consulting,kenneth.moore405@vertexhealth.com,+1-715-889-1862,"San Francisco, CA",2025-05-04,At-Risk
CUST-00406,Daniel Anderson,Solstice Technologies,Telecommunications,daniel.anderson406@solsticetech.com,+1-677-489-6090,"San Francisco, CA",2026-03-12,At-Risk
CUST-00407,Michelle Garcia,Horizon Analytics,SaaS & Cloud Software,michelle.garcia407@horizonanaly.com,+1-406-498-5979,"Seattle, WA",2023-08-02,Inactive
CUST-00408,Ashley Robinson,Catalyst Health,Media & Entertainment,ashley.robinson408@catalystheal.com,+1-951-759-5016,"Chicago, IL",2023-12-14,Active
CUST-00409,Karen Smith,Pinnacle Technologies,Manufacturing & Industrial,karen.smith409@pinnacletech.com,+1-555-851-1157,"Toronto, Canada",2025-01-27,Inactive
CUST-00410,Kevin Smith,Starlight Logistics,Telecommunications,kevin.smith410@starlightlog.com,+1-945-514-2703,"Sydney, Australia",2022-09-19,Active
CUST-00411,Anthony King,Vanguard Global,Media & Entertainment,anthony.king411@vanguardglob.com,+1-346-486-2524,"New York, NY",2023-10-08,Inactive
CUST-00412,Jennifer Anderson,Solstice Global,Professional Services & Consulting,jennifer.anderson412@solsticeglob.com,+1-966-286-2565,"Atlanta, GA",2026-04-25,At-Risk
CUST-00413,Sarah Green,Beacon Solutions,SaaS & Cloud Software,sarah.green413@beaconsoluti.com,+1-879-333-4879,"Denver, CO",2024-09-02,Inactive
CUST-00414,Emily Taylor,Aegis Labs,Telecommunications,emily.taylor414@aegislabs.com,+1-954-534-6211,"Sydney, Australia",2025-10-18,At-Risk
CUST-00415,Laura Moore,Vanguard Solutions,Manufacturing & Industrial,laura.moore415@vanguardsolu.com,+1-989-798-2785,"Austin, TX",2025-06-23,Active
CUST-00416,Karen Miller,Synapse Analytics,Media & Entertainment,karen.miller416@synapseanaly.com,+1-617-323-9780,"Seattle, WA",2025-01-03,At-Risk
CUST-00417,Amanda Roberts,Stratosphere Analytics,Retail & E-Commerce,amanda.roberts417@stratosphere.com,+1-472-322-2481,"Atlanta, GA",2024-02-16,Inactive
CUST-00418,Christopher Phillips,Aura Enterprises,SaaS & Cloud Software,christopher.phillips418@auraenterpri.com,+1-536-351-2494,"Chicago, IL",2023-04-21,At-Risk
CUST-00419,Ashley Thompson,Beacon Capital,SaaS & Cloud Software,ashley.thompson419@beaconcapita.com,+1-507-466-3848,"Berlin, Germany",2025-12-16,At-Risk
CUST-00420,Patricia Sanchez,Acro Capital,Manufacturing & Industrial,patricia.sanchez420@acrocapital.com,+1-674-304-3290,"San Francisco, CA",2024-08-20,Churned
CUST-00421,Jessica Smith,Nexus Partners,Manufacturing & Industrial,jessica.smith421@nexuspartner.com,+1-403-610-7098,"Austin, TX",2023-10-29,Churned
CUST-00422,William Nguyen,Cognitive Enterprises,Financial Services & FinTech,william.nguyen422@cognitiveent.com,+1-267-402-8265,"New York, NY",2025-12-06,Churned
CUST-00423,Thomas Garcia,Aegis Solutions,SaaS & Cloud Software,thomas.garcia423@aegissolutio.com,+1-252-372-8096,"Atlanta, GA",2024-09-16,Active
CUST-00424,Ronald Young,Apex Global,Telecommunications,ronald.young424@apexglobal.com,+1-563-419-4066,"Austin, TX",2024-12-19,Inactive
CUST-00425,Kimberly Moore,Acro Dynamics,SaaS & Cloud Software,kimberly.moore425@acrodynamics.com,+1-835-831-5026,"London, UK",2024-07-30,At-Risk
CUST-00426,Emily Young,Pinnacle Capital,Media & Entertainment,emily.young426@pinnaclecapi.com,+1-290-486-7275,"New York, NY",2025-12-17,At-Risk
CUST-00427,Sarah Clark,Stratosphere Logistics,Manufacturing & Industrial,sarah.clark427@stratosphere.com,+1-757-219-7266,"Berlin, Germany",2025-05-05,At-Risk
CUST-00428,Amanda Walker,Horizon Labs,Media & Entertainment,amanda.walker428@horizonlabs.com,+1-780-714-6269,"Seattle, WA",2023-05-16,Inactive
CUST-00429,Deborah Moore,Synapse Technologies,Professional Services & Consulting,deborah.moore429@synapsetechn.com,+1-425-230-5602,"London, UK",2023-03-02,Inactive
CUST-00430,Linda Phillips,Meridian Capital,Professional Services & Consulting,linda.phillips430@meridiancapi.com,+1-439-363-2640,"London, UK",2025-04-06,Active
CUST-00431,Ashley Nelson,Vanguard Enterprises,SaaS & Cloud Software,ashley.nelson431@vanguardente.com,+1-790-597-6813,"Chicago, IL",2022-02-16,Active
CUST-00432,Daniel Lopez,Vanguard Health,Professional Services & Consulting,daniel.lopez432@vanguardheal.com,+1-915-567-1462,"Sydney, Australia",2024-01-12,Churned
CUST-00433,Amanda Torres,Cognitive Dynamics,Manufacturing & Industrial,amanda.torres433@cognitivedyn.com,+1-756-516-3876,"Atlanta, GA",2026-04-23,Active
CUST-00434,Gary Williams,Vertex Technologies,Manufacturing & Industrial,gary.williams434@vertextechno.com,+1-425-220-9625,"London, UK",2025-09-18,Active
CUST-00435,Kathleen Smith,Aegis Health,Manufacturing & Industrial,kathleen.smith435@aegishealth.com,+1-549-381-6301,"Austin, TX",2022-11-26,At-Risk
CUST-00436,Linda Johnson,Hyperion Health,Healthcare & Life Sciences,linda.johnson436@hyperionheal.com,+1-739-573-2188,"San Francisco, CA",2025-05-01,Churned
CUST-00437,Melissa Rivera,Aura Global,Financial Services & FinTech,melissa.rivera437@auraglobal.com,+1-510-530-3235,"Seattle, WA",2022-05-23,At-Risk
CUST-00438,Christopher Campbell,Pinnacle Labs,Media & Entertainment,christopher.campbell438@pinnaclelabs.com,+1-525-378-6846,"Berlin, Germany",2025-10-04,Churned
CUST-00439,Mark Nelson,Cognitive Partners,Healthcare & Life Sciences,mark.nelson439@cognitivepar.com,+1-515-501-3086,"Denver, CO",2025-09-01,Churned
CUST-00440,Daniel Campbell,Apex Digital,Telecommunications,daniel.campbell440@apexdigital.com,+1-234-386-6213,"London, UK",2024-07-15,Active
CUST-00441,Mark Green,Cognitive Solutions,Media & Entertainment,mark.green441@cognitivesol.com,+1-540-279-4899,"Austin, TX",2023-07-28,Inactive
CUST-00442,Brian Lee,Synapse Logistics,Financial Services & FinTech,brian.lee442@synapselogis.com,+1-887-854-6500,"Sydney, Australia",2024-08-23,Inactive
CUST-00443,Laura Smith,Omni Systems,Manufacturing & Industrial,laura.smith443@omnisystems.com,+1-270-558-5205,"Sydney, Australia",2024-07-16,Active
CUST-00444,Susan Campbell,Apex Technologies,Telecommunications,susan.campbell444@apextechnolo.com,+1-951-629-3725,"Atlanta, GA",2026-03-09,Active
CUST-00445,Timothy Young,Beacon Innovations,Telecommunications,timothy.young445@beaconinnova.com,+1-691-791-4695,"San Francisco, CA",2023-11-15,Churned
CUST-00446,Christopher Lewis,Vertex Labs,SaaS & Cloud Software,christopher.lewis446@vertexlabs.com,+1-221-526-5278,"Boston, MA",2025-01-06,Inactive
CUST-00447,Susan Jones,Aegis Dynamics,Telecommunications,susan.jones447@aegisdynamic.com,+1-950-276-9962,"Austin, TX",2024-07-23,Inactive
CUST-00448,Barbara Perez,Elevate Health,Media & Entertainment,barbara.perez448@elevatehealt.com,+1-232-641-3703,"Sydney, Australia",2023-10-31,Churned
CUST-00449,Sharon Hernandez,Nexus Solutions,Professional Services & Consulting,sharon.hernandez449@nexussolutio.com,+1-395-619-9849,"Chicago, IL",2025-12-05,Active
CUST-00450,Dorothy Nelson,Prism Enterprises,Manufacturing & Industrial,dorothy.nelson450@prismenterpr.com,+1-251-602-9043,"San Francisco, CA",2024-01-16,Active
CUST-00451,Karen Brown,Catalyst Technologies,Telecommunications,karen.brown451@catalysttech.com,+1-502-877-8869,"San Francisco, CA",2023-12-15,Churned
CUST-00452,Margaret Miller,Apex Systems,Healthcare & Life Sciences,margaret.miller452@apexsystems.com,+1-499-283-8758,"Berlin, Germany",2025-07-19,At-Risk
CUST-00453,Joseph Martin,Beacon Analytics,Media & Entertainment,joseph.martin453@beaconanalyt.com,+1-472-293-9914,"Berlin, Germany",2022-10-05,At-Risk
CUST-00454,Deborah Lopez,Catalyst Global,Professional Services & Consulting,deborah.lopez454@catalystglob.com,+1-657-245-5313,"Austin, TX",2026-01-27,Inactive
CUST-00455,Jeffrey Robinson,Omni Systems,Retail & E-Commerce,jeffrey.robinson455@omnisystems.com,+1-264-354-2584,"London, UK",2024-04-20,Active
CUST-00456,William Nelson,Catalyst Labs,Telecommunications,william.nelson456@catalystlabs.com,+1-433-766-1999,"London, UK",2023-02-09,Inactive
CUST-00457,Deborah Evans,Solstice Global,Media & Entertainment,deborah.evans457@solsticeglob.com,+1-442-687-5896,"London, UK",2024-07-23,Active
CUST-00458,William Sanchez,Zenith Technologies,Healthcare & Life Sciences,william.sanchez458@zenithtechno.com,+1-976-659-3832,"San Francisco, CA",2023-09-20,At-Risk
CUST-00459,Nancy Wilson,Stratosphere Dynamics,SaaS & Cloud Software,nancy.wilson459@stratosphere.com,+1-281-899-8133,"Denver, CO",2025-03-27,At-Risk
CUST-00460,Margaret Evans,Velocity Dynamics,Retail & E-Commerce,margaret.evans460@velocitydyna.com,+1-945-268-2425,"Seattle, WA",2025-06-05,Active
CUST-00461,Deborah Scott,Beacon Capital,Professional Services & Consulting,deborah.scott461@beaconcapita.com,+1-733-669-1202,"Boston, MA",2024-04-25,Active
CUST-00462,Rebecca Davis,Pinnacle Dynamics,Healthcare & Life Sciences,rebecca.davis462@pinnacledyna.com,+1-803-796-2641,"London, UK",2025-07-18,Active
CUST-00463,Susan Torres,Starlight Solutions,Retail & E-Commerce,susan.torres463@starlightsol.com,+1-553-620-5327,"Toronto, Canada",2025-09-20,Churned
CUST-00464,Deborah Adams,Meridian Health,Media & Entertainment,deborah.adams464@meridianheal.com,+1-377-482-7602,"New York, NY",2025-07-20,Active
CUST-00465,Charles Flores,Elevate Logistics,Telecommunications,charles.flores465@elevatelogis.com,+1-606-539-4892,"New York, NY",2025-12-04,Inactive
CUST-00466,Michael Mitchell,Meridian Enterprises,Professional Services & Consulting,michael.mitchell466@meridianente.com,+1-546-510-6094,"New York, NY",2025-12-07,At-Risk
CUST-00467,Kimberly Turner,Meridian Partners,Financial Services & FinTech,kimberly.turner467@meridianpart.com,+1-338-507-8259,"Chicago, IL",2023-12-23,At-Risk
CUST-00468,Michelle Moore,CoreTech Global,Financial Services & FinTech,michelle.moore468@coretechglob.com,+1-653-416-7671,"Chicago, IL",2026-04-01,At-Risk
CUST-00469,Gary Carter,Solstice Partners,Professional Services & Consulting,gary.carter469@solsticepart.com,+1-728-362-2075,"New York, NY",2026-02-27,Active
CUST-00470,Donna Rivera,Solstice Global,Healthcare & Life Sciences,donna.rivera470@solsticeglob.com,+1-783-229-3846,"Toronto, Canada",2023-01-24,Inactive
CUST-00471,Matthew Turner,Stratosphere Partners,SaaS & Cloud Software,matthew.turner471@stratosphere.com,+1-234-667-1828,"Chicago, IL",2025-10-16,Active
CUST-00472,George Rivera,Stratosphere Enterprises,Professional Services & Consulting,george.rivera472@stratosphere.com,+1-718-606-3029,"Atlanta, GA",2024-05-30,Inactive
CUST-00473,Patricia Thomas,Catalyst Analytics,Media & Entertainment,patricia.thomas473@catalystanal.com,+1-686-800-6730,"Austin, TX",2025-09-01,Active
CUST-00474,Brian Hernandez,Omni Digital,Financial Services & FinTech,brian.hernandez474@omnidigital.com,+1-229-595-1813,"Boston, MA",2024-10-09,Inactive
CUST-00475,Christopher Diaz,Cognitive Labs,Manufacturing & Industrial,christopher.diaz475@cognitivelab.com,+1-863-430-4387,"Chicago, IL",2026-03-15,Active
CUST-00476,Paul Adams,Pinnacle Capital,SaaS & Cloud Software,paul.adams476@pinnaclecapi.com,+1-210-685-3167,"Berlin, Germany",2025-07-01,Inactive
CUST-00477,Daniel Hill,Apex Systems,Retail & E-Commerce,daniel.hill477@apexsystems.com,+1-513-858-5511,"London, UK",2024-08-16,At-Risk
CUST-00478,Jason Harris,Catalyst Analytics,Retail & E-Commerce,jason.harris478@catalystanal.com,+1-678-509-9530,"Chicago, IL",2026-03-27,At-Risk
CUST-00479,Ronald Nguyen,Quantum Technologies,Professional Services & Consulting,ronald.nguyen479@quantumtechn.com,+1-863-808-5631,"Toronto, Canada",2022-10-28,Inactive
CUST-00480,Joshua Baker,Quantum Analytics,Financial Services & FinTech,joshua.baker480@quantumanaly.com,+1-484-855-6327,"Seattle, WA",2026-03-23,Active
CUST-00481,Kimberly Taylor,Velocity Digital,Retail & E-Commerce,kimberly.taylor481@velocitydigi.com,+1-354-729-4937,"Chicago, IL",2025-06-14,At-Risk
CUST-00482,Linda Phillips,Elevate Global,Professional Services & Consulting,linda.phillips482@elevategloba.com,+1-344-226-9148,"Berlin, Germany",2025-09-26,Active
CUST-00483,Emily Taylor,Pinnacle Global,Telecommunications,emily.taylor483@pinnacleglob.com,+1-237-797-4111,"Sydney, Australia",2023-07-03,Inactive
CUST-00484,Carol Campbell,Zenith Systems,Media & Entertainment,carol.campbell484@zenithsystem.com,+1-568-719-5918,"Berlin, Germany",2025-12-25,Active
CUST-00485,Nancy Turner,Aura Capital,Healthcare & Life Sciences,nancy.turner485@auracapital.com,+1-300-682-3096,"Boston, MA",2026-05-14,Active
CUST-00486,Dorothy Campbell,Horizon Labs,Healthcare & Life Sciences,dorothy.campbell486@horizonlabs.com,+1-544-870-2463,"Berlin, Germany",2025-11-06,Inactive
CUST-00487,Mark Thompson,Vanguard Digital,Retail & E-Commerce,mark.thompson487@vanguarddigi.com,+1-540-580-5269,"Denver, CO",2023-03-22,Inactive
CUST-00488,Emily Robinson,Quantum Analytics,SaaS & Cloud Software,emily.robinson488@quantumanaly.com,+1-798-794-2166,"Berlin, Germany",2023-10-08,Inactive
CUST-00489,Jacob Gonzalez,Solstice Solutions,Telecommunications,jacob.gonzalez489@solsticesolu.com,+1-506-623-1885,"Toronto, Canada",2025-09-19,Inactive
CUST-00490,Karen Rodriguez,Stratosphere Innovations,Telecommunications,karen.rodriguez490@stratosphere.com,+1-669-346-6183,"London, UK",2025-10-17,Inactive
CUST-00491,Lisa Roberts,Vertex Analytics,Professional Services & Consulting,lisa.roberts491@vertexanalyt.com,+1-382-520-1950,"Berlin, Germany",2026-05-25,Active
CUST-00492,James Lewis,Omni Systems,Healthcare & Life Sciences,james.lewis492@omnisystems.com,+1-983-362-9021,"London, UK",2026-01-21,At-Risk
CUST-00493,Barbara Rodriguez,Elevate Global,Telecommunications,barbara.rodriguez493@elevategloba.com,+1-640-688-7280,"Denver, CO",2025-01-18,Active
CUST-00494,James Williams,Horizon Systems,Professional Services & Consulting,james.williams494@horizonsyste.com,+1-530-743-4122,"New York, NY",2023-07-22,Active
CUST-00495,Robert Baker,Apex Logistics,Manufacturing & Industrial,robert.baker495@apexlogistic.com,+1-911-552-6113,"Chicago, IL",2023-08-31,Inactive
CUST-00496,Thomas Miller,Beacon Capital,Retail & E-Commerce,thomas.miller496@beaconcapita.com,+1-267-246-5885,"Austin, TX",2023-10-08,Active
CUST-00497,Emily Robinson,CoreTech Capital,Professional Services & Consulting,emily.robinson497@coretechcapi.com,+1-904-337-6615,"Denver, CO",2025-11-28,At-Risk
CUST-00498,Gary Thompson,Starlight Systems,Healthcare & Life Sciences,gary.thompson498@starlightsys.com,+1-220-433-4675,"Denver, CO",2023-02-05,Active
CUST-00499,Thomas Wilson,CoreTech Technologies,Healthcare & Life Sciences,thomas.wilson499@coretechtech.com,+1-576-866-1612,"San Francisco, CA",2022-09-03,Inactive
CUST-00500,Edward Green,Omni Labs,SaaS & Cloud Software,edward.green500@omnilabs.com,+1-250-877-2771,"London, UK",2025-10-11,Inactive
CUST-00501,Robert Brown,Zenith Solutions,Telecommunications,robert.brown501@zenithsoluti.com,+1-590-326-9966,"Atlanta, GA",2025-10-16,Active
CUST-00502,Steven Walker,Zenith Dynamics,Manufacturing & Industrial,steven.walker502@zenithdynami.com,+1-903-845-1152,"Sydney, Australia",2025-10-23,Active
CUST-00503,Joshua Clark,Aura Solutions,Retail & E-Commerce,joshua.clark503@aurasolution.com,+1-821-340-7862,"London, UK",2025-09-06,At-Risk
CUST-00504,Susan Allen,CoreTech Health,Financial Services & FinTech,susan.allen504@coretechheal.com,+1-317-308-9154,"Boston, MA",2025-06-02,Churned
CUST-00505,Margaret Hill,Stratosphere Labs,Retail & E-Commerce,margaret.hill505@stratosphere.com,+1-407-566-7713,"Toronto, Canada",2025-10-18,Inactive
CUST-00506,Emily Hernandez,Nexus Capital,Media & Entertainment,emily.hernandez506@nexuscapital.com,+1-905-692-6416,"Chicago, IL",2023-04-03,Active
CUST-00507,Donald Smith,Apex Logistics,Financial Services & FinTech,donald.smith507@apexlogistic.com,+1-788-885-9095,"San Francisco, CA",2026-04-18,At-Risk
CUST-00508,Karen Garcia,Starlight Capital,Financial Services & FinTech,karen.garcia508@starlightcap.com,+1-941-303-5192,"Sydney, Australia",2023-09-10,Churned
CUST-00509,Sandra Robinson,Prism Enterprises,Media & Entertainment,sandra.robinson509@prismenterpr.com,+1-303-378-1646,"New York, NY",2024-05-18,Inactive
CUST-00510,Emily White,Aura Innovations,Telecommunications,emily.white510@aurainnovati.com,+1-319-297-1751,"Sydney, Australia",2024-12-03,Churned
CUST-00511,Mary Diaz,Hyperion Logistics,Healthcare & Life Sciences,mary.diaz511@hyperionlogi.com,+1-567-648-5395,"Seattle, WA",2026-04-05,Active
CUST-00512,Barbara White,Aegis Dynamics,Financial Services & FinTech,barbara.white512@aegisdynamic.com,+1-610-667-5453,"Denver, CO",2025-06-11,At-Risk
CUST-00513,Deborah Hall,Meridian Labs,Telecommunications,deborah.hall513@meridianlabs.com,+1-371-315-3171,"Berlin, Germany",2025-03-05,Inactive
CUST-00514,Linda Diaz,Synapse Solutions,Telecommunications,linda.diaz514@synapsesolut.com,+1-695-782-8178,"London, UK",2024-09-13,Inactive
CUST-00515,Lisa Flores,Beacon Labs,Professional Services & Consulting,lisa.flores515@beaconlabs.com,+1-230-333-8914,"London, UK",2024-07-08,At-Risk
CUST-00516,Gary Davis,Pinnacle Analytics,SaaS & Cloud Software,gary.davis516@pinnacleanal.com,+1-468-870-6148,"San Francisco, CA",2024-05-22,Inactive
CUST-00517,Mary Rivera,Aura Capital,Manufacturing & Industrial,mary.rivera517@auracapital.com,+1-547-731-9570,"Berlin, Germany",2025-11-16,Active
CUST-00518,Richard Ramirez,Aura Digital,Manufacturing & Industrial,richard.ramirez518@auradigital.com,+1-555-879-7305,"Atlanta, GA",2023-07-01,Churned
CUST-00519,Karen Turner,Horizon Health,SaaS & Cloud Software,karen.turner519@horizonhealt.com,+1-859-360-9283,"New York, NY",2025-09-29,Inactive
CUST-00520,Jacob Diaz,Meridian Partners,Healthcare & Life Sciences,jacob.diaz520@meridianpart.com,+1-970-703-6253,"San Francisco, CA",2022-11-20,Active
CUST-00521,Donald Perez,Omni Technologies,Manufacturing & Industrial,donald.perez521@omnitechnolo.com,+1-859-587-7607,"Toronto, Canada",2025-09-05,At-Risk
CUST-00522,Donald Garcia,Acro Analytics,Media & Entertainment,donald.garcia522@acroanalytic.com,+1-711-657-6178,"San Francisco, CA",2026-05-04,At-Risk
CUST-00523,Jessica Young,CoreTech Logistics,SaaS & Cloud Software,jessica.young523@coretechlogi.com,+1-614-622-1587,"San Francisco, CA",2024-10-07,Inactive
CUST-00524,James Evans,Vertex Labs,Retail & E-Commerce,james.evans524@vertexlabs.com,+1-776-411-8474,"Toronto, Canada",2025-05-19,Churned
CUST-00525,Carol White,Nexus Partners,Manufacturing & Industrial,carol.white525@nexuspartner.com,+1-540-773-8751,"Atlanta, GA",2025-01-16,Churned
CUST-00526,George Rivera,Acro Solutions,Financial Services & FinTech,george.rivera526@acrosolution.com,+1-428-202-6592,"Berlin, Germany",2023-05-23,At-Risk
CUST-00527,Amanda Turner,Velocity Labs,Retail & E-Commerce,amanda.turner527@velocitylabs.com,+1-735-582-2741,"Toronto, Canada",2024-12-02,At-Risk
CUST-00528,Jennifer Hernandez,Meridian Dynamics,Telecommunications,jennifer.hernandez528@meridiandyna.com,+1-461-825-4209,"San Francisco, CA",2023-05-14,Inactive
CUST-00529,Matthew Davis,Beacon Systems,Media & Entertainment,matthew.davis529@beaconsystem.com,+1-934-546-2765,"Chicago, IL",2024-09-20,Active
CUST-00530,Rebecca Williams,Velocity Partners,Financial Services & FinTech,rebecca.williams530@velocitypart.com,+1-669-874-9260,"Atlanta, GA",2025-03-29,Inactive
CUST-00531,Sarah Young,Apex Capital,SaaS & Cloud Software,sarah.young531@apexcapital.com,+1-644-799-8912,"Toronto, Canada",2026-01-31,Churned
CUST-00532,Daniel Hall,Cognitive Dynamics,Healthcare & Life Sciences,daniel.hall532@cognitivedyn.com,+1-597-873-6273,"San Francisco, CA",2023-06-03,Inactive
CUST-00533,Deborah Clark,Elevate Digital,Manufacturing & Industrial,deborah.clark533@elevatedigit.com,+1-608-551-5819,"Boston, MA",2024-10-09,Inactive
CUST-00534,Laura Phillips,Hyperion Dynamics,Telecommunications,laura.phillips534@hyperiondyna.com,+1-917-724-5897,"London, UK",2026-04-05,Active
CUST-00535,Kenneth Rivera,CoreTech Capital,Manufacturing & Industrial,kenneth.rivera535@coretechcapi.com,+1-415-839-5760,"Chicago, IL",2024-08-22,Churned
CUST-00536,Brian Baker,Hyperion Digital,Healthcare & Life Sciences,brian.baker536@hyperiondigi.com,+1-756-852-6281,"Toronto, Canada",2023-09-20,Inactive
CUST-00537,Joseph Carter,Catalyst Capital,Media & Entertainment,joseph.carter537@catalystcapi.com,+1-785-883-7839,"London, UK",2024-02-18,Churned
CUST-00538,Andrew Diaz,Pinnacle Labs,SaaS & Cloud Software,andrew.diaz538@pinnaclelabs.com,+1-310-225-7240,"Toronto, Canada",2024-11-27,Inactive
CUST-00539,Charles Brown,Aura Technologies,Manufacturing & Industrial,charles.brown539@auratechnolo.com,+1-969-364-5695,"Boston, MA",2024-07-28,At-Risk
CUST-00540,Steven Martinez,Nexus Digital,Retail & E-Commerce,steven.martinez540@nexusdigital.com,+1-972-754-1529,"Chicago, IL",2022-11-20,Active
CUST-00541,Amanda Evans,Acro Solutions,Manufacturing & Industrial,amanda.evans541@acrosolution.com,+1-863-774-7371,"Sydney, Australia",2024-02-21,Inactive
CUST-00542,Donald Allen,Zenith Enterprises,SaaS & Cloud Software,donald.allen542@zenithenterp.com,+1-597-626-6122,"Denver, CO",2025-06-26,Inactive
CUST-00543,Michael Smith,CoreTech Enterprises,Manufacturing & Industrial,michael.smith543@coretechente.com,+1-654-430-7025,"London, UK",2023-11-24,At-Risk
CUST-00544,Margaret Roberts,CoreTech Systems,Retail & E-Commerce,margaret.roberts544@coretechsyst.com,+1-382-899-2220,"Atlanta, GA",2025-08-08,Inactive
CUST-00545,Lisa Lopez,CoreTech Capital,Financial Services & FinTech,lisa.lopez545@coretechcapi.com,+1-242-638-5572,"Denver, CO",2026-02-01,Active
CUST-00546,Dorothy Rodriguez,Synapse Health,Retail & E-Commerce,dorothy.rodriguez546@synapsehealt.com,+1-539-677-3536,"New York, NY",2023-04-12,At-Risk
CUST-00547,Jennifer Martinez,Aegis Health,SaaS & Cloud Software,jennifer.martinez547@aegishealth.com,+1-831-877-5934,"Berlin, Germany",2024-02-08,Active
CUST-00548,Gary Gomez,Cognitive Capital,Professional Services & Consulting,gary.gomez548@cognitivecap.com,+1-925-525-9608,"San Francisco, CA",2025-08-24,At-Risk
CUST-00549,Mark Lopez,Solstice Solutions,Healthcare & Life Sciences,mark.lopez549@solsticesolu.com,+1-757-749-7609,"Denver, CO",2025-08-12,At-Risk
CUST-00550,Barbara Thompson,Vanguard Systems,Professional Services & Consulting,barbara.thompson550@vanguardsyst.com,+1-570-500-4579,"Seattle, WA",2024-07-29,Churned
CUST-00551,Jacob Scott,Starlight Logistics,SaaS & Cloud Software,jacob.scott551@starlightlog.com,+1-885-554-8301,"San Francisco, CA",2026-04-13,Active
CUST-00552,Donald Adams,Elevate Health,Manufacturing & Industrial,donald.adams552@elevatehealt.com,+1-899-528-7248,"New York, NY",2023-08-13,Inactive
CUST-00553,Joseph Harris,Omni Capital,Retail & E-Commerce,joseph.harris553@omnicapital.com,+1-730-583-9426,"New York, NY",2025-09-14,At-Risk
CUST-00554,Laura Young,Nexus Enterprises,Manufacturing & Industrial,laura.young554@nexusenterpr.com,+1-727-284-2572,"Seattle, WA",2026-03-23,Active
CUST-00555,Nancy Roberts,Horizon Capital,SaaS & Cloud Software,nancy.roberts555@horizoncapit.com,+1-268-415-4492,"Berlin, Germany",2024-12-15,Inactive
CUST-00556,Jason Turner,Quantum Systems,Telecommunications,jason.turner556@quantumsyste.com,+1-274-357-1389,"Berlin, Germany",2024-11-04,Inactive
CUST-00557,Ryan Rivera,Aegis Technologies,Financial Services & FinTech,ryan.rivera557@aegistechnol.com,+1-256-382-5127,"San Francisco, CA",2023-10-05,Active
CUST-00558,Elizabeth Torres,Vanguard Enterprises,Telecommunications,elizabeth.torres558@vanguardente.com,+1-662-845-7626,"Denver, CO",2025-07-12,Active
CUST-00559,Sharon Lee,Apex Global,Financial Services & FinTech,sharon.lee559@apexglobal.com,+1-207-856-2036,"Toronto, Canada",2024-05-27,Churned
CUST-00560,Jennifer Hall,Vertex Innovations,Financial Services & FinTech,jennifer.hall560@vertexinnova.com,+1-903-508-2417,"Boston, MA",2026-03-21,Active
CUST-00561,Andrew Carter,Acro Global,Telecommunications,andrew.carter561@acroglobal.com,+1-232-685-3561,"Berlin, Germany",2024-10-07,Churned
CUST-00562,Mark Rodriguez,CoreTech Global,Retail & E-Commerce,mark.rodriguez562@coretechglob.com,+1-348-505-7113,"Berlin, Germany",2024-03-03,Active
CUST-00563,Mary Scott,Horizon Dynamics,Financial Services & FinTech,mary.scott563@horizondynam.com,+1-206-786-7456,"New York, NY",2023-02-28,Active
CUST-00564,William Martin,Stratosphere Digital,Professional Services & Consulting,william.martin564@stratosphere.com,+1-623-861-9397,"Chicago, IL",2023-03-22,Active
CUST-00565,Charles Hernandez,Synapse Systems,Retail & E-Commerce,charles.hernandez565@synapsesyste.com,+1-318-385-1891,"Chicago, IL",2024-02-10,Active
CUST-00566,Cynthia Adams,Horizon Solutions,Retail & E-Commerce,cynthia.adams566@horizonsolut.com,+1-269-456-2608,"Berlin, Germany",2026-05-30,Active
CUST-00567,Margaret Campbell,Cognitive Analytics,Professional Services & Consulting,margaret.campbell567@cognitiveana.com,+1-332-887-4842,"Seattle, WA",2024-12-11,At-Risk
CUST-00568,Richard Jackson,Elevate Solutions,Manufacturing & Industrial,richard.jackson568@elevatesolut.com,+1-698-661-6379,"Seattle, WA",2026-05-19,At-Risk
CUST-00569,Donna Hall,Cognitive Dynamics,Professional Services & Consulting,donna.hall569@cognitivedyn.com,+1-639-372-1079,"Seattle, WA",2025-10-04,Inactive
CUST-00570,Kenneth Thomas,Vanguard Digital,Telecommunications,kenneth.thomas570@vanguarddigi.com,+1-569-337-6432,"Boston, MA",2023-12-05,At-Risk
CUST-00571,Kathleen Robinson,Acro Innovations,Retail & E-Commerce,kathleen.robinson571@acroinnovati.com,+1-765-311-3879,"Atlanta, GA",2025-10-10,Active
CUST-00572,William Turner,Omni Partners,Healthcare & Life Sciences,william.turner572@omnipartners.com,+1-402-469-2252,"Toronto, Canada",2024-03-11,Churned
CUST-00573,Elizabeth Johnson,Solstice Logistics,SaaS & Cloud Software,elizabeth.johnson573@solsticelogi.com,+1-793-614-4485,"London, UK",2026-02-09,At-Risk
CUST-00574,John Scott,Omni Capital,Media & Entertainment,john.scott574@omnicapital.com,+1-353-574-7430,"Berlin, Germany",2025-08-13,Active
CUST-00575,Mark Roberts,Cognitive Digital,Retail & E-Commerce,mark.roberts575@cognitivedig.com,+1-676-713-9362,"Austin, TX",2025-05-03,Inactive
CUST-00576,Barbara Sanchez,Catalyst Capital,SaaS & Cloud Software,barbara.sanchez576@catalystcapi.com,+1-445-828-3717,"Berlin, Germany",2023-09-30,Inactive
CUST-00577,Sarah Lewis,Synapse Dynamics,Healthcare & Life Sciences,sarah.lewis577@synapsedynam.com,+1-950-695-6878,"Sydney, Australia",2025-01-13,Active
CUST-00578,Jennifer Anderson,Starlight Analytics,Manufacturing & Industrial,jennifer.anderson578@starlightana.com,+1-471-578-4834,"San Francisco, CA",2023-09-06,Inactive
CUST-00579,Jennifer Nelson,Stratosphere Capital,Professional Services & Consulting,jennifer.nelson579@stratosphere.com,+1-681-665-1760,"Denver, CO",2023-10-11,Active
CUST-00580,Jennifer Adams,Aegis Solutions,Retail & E-Commerce,jennifer.adams580@aegissolutio.com,+1-470-792-9918,"Sydney, Australia",2025-09-18,At-Risk
CUST-00581,Daniel Harris,Velocity Global,Professional Services & Consulting,daniel.harris581@velocityglob.com,+1-870-279-9465,"London, UK",2026-04-16,Active
CUST-00582,Steven Harris,Vanguard Capital,Telecommunications,steven.harris582@vanguardcapi.com,+1-554-698-8898,"Seattle, WA",2025-12-10,Inactive
CUST-00583,James Allen,Hyperion Analytics,Healthcare & Life Sciences,james.allen583@hyperionanal.com,+1-279-726-5600,"Chicago, IL",2023-09-07,At-Risk
CUST-00584,Betty Martinez,Synapse Dynamics,Professional Services & Consulting,betty.martinez584@synapsedynam.com,+1-935-321-4773,"London, UK",2025-09-01,At-Risk
CUST-00585,Rebecca Phillips,Aegis Digital,Financial Services & FinTech,rebecca.phillips585@aegisdigital.com,+1-892-690-8848,"Atlanta, GA",2026-01-21,Active
CUST-00586,Anthony Nguyen,Synapse Logistics,Telecommunications,anthony.nguyen586@synapselogis.com,+1-450-244-3095,"New York, NY",2023-07-18,At-Risk
CUST-00587,Christopher Rodriguez,Velocity Capital,SaaS & Cloud Software,christopher.rodriguez587@velocitycapi.com,+1-351-257-3725,"London, UK",2022-07-13,At-Risk
CUST-00588,Dorothy Lopez,Solstice Global,SaaS & Cloud Software,dorothy.lopez588@solsticeglob.com,+1-946-877-5644,"Sydney, Australia",2025-09-11,Active
CUST-00589,William Wilson,Acro Health,Media & Entertainment,william.wilson589@acrohealth.com,+1-375-424-7730,"Atlanta, GA",2024-05-08,Active
CUST-00590,Charles Gomez,Cognitive Partners,Healthcare & Life Sciences,charles.gomez590@cognitivepar.com,+1-876-723-5333,"London, UK",2022-09-27,Inactive
CUST-00591,Nancy Campbell,Aura Innovations,Media & Entertainment,nancy.campbell591@aurainnovati.com,+1-805-270-4765,"London, UK",2022-03-13,Active
CUST-00592,Edward Harris,Hyperion Solutions,SaaS & Cloud Software,edward.harris592@hyperionsolu.com,+1-736-716-7877,"Chicago, IL",2026-05-29,Active
CUST-00593,Karen Hill,Quantum Dynamics,Media & Entertainment,karen.hill593@quantumdynam.com,+1-815-239-9706,"London, UK",2024-08-24,Active
CUST-00594,Jessica Garcia,Meridian Logistics,Healthcare & Life Sciences,jessica.garcia594@meridianlogi.com,+1-753-201-8069,"London, UK",2024-10-17,Active
CUST-00595,Rebecca White,Nexus Digital,Telecommunications,rebecca.white595@nexusdigital.com,+1-694-590-6742,"Chicago, IL",2025-08-01,Inactive
CUST-00596,Richard Ramirez,Hyperion Enterprises,Media & Entertainment,richard.ramirez596@hyperionente.com,+1-286-490-9908,"Chicago, IL",2024-09-23,At-Risk
CUST-00597,Timothy Taylor,Stratosphere Technologies,SaaS & Cloud Software,timothy.taylor597@stratosphere.com,+1-736-320-9515,"London, UK",2025-07-12,At-Risk
CUST-00598,James Harris,Velocity Systems,Professional Services & Consulting,james.harris598@velocitysyst.com,+1-571-309-3535,"Denver, CO",2025-05-09,Active
CUST-00599,Jason Adams,Cognitive Enterprises,Retail & E-Commerce,jason.adams599@cognitiveent.com,+1-634-778-6990,"Toronto, Canada",2022-01-26,At-Risk
CUST-00600,Kimberly Baker,Beacon Labs,Manufacturing & Industrial,kimberly.baker600@beaconlabs.com,+1-766-770-8904,"Denver, CO",2025-08-30,Active
CUST-00601,Daniel White,Horizon Capital,Media & Entertainment,daniel.white601@horizoncapit.com,+1-515-791-6641,"Boston, MA",2025-01-18,Active
CUST-00602,Ronald Mitchell,Hyperion Partners,Financial Services & FinTech,ronald.mitchell602@hyperionpart.com,+1-436-657-3650,"Sydney, Australia",2024-07-12,At-Risk
CUST-00603,Richard Wilson,Solstice Global,Professional Services & Consulting,richard.wilson603@solsticeglob.com,+1-829-253-3633,"Toronto, Canada",2024-08-29,Active
CUST-00604,Deborah Green,Apex Labs,Financial Services & FinTech,deborah.green604@apexlabs.com,+1-683-814-8133,"Austin, TX",2021-10-10,At-Risk
CUST-00605,Barbara Jones,Omni Systems,Professional Services & Consulting,barbara.jones605@omnisystems.com,+1-824-238-7296,"San Francisco, CA",2023-05-07,Inactive
CUST-00606,Stephanie Flores,Velocity Capital,Retail & E-Commerce,stephanie.flores606@velocitycapi.com,+1-812-258-3871,"Sydney, Australia",2026-03-30,Active
CUST-00607,Amy Lewis,Apex Systems,Retail & E-Commerce,amy.lewis607@apexsystems.com,+1-235-813-9364,"Chicago, IL",2025-05-16,Inactive
CUST-00608,Sandra Flores,Synapse Logistics,SaaS & Cloud Software,sandra.flores608@synapselogis.com,+1-445-870-1004,"Seattle, WA",2026-04-26,Active
CUST-00609,Christopher Garcia,Omni Labs,Telecommunications,christopher.garcia609@omnilabs.com,+1-886-604-7642,"Seattle, WA",2026-04-05,Active
CUST-00610,Margaret King,Apex Digital,Financial Services & FinTech,margaret.king610@apexdigital.com,+1-763-491-6703,"San Francisco, CA",2026-04-10,Active
CUST-00611,Brian Evans,Omni Systems,Manufacturing & Industrial,brian.evans611@omnisystems.com,+1-614-788-1076,"Atlanta, GA",2023-09-13,Active
CUST-00612,Dorothy Lopez,Pinnacle Capital,Financial Services & FinTech,dorothy.lopez612@pinnaclecapi.com,+1-275-715-5821,"Toronto, Canada",2025-03-15,Churned
CUST-00613,Carol Davis,Solstice Enterprises,Retail & E-Commerce,carol.davis613@solsticeente.com,+1-654-586-8923,"Sydney, Australia",2025-11-03,Active
CUST-00614,Ashley Carter,Aegis Labs,Media & Entertainment,ashley.carter614@aegislabs.com,+1-672-800-1448,"Berlin, Germany",2022-11-05,Inactive
CUST-00615,Kathleen Davis,Omni Solutions,Telecommunications,kathleen.davis615@omnisolution.com,+1-426-893-4767,"Berlin, Germany",2025-02-10,Inactive
CUST-00616,Kenneth Clark,Catalyst Capital,SaaS & Cloud Software,kenneth.clark616@catalystcapi.com,+1-470-454-5706,"Sydney, Australia",2026-02-23,Inactive
CUST-00617,Barbara Sanchez,Aura Digital,Professional Services & Consulting,barbara.sanchez617@auradigital.com,+1-768-382-8807,"San Francisco, CA",2025-05-14,Active
CUST-00618,Kenneth Thompson,Stratosphere Health,Retail & E-Commerce,kenneth.thompson618@stratosphere.com,+1-965-899-4115,"Austin, TX",2025-10-09,At-Risk
CUST-00619,Amy Mitchell,Stratosphere Systems,Manufacturing & Industrial,amy.mitchell619@stratosphere.com,+1-412-434-4322,"Boston, MA",2023-10-03,Churned
CUST-00620,Ashley Turner,Elevate Innovations,Healthcare & Life Sciences,ashley.turner620@elevateinnov.com,+1-323-280-9071,"San Francisco, CA",2023-09-27,Churned
CUST-00621,James Carter,Horizon Technologies,Media & Entertainment,james.carter621@horizontechn.com,+1-836-522-9066,"Seattle, WA",2023-04-04,Active
CUST-00622,Kimberly Young,Synapse Labs,Retail & E-Commerce,kimberly.young622@synapselabs.com,+1-428-790-3101,"Denver, CO",2024-05-10,At-Risk
CUST-00623,Michael King,Pinnacle Analytics,SaaS & Cloud Software,michael.king623@pinnacleanal.com,+1-556-603-3863,"Toronto, Canada",2023-04-14,Inactive
CUST-00624,Ryan Davis,Zenith Capital,Media & Entertainment,ryan.davis624@zenithcapita.com,+1-906-208-1193,"Seattle, WA",2026-01-15,At-Risk
CUST-00625,Anthony Harris,Cognitive Solutions,Professional Services & Consulting,anthony.harris625@cognitivesol.com,+1-828-465-4066,"Seattle, WA",2025-10-07,Active
CUST-00626,Dorothy Thomas,Omni Analytics,Professional Services & Consulting,dorothy.thomas626@omnianalytic.com,+1-389-710-7945,"Seattle, WA",2023-08-03,At-Risk
CUST-00627,Anthony Clark,Zenith Labs,Professional Services & Consulting,anthony.clark627@zenithlabs.com,+1-611-486-8384,"Seattle, WA",2022-09-12,At-Risk
CUST-00628,Lisa Torres,Hyperion Health,Manufacturing & Industrial,lisa.torres628@hyperionheal.com,+1-939-476-4863,"San Francisco, CA",2026-01-13,Churned
CUST-00629,Sharon Diaz,Beacon Systems,Healthcare & Life Sciences,sharon.diaz629@beaconsystem.com,+1-354-684-1159,"Sydney, Australia",2022-11-09,Inactive
CUST-00630,Daniel Clark,Meridian Dynamics,Professional Services & Consulting,daniel.clark630@meridiandyna.com,+1-508-456-1781,"Atlanta, GA",2024-03-13,At-Risk
CUST-00631,Ronald Miller,Zenith Dynamics,SaaS & Cloud Software,ronald.miller631@zenithdynami.com,+1-461-687-2577,"Chicago, IL",2024-12-08,Churned
CUST-00632,Laura Mitchell,Aegis Enterprises,Professional Services & Consulting,laura.mitchell632@aegisenterpr.com,+1-774-770-5222,"Seattle, WA",2026-02-24,Inactive
CUST-00633,Brian Johnson,Pinnacle Solutions,Professional Services & Consulting,brian.johnson633@pinnaclesolu.com,+1-821-403-9821,"Berlin, Germany",2026-05-03,Active
CUST-00634,Daniel Roberts,Prism Innovations,Professional Services & Consulting,daniel.roberts634@prisminnovat.com,+1-723-699-8322,"Berlin, Germany",2025-12-31,Active
CUST-00635,William Harris,Elevate Enterprises,Media & Entertainment,william.harris635@elevateenter.com,+1-349-371-6527,"Berlin, Germany",2022-12-19,Inactive
CUST-00636,Rebecca Green,Elevate Health,Telecommunications,rebecca.green636@elevatehealt.com,+1-282-365-6629,"San Francisco, CA",2023-04-23,At-Risk
CUST-00637,Sandra Lee,Aegis Logistics,Retail & E-Commerce,sandra.lee637@aegislogisti.com,+1-474-819-7479,"Sydney, Australia",2026-02-11,Active
CUST-00638,Paul Lewis,Starlight Partners,Professional Services & Consulting,paul.lewis638@starlightpar.com,+1-802-733-8377,"Sydney, Australia",2025-05-10,At-Risk
CUST-00639,Timothy Hernandez,Synapse Partners,SaaS & Cloud Software,timothy.hernandez639@synapsepartn.com,+1-946-440-5122,"Austin, TX",2025-12-29,Active
CUST-00640,William Wilson,Synapse Global,Financial Services & FinTech,william.wilson640@synapsegloba.com,+1-266-684-9985,"San Francisco, CA",2025-09-17,Inactive
CUST-00641,Michael Johnson,Starlight Global,Financial Services & FinTech,michael.johnson641@starlightglo.com,+1-469-832-3544,"San Francisco, CA",2021-11-02,At-Risk
CUST-00642,William Adams,Beacon Enterprises,Manufacturing & Industrial,william.adams642@beaconenterp.com,+1-956-490-8260,"Chicago, IL",2023-02-24,Inactive
CUST-00643,Thomas Rodriguez,Solstice Partners,Healthcare & Life Sciences,thomas.rodriguez643@solsticepart.com,+1-236-879-6846,"New York, NY",2026-03-21,At-Risk
CUST-00644,Michelle Parker,Meridian Analytics,Retail & E-Commerce,michelle.parker644@meridiananal.com,+1-656-338-9835,"Toronto, Canada",2024-09-16,Inactive
CUST-00645,Daniel Nguyen,Elevate Analytics,Telecommunications,daniel.nguyen645@elevateanaly.com,+1-856-854-9745,"Toronto, Canada",2024-12-21,At-Risk
CUST-00646,Donna Thompson,Meridian Capital,Manufacturing & Industrial,donna.thompson646@meridiancapi.com,+1-653-515-6992,"San Francisco, CA",2026-02-22,Inactive
CUST-00647,Timothy Taylor,Hyperion Enterprises,SaaS & Cloud Software,timothy.taylor647@hyperionente.com,+1-736-339-6634,"New York, NY",2025-12-06,Active
CUST-00648,Andrew Walker,Horizon Technologies,Media & Entertainment,andrew.walker648@horizontechn.com,+1-507-209-8052,"Atlanta, GA",2025-10-22,Active
CUST-00649,Emily Hill,Vanguard Labs,SaaS & Cloud Software,emily.hill649@vanguardlabs.com,+1-583-393-7745,"Toronto, Canada",2024-08-31,Churned
CUST-00650,Sharon Sanchez,Vanguard Dynamics,Telecommunications,sharon.sanchez650@vanguarddyna.com,+1-426-469-2297,"Denver, CO",2023-09-23,Inactive
CUST-00651,Jason Green,Vanguard Capital,Retail & E-Commerce,jason.green651@vanguardcapi.com,+1-865-744-5404,"Boston, MA",2024-08-02,At-Risk
CUST-00652,Timothy Gonzalez,Vertex Dynamics,Healthcare & Life Sciences,timothy.gonzalez652@vertexdynami.com,+1-314-852-8460,"Boston, MA",2025-12-20,Active
CUST-00653,Laura Moore,Zenith Health,Media & Entertainment,laura.moore653@zenithhealth.com,+1-529-219-3492,"Chicago, IL",2025-06-24,Active
CUST-00654,Michael Wright,Apex Dynamics,Financial Services & FinTech,michael.wright654@apexdynamics.com,+1-476-328-8183,"Boston, MA",2024-11-09,Churned
CUST-00655,Mary Anderson,Vertex Dynamics,SaaS & Cloud Software,mary.anderson655@vertexdynami.com,+1-423-550-7885,"Atlanta, GA",2023-06-24,Inactive
CUST-00656,Donna Gomez,Meridian Innovations,Media & Entertainment,donna.gomez656@meridianinno.com,+1-233-538-2314,"Sydney, Australia",2023-08-17,Active
CUST-00657,Charles Brown,Omni Labs,Telecommunications,charles.brown657@omnilabs.com,+1-757-681-3975,"San Francisco, CA",2023-05-09,At-Risk
CUST-00658,Matthew Turner,Omni Partners,Telecommunications,matthew.turner658@omnipartners.com,+1-325-454-7304,"New York, NY",2022-08-06,Inactive
CUST-00659,Jeffrey Thomas,CoreTech Technologies,Manufacturing & Industrial,jeffrey.thomas659@coretechtech.com,+1-953-296-9538,"Atlanta, GA",2026-05-20,Active
CUST-00660,Anthony Walker,Beacon Logistics,Retail & E-Commerce,anthony.walker660@beaconlogist.com,+1-363-844-1691,"Seattle, WA",2026-02-17,At-Risk
CUST-00661,Jessica Taylor,Meridian Logistics,Retail & E-Commerce,jessica.taylor661@meridianlogi.com,+1-570-253-4568,"Chicago, IL",2025-10-13,At-Risk
CUST-00662,Joseph Thomas,Velocity Global,Professional Services & Consulting,joseph.thomas662@velocityglob.com,+1-372-482-2960,"New York, NY",2024-11-02,Inactive
CUST-00663,Ronald Gomez,Vanguard Technologies,SaaS & Cloud Software,ronald.gomez663@vanguardtech.com,+1-908-686-3539,"London, UK",2025-12-12,At-Risk
CUST-00664,Melissa Roberts,Vertex Systems,Healthcare & Life Sciences,melissa.roberts664@vertexsystem.com,+1-294-833-6544,"Atlanta, GA",2023-07-17,At-Risk
CUST-00665,Linda Brown,Catalyst Logistics,Healthcare & Life Sciences,linda.brown665@catalystlogi.com,+1-750-309-3061,"Sydney, Australia",2023-12-10,At-Risk
CUST-00666,Gary Anderson,Aegis Capital,Professional Services & Consulting,gary.anderson666@aegiscapital.com,+1-951-397-1349,"Atlanta, GA",2025-02-26,At-Risk
CUST-00667,Edward Thompson,CoreTech Dynamics,Retail & E-Commerce,edward.thompson667@coretechdyna.com,+1-697-648-5828,"New York, NY",2023-12-12,At-Risk
CUST-00668,Gary Gonzalez,Cognitive Dynamics,Professional Services & Consulting,gary.gonzalez668@cognitivedyn.com,+1-950-679-5510,"Seattle, WA",2025-09-05,Active
CUST-00669,Christopher Jones,Solstice Dynamics,Media & Entertainment,christopher.jones669@solsticedyna.com,+1-470-754-7014,"Boston, MA",2024-06-09,Active
CUST-00670,Ryan Smith,Starlight Logistics,Telecommunications,ryan.smith670@starlightlog.com,+1-390-219-6965,"Sydney, Australia",2025-03-31,Active
CUST-00671,Donald Lee,CoreTech Solutions,Telecommunications,donald.lee671@coretechsolu.com,+1-737-899-9151,"Chicago, IL",2022-08-29,At-Risk
CUST-00672,Karen Flores,Prism Innovations,Telecommunications,karen.flores672@prisminnovat.com,+1-530-313-2577,"Berlin, Germany",2024-05-22,Inactive
CUST-00673,David Williams,Hyperion Dynamics,SaaS & Cloud Software,david.williams673@hyperiondyna.com,+1-310-697-4139,"Chicago, IL",2024-12-30,Active
CUST-00674,Richard Williams,Cognitive Logistics,Telecommunications,richard.williams674@cognitivelog.com,+1-702-738-5193,"Berlin, Germany",2026-02-24,At-Risk
CUST-00675,Michael White,Vanguard Health,Financial Services & FinTech,michael.white675@vanguardheal.com,+1-414-871-9051,"New York, NY",2024-03-17,Inactive
CUST-00676,William Robinson,Velocity Technologies,Professional Services & Consulting,william.robinson676@velocitytech.com,+1-962-625-7046,"Toronto, Canada",2026-05-04,At-Risk
CUST-00677,Linda Evans,Elevate Enterprises,SaaS & Cloud Software,linda.evans677@elevateenter.com,+1-273-511-2276,"Sydney, Australia",2025-06-29,Active
CUST-00678,Betty King,Quantum Solutions,Manufacturing & Industrial,betty.king678@quantumsolut.com,+1-595-394-4164,"Toronto, Canada",2025-06-17,At-Risk
CUST-00679,Ashley Torres,Velocity Dynamics,Telecommunications,ashley.torres679@velocitydyna.com,+1-309-853-6864,"Sydney, Australia",2026-04-07,At-Risk
CUST-00680,Ryan Hall,Aura Global,Financial Services & FinTech,ryan.hall680@auraglobal.com,+1-385-763-7579,"Austin, TX",2022-09-19,Inactive
CUST-00681,Carol Nelson,Synapse Capital,Media & Entertainment,carol.nelson681@synapsecapit.com,+1-523-763-6319,"Seattle, WA",2024-04-02,Churned
CUST-00682,Melissa Clark,Starlight Logistics,Telecommunications,melissa.clark682@starlightlog.com,+1-532-823-4943,"Sydney, Australia",2023-03-06,At-Risk
CUST-00683,Betty Harris,Starlight Capital,Retail & E-Commerce,betty.harris683@starlightcap.com,+1-664-658-7505,"Seattle, WA",2022-11-07,Inactive
CUST-00684,James Campbell,Nexus Enterprises,SaaS & Cloud Software,james.campbell684@nexusenterpr.com,+1-339-509-1107,"Toronto, Canada",2025-10-22,At-Risk
CUST-00685,Joshua Anderson,Stratosphere Partners,Professional Services & Consulting,joshua.anderson685@stratosphere.com,+1-907-482-9376,"New York, NY",2023-12-31,Inactive
CUST-00686,Karen Miller,Nexus Analytics,Professional Services & Consulting,karen.miller686@nexusanalyti.com,+1-342-471-7014,"Austin, TX",2026-07-01,Active
CUST-00687,Ashley Anderson,Omni Labs,Retail & E-Commerce,ashley.anderson687@omnilabs.com,+1-785-609-4562,"San Francisco, CA",2026-06-08,Active
CUST-00688,Elizabeth Campbell,Aegis Labs,Media & Entertainment,elizabeth.campbell688@aegislabs.com,+1-700-790-2562,"Austin, TX",2025-07-26,At-Risk
CUST-00689,Joshua Williams,CoreTech Labs,Telecommunications,joshua.williams689@coretechlabs.com,+1-258-542-6700,"San Francisco, CA",2024-07-29,Churned
CUST-00690,Sharon Clark,Quantum Partners,Manufacturing & Industrial,sharon.clark690@quantumpartn.com,+1-869-816-1187,"Sydney, Australia",2025-05-02,Active
CUST-00691,Edward Brown,Prism Capital,SaaS & Cloud Software,edward.brown691@prismcapital.com,+1-753-778-3450,"Seattle, WA",2024-07-06,Active
CUST-00692,Michelle Allen,Zenith Systems,Healthcare & Life Sciences,michelle.allen692@zenithsystem.com,+1-890-602-8300,"New York, NY",2024-06-18,At-Risk
CUST-00693,Barbara Anderson,Pinnacle Enterprises,Telecommunications,barbara.anderson693@pinnacleente.com,+1-336-544-2352,"Austin, TX",2026-06-23,Active
CUST-00694,Jacob Torres,CoreTech Technologies,Telecommunications,jacob.torres694@coretechtech.com,+1-288-608-9221,"Boston, MA",2022-08-26,At-Risk
CUST-00695,Sharon Roberts,Zenith Dynamics,Healthcare & Life Sciences,sharon.roberts695@zenithdynami.com,+1-773-402-8993,"Atlanta, GA",2024-03-19,At-Risk
CUST-00696,Ronald Adams,Cognitive Systems,Manufacturing & Industrial,ronald.adams696@cognitivesys.com,+1-274-472-8046,"Chicago, IL",2026-03-26,Active
CUST-00697,Michelle Baker,Cognitive Solutions,Financial Services & FinTech,michelle.baker697@cognitivesol.com,+1-624-633-6984,"Berlin, Germany",2024-09-26,Inactive
CUST-00698,Brian Gonzalez,Aegis Innovations,SaaS & Cloud Software,brian.gonzalez698@aegisinnovat.com,+1-374-558-8245,"Boston, MA",2026-05-21,Active
CUST-00699,Charles Lewis,Nexus Partners,Manufacturing & Industrial,charles.lewis699@nexuspartner.com,+1-902-582-3555,"Chicago, IL",2025-02-01,Active
CUST-00700,William Davis,CoreTech Technologies,Manufacturing & Industrial,william.davis700@coretechtech.com,+1-352-494-1225,"London, UK",2025-01-29,At-Risk
CUST-00701,Carol Hall,Quantum Enterprises,Media & Entertainment,carol.hall701@quantumenter.com,+1-224-539-4424,"Atlanta, GA",2025-06-19,Active
CUST-00702,Betty Wilson,Horizon Capital,Retail & E-Commerce,betty.wilson702@horizoncapit.com,+1-695-837-3315,"Toronto, Canada",2024-05-13,Active
CUST-00703,Robert Harris,Cognitive Logistics,SaaS & Cloud Software,robert.harris703@cognitivelog.com,+1-375-261-5653,"Boston, MA",2022-11-24,Inactive
CUST-00704,Margaret Gomez,Zenith Health,Retail & E-Commerce,margaret.gomez704@zenithhealth.com,+1-677-870-1136,"New York, NY",2023-06-11,At-Risk
CUST-00705,David Harris,Aura Enterprises,Professional Services & Consulting,david.harris705@auraenterpri.com,+1-220-499-7332,"San Francisco, CA",2022-02-22,At-Risk
CUST-00706,Sandra Harris,Solstice Digital,Financial Services & FinTech,sandra.harris706@solsticedigi.com,+1-697-811-9709,"Seattle, WA",2023-04-22,Inactive
CUST-00707,Barbara Lopez,Stratosphere Capital,Media & Entertainment,barbara.lopez707@stratosphere.com,+1-930-222-1651,"Toronto, Canada",2025-08-27,At-Risk
CUST-00708,Ashley King,Prism Innovations,Media & Entertainment,ashley.king708@prisminnovat.com,+1-963-360-1301,"Denver, CO",2023-10-25,Churned
CUST-00709,Brian Baker,Catalyst Innovations,Retail & E-Commerce,brian.baker709@catalystinno.com,+1-714-482-2015,"Chicago, IL",2025-07-11,Active
CUST-00710,Steven Harris,Apex Capital,Retail & E-Commerce,steven.harris710@apexcapital.com,+1-356-549-7436,"Chicago, IL",2026-05-25,Active
CUST-00711,Sarah Garcia,CoreTech Global,Manufacturing & Industrial,sarah.garcia711@coretechglob.com,+1-447-786-3502,"Denver, CO",2023-05-29,Churned
CUST-00712,Jason Martin,Elevate Innovations,Media & Entertainment,jason.martin712@elevateinnov.com,+1-335-411-3270,"Toronto, Canada",2025-12-26,Active
CUST-00713,Margaret Parker,Hyperion Enterprises,Healthcare & Life Sciences,margaret.parker713@hyperionente.com,+1-989-348-3589,"Denver, CO",2023-05-24,Inactive
CUST-00714,Kenneth Jones,Horizon Capital,Financial Services & FinTech,kenneth.jones714@horizoncapit.com,+1-526-349-1483,"Austin, TX",2024-07-22,Inactive
CUST-00715,Kenneth Clark,Pinnacle Enterprises,Media & Entertainment,kenneth.clark715@pinnacleente.com,+1-853-480-3489,"Sydney, Australia",2025-12-17,Active
CUST-00716,Matthew Miller,Hyperion Dynamics,SaaS & Cloud Software,matthew.miller716@hyperiondyna.com,+1-832-473-4783,"London, UK",2025-10-18,Inactive
CUST-00717,Sandra Anderson,Aura Technologies,Professional Services & Consulting,sandra.anderson717@auratechnolo.com,+1-905-688-3196,"San Francisco, CA",2025-02-12,Churned
CUST-00718,Jacob Rivera,Velocity Innovations,Healthcare & Life Sciences,jacob.rivera718@velocityinno.com,+1-704-685-3253,"Denver, CO",2024-12-27,Inactive
CUST-00719,Christopher Gonzalez,Vanguard Technologies,Telecommunications,christopher.gonzalez719@vanguardtech.com,+1-477-622-4646,"New York, NY",2025-07-23,Active
CUST-00720,Margaret Carter,Stratosphere Solutions,Healthcare & Life Sciences,margaret.carter720@stratosphere.com,+1-832-701-6323,"Atlanta, GA",2024-02-13,Churned
CUST-00721,Ryan Thomas,Pinnacle Global,SaaS & Cloud Software,ryan.thomas721@pinnacleglob.com,+1-953-589-6126,"London, UK",2022-11-06,Inactive
CUST-00722,Ronald Flores,CoreTech Health,SaaS & Cloud Software,ronald.flores722@coretechheal.com,+1-312-662-8485,"Toronto, Canada",2023-03-07,Active
CUST-00723,Jennifer Thomas,Solstice Capital,Telecommunications,jennifer.thomas723@solsticecapi.com,+1-241-771-7347,"Sydney, Australia",2025-02-10,Active
CUST-00724,Michael Gonzalez,Prism Analytics,Telecommunications,michael.gonzalez724@prismanalyti.com,+1-493-672-3727,"Boston, MA",2024-12-29,Churned
CUST-00725,Jason Jackson,Elevate Technologies,Healthcare & Life Sciences,jason.jackson725@elevatetechn.com,+1-862-662-2481,"Atlanta, GA",2025-09-28,Active
CUST-00726,Joseph Lopez,Starlight Health,Healthcare & Life Sciences,joseph.lopez726@starlighthea.com,+1-624-531-8387,"Denver, CO",2023-10-03,Churned
CUST-00727,Patricia Lopez,Acro Health,Manufacturing & Industrial,patricia.lopez727@acrohealth.com,+1-293-456-6309,"Atlanta, GA",2025-07-12,Active
CUST-00728,Christopher Rivera,CoreTech Solutions,Financial Services & FinTech,christopher.rivera728@coretechsolu.com,+1-924-660-6946,"San Francisco, CA",2023-12-09,Churned
CUST-00729,William King,Zenith Global,Healthcare & Life Sciences,william.king729@zenithglobal.com,+1-764-589-1719,"Denver, CO",2024-11-30,At-Risk
CUST-00730,Nancy Perez,Cognitive Partners,Healthcare & Life Sciences,nancy.perez730@cognitivepar.com,+1-349-383-1840,"Austin, TX",2023-10-15,Active
CUST-00731,Rebecca Martin,Prism Digital,Media & Entertainment,rebecca.martin731@prismdigital.com,+1-842-385-2926,"Boston, MA",2024-09-10,At-Risk
CUST-00732,Thomas Gonzalez,Apex Health,Retail & E-Commerce,thomas.gonzalez732@apexhealth.com,+1-670-709-9169,"New York, NY",2023-08-31,Churned
CUST-00733,James Hill,Meridian Systems,Manufacturing & Industrial,james.hill733@meridiansyst.com,+1-876-687-8434,"London, UK",2026-05-19,Active
CUST-00734,Timothy Lewis,Vertex Health,SaaS & Cloud Software,timothy.lewis734@vertexhealth.com,+1-761-484-4401,"Chicago, IL",2026-05-15,Active
CUST-00735,Michael Lopez,Hyperion Technologies,Professional Services & Consulting,michael.lopez735@hyperiontech.com,+1-349-233-5889,"New York, NY",2024-07-26,Inactive
CUST-00736,Kevin Garcia,Nexus Solutions,Telecommunications,kevin.garcia736@nexussolutio.com,+1-366-888-5659,"Austin, TX",2024-08-15,Inactive
CUST-00737,Daniel Robinson,CoreTech Health,Professional Services & Consulting,daniel.robinson737@coretechheal.com,+1-296-506-6289,"New York, NY",2023-06-04,At-Risk
CUST-00738,Melissa Harris,Vertex Labs,Telecommunications,melissa.harris738@vertexlabs.com,+1-267-499-8713,"Toronto, Canada",2023-12-22,Churned
CUST-00739,Sarah Davis,Zenith Partners,Retail & E-Commerce,sarah.davis739@zenithpartne.com,+1-740-623-9595,"Seattle, WA",2023-02-10,At-Risk
CUST-00740,Anthony Hall,Stratosphere Health,SaaS & Cloud Software,anthony.hall740@stratosphere.com,+1-786-844-9666,"San Francisco, CA",2026-01-05,Active
CUST-00741,Barbara Walker,CoreTech Digital,Retail & E-Commerce,barbara.walker741@coretechdigi.com,+1-824-524-5254,"Denver, CO",2023-05-08,Active
CUST-00742,Amanda Rodriguez,Elevate Health,Media & Entertainment,amanda.rodriguez742@elevatehealt.com,+1-947-847-9154,"Toronto, Canada",2023-11-03,Inactive
CUST-00743,Amy Phillips,Synapse Health,Manufacturing & Industrial,amy.phillips743@synapsehealt.com,+1-498-398-1025,"Sydney, Australia",2023-07-14,Churned
CUST-00744,Jessica Johnson,Acro Logistics,Financial Services & FinTech,jessica.johnson744@acrologistic.com,+1-413-830-7793,"Sydney, Australia",2025-12-03,At-Risk
CUST-00745,Timothy Williams,Aegis Innovations,Manufacturing & Industrial,timothy.williams745@aegisinnovat.com,+1-856-406-5614,"New York, NY",2025-10-14,At-Risk
CUST-00746,Steven Gomez,Vertex Enterprises,Retail & E-Commerce,steven.gomez746@vertexenterp.com,+1-764-531-1100,"Toronto, Canada",2025-09-26,Inactive
CUST-00747,Joseph Baker,Aegis Innovations,Telecommunications,joseph.baker747@aegisinnovat.com,+1-783-830-1477,"Sydney, Australia",2023-06-24,Active
CUST-00748,Daniel Gonzalez,Aegis Partners,Professional Services & Consulting,daniel.gonzalez748@aegispartner.com,+1-691-685-1582,"Berlin, Germany",2025-10-08,Active
CUST-00749,Sarah Walker,Hyperion Logistics,Media & Entertainment,sarah.walker749@hyperionlogi.com,+1-544-673-7782,"Toronto, Canada",2025-10-21,Inactive
CUST-00750,Linda Turner,Solstice Enterprises,Professional Services & Consulting,linda.turner750@solsticeente.com,+1-749-219-4412,"Toronto, Canada",2026-05-31,Active
CUST-00751,Kevin Phillips,Catalyst Solutions,Healthcare & Life Sciences,kevin.phillips751@catalystsolu.com,+1-232-547-7147,"Boston, MA",2023-08-26,Inactive
CUST-00752,Nancy Torres,Elevate Global,Healthcare & Life Sciences,nancy.torres752@elevategloba.com,+1-320-515-6152,"London, UK",2024-05-23,Inactive
CUST-00753,John Moore,Pinnacle Solutions,Media & Entertainment,john.moore753@pinnaclesolu.com,+1-581-662-5958,"Chicago, IL",2026-03-06,Active
CUST-00754,Betty King,Prism Dynamics,Financial Services & FinTech,betty.king754@prismdynamic.com,+1-239-406-2517,"Seattle, WA",2024-02-17,At-Risk
CUST-00755,Jeffrey Allen,Apex Labs,Media & Entertainment,jeffrey.allen755@apexlabs.com,+1-358-394-6572,"Toronto, Canada",2023-12-03,Active
CUST-00756,Kathleen Campbell,Solstice Enterprises,Professional Services & Consulting,kathleen.campbell756@solsticeente.com,+1-988-300-9456,"Austin, TX",2024-10-05,Churned
CUST-00757,Thomas Wilson,CoreTech Technologies,Media & Entertainment,thomas.wilson757@coretechtech.com,+1-931-734-2897,"Denver, CO",2025-12-06,Active
CUST-00758,James Martin,Nexus Logistics,Financial Services & FinTech,james.martin758@nexuslogisti.com,+1-679-247-2689,"Seattle, WA",2026-03-23,Active
CUST-00759,Donna Johnson,Cognitive Labs,Retail & E-Commerce,donna.johnson759@cognitivelab.com,+1-415-528-4285,"Berlin, Germany",2025-07-10,Inactive
CUST-00760,Matthew Jackson,Omni Capital,Professional Services & Consulting,matthew.jackson760@omnicapital.com,+1-888-320-5467,"Atlanta, GA",2025-10-04,Churned
CUST-00761,Karen Hernandez,Omni Solutions,SaaS & Cloud Software,karen.hernandez761@omnisolution.com,+1-774-726-2677,"London, UK",2025-07-08,Active
CUST-00762,Anthony Wright,Catalyst Capital,Professional Services & Consulting,anthony.wright762@catalystcapi.com,+1-345-490-5011,"Boston, MA",2024-10-06,At-Risk
CUST-00763,Nancy Jones,Prism Health,Professional Services & Consulting,nancy.jones763@prismhealth.com,+1-655-251-3131,"Toronto, Canada",2026-01-26,Active
CUST-00764,Patricia Walker,Aura Technologies,Financial Services & FinTech,patricia.walker764@auratechnolo.com,+1-256-288-7987,"Denver, CO",2024-07-19,Churned
CUST-00765,Ronald Lopez,Zenith Health,Media & Entertainment,ronald.lopez765@zenithhealth.com,+1-565-519-6444,"London, UK",2024-12-08,Active
CUST-00766,Margaret Rivera,Starlight Logistics,Financial Services & FinTech,margaret.rivera766@starlightlog.com,+1-782-334-2522,"Atlanta, GA",2025-09-10,At-Risk
CUST-00767,Cynthia Miller,Acro Enterprises,Media & Entertainment,cynthia.miller767@acroenterpri.com,+1-438-429-3354,"Atlanta, GA",2025-10-07,Churned
CUST-00768,Dorothy White,Beacon Dynamics,Professional Services & Consulting,dorothy.white768@beacondynami.com,+1-665-699-1495,"Seattle, WA",2023-11-03,Inactive
CUST-00769,David Walker,Quantum Innovations,Media & Entertainment,david.walker769@quantuminnov.com,+1-375-489-6711,"Atlanta, GA",2025-06-13,Inactive
CUST-00770,Thomas Allen,Quantum Global,Financial Services & FinTech,thomas.allen770@quantumgloba.com,+1-770-865-2162,"Seattle, WA",2023-11-11,Churned
CUST-00771,Joshua Wright,Acro Global,Telecommunications,joshua.wright771@acroglobal.com,+1-836-449-9977,"Chicago, IL",2023-04-20,Inactive
CUST-00772,Christopher Walker,Beacon Solutions,Professional Services & Consulting,christopher.walker772@beaconsoluti.com,+1-911-805-8063,"Chicago, IL",2024-10-06,Churned
CUST-00773,Sharon Torres,Aegis Capital,Manufacturing & Industrial,sharon.torres773@aegiscapital.com,+1-879-885-2276,"Austin, TX",2023-08-01,At-Risk
CUST-00774,Gary Davis,Cognitive Health,Media & Entertainment,gary.davis774@cognitivehea.com,+1-769-299-8294,"Seattle, WA",2025-06-18,Active
CUST-00775,Daniel Martin,Beacon Solutions,Financial Services & FinTech,daniel.martin775@beaconsoluti.com,+1-811-588-6364,"Berlin, Germany",2025-04-21,Churned
CUST-00776,Amy Adams,Aura Technologies,Financial Services & FinTech,amy.adams776@auratechnolo.com,+1-343-794-1003,"Chicago, IL",2022-07-09,Active
CUST-00777,Charles Nelson,Hyperion Analytics,Retail & E-Commerce,charles.nelson777@hyperionanal.com,+1-831-791-8326,"Denver, CO",2026-04-01,Active
CUST-00778,Margaret Wilson,Aura Innovations,Retail & E-Commerce,margaret.wilson778@aurainnovati.com,+1-896-511-8122,"London, UK",2024-04-21,Churned
CUST-00779,Brian Garcia,Cognitive Technologies,Telecommunications,brian.garcia779@cognitivetec.com,+1-502-263-7049,"Austin, TX",2025-09-01,Churned
CUST-00780,Michael Smith,Zenith Capital,Professional Services & Consulting,michael.smith780@zenithcapita.com,+1-489-231-4854,"San Francisco, CA",2025-11-14,At-Risk
CUST-00781,Sharon Hall,Cognitive Global,Professional Services & Consulting,sharon.hall781@cognitiveglo.com,+1-592-615-7251,"Sydney, Australia",2025-09-25,Active
CUST-00782,Sharon Wright,Stratosphere Logistics,Healthcare & Life Sciences,sharon.wright782@stratosphere.com,+1-343-392-7301,"Atlanta, GA",2026-06-05,Active
CUST-00783,George Turner,Pinnacle Dynamics,Retail & E-Commerce,george.turner783@pinnacledyna.com,+1-329-337-1190,"Berlin, Germany",2023-02-01,Inactive
CUST-00784,Elizabeth Adams,Apex Dynamics,Media & Entertainment,elizabeth.adams784@apexdynamics.com,+1-648-339-2387,"Berlin, Germany",2024-04-02,Active
CUST-00785,Sarah Adams,Pinnacle Partners,Media & Entertainment,sarah.adams785@pinnaclepart.com,+1-819-635-3945,"Sydney, Australia",2021-11-06,Active
CUST-00786,Ryan Allen,Pinnacle Capital,Media & Entertainment,ryan.allen786@pinnaclecapi.com,+1-564-431-4044,"Denver, CO",2022-09-26,Inactive
CUST-00787,Jason Hill,Apex Health,Media & Entertainment,jason.hill787@apexhealth.com,+1-443-713-5411,"Sydney, Australia",2025-09-13,At-Risk
CUST-00788,Timothy Wright,Cognitive Innovations,SaaS & Cloud Software,timothy.wright788@cognitiveinn.com,+1-782-694-7038,"New York, NY",2023-03-19,Inactive
CUST-00789,Joseph Nguyen,Meridian Digital,Financial Services & FinTech,joseph.nguyen789@meridiandigi.com,+1-948-739-5578,"Austin, TX",2025-08-25,At-Risk
CUST-00790,Cynthia King,Vertex Capital,Financial Services & FinTech,cynthia.king790@vertexcapita.com,+1-684-845-2279,"Chicago, IL",2025-11-18,Inactive
CUST-00791,Donna Flores,Nexus Innovations,SaaS & Cloud Software,donna.flores791@nexusinnovat.com,+1-665-724-8687,"Atlanta, GA",2024-04-29,Active
CUST-00792,Kevin Clark,Catalyst Labs,Retail & E-Commerce,kevin.clark792@catalystlabs.com,+1-372-236-5981,"Boston, MA",2025-07-13,Inactive
CUST-00793,Dorothy Brown,Velocity Analytics,Healthcare & Life Sciences,dorothy.brown793@velocityanal.com,+1-253-872-5780,"London, UK",2026-06-06,Active
CUST-00794,Patricia Jackson,Meridian Solutions,Healthcare & Life Sciences,patricia.jackson794@meridiansolu.com,+1-279-484-5129,"Toronto, Canada",2026-06-17,Active
CUST-00795,Thomas Flores,Omni Enterprises,Retail & E-Commerce,thomas.flores795@omnienterpri.com,+1-960-314-3860,"New York, NY",2024-02-06,Active
CUST-00796,Karen Nelson,Acro Innovations,Healthcare & Life Sciences,karen.nelson796@acroinnovati.com,+1-918-441-8944,"Boston, MA",2025-05-21,Inactive
CUST-00797,Lisa Phillips,Solstice Partners,SaaS & Cloud Software,lisa.phillips797@solsticepart.com,+1-287-348-3525,"Seattle, WA",2023-12-18,Inactive
CUST-00798,Amy Carter,Pinnacle Labs,Telecommunications,amy.carter798@pinnaclelabs.com,+1-877-650-3740,"Chicago, IL",2025-12-12,Active
CUST-00799,Anthony Torres,CoreTech Partners,Professional Services & Consulting,anthony.torres799@coretechpart.com,+1-858-470-2900,"New York, NY",2025-10-29,Active
CUST-00800,Michael Hernandez,Acro Global,Media & Entertainment,michael.hernandez800@acroglobal.com,+1-688-745-4828,"Boston, MA",2025-08-06,Inactive
CUST-00801,Edward Baker,Zenith Global,Media & Entertainment,edward.baker801@zenithglobal.com,+1-349-743-8122,"Boston, MA",2025-09-09,Churned
CUST-00802,Mary Jackson,Acro Global,Professional Services & Consulting,mary.jackson802@acroglobal.com,+1-900-242-2595,"Toronto, Canada",2022-10-24,Inactive
CUST-00803,Amanda Diaz,Pinnacle Health,Retail & E-Commerce,amanda.diaz803@pinnacleheal.com,+1-477-473-2610,"Seattle, WA",2025-10-10,At-Risk
CUST-00804,Steven Adams,Cognitive Global,Media & Entertainment,steven.adams804@cognitiveglo.com,+1-968-447-4193,"Berlin, Germany",2026-04-26,Active
CUST-00805,Carol Baker,Zenith Dynamics,Professional Services & Consulting,carol.baker805@zenithdynami.com,+1-211-888-1138,"Toronto, Canada",2024-10-01,At-Risk
CUST-00806,David Smith,Pinnacle Solutions,Financial Services & FinTech,david.smith806@pinnaclesolu.com,+1-657-559-4594,"Berlin, Germany",2023-06-28,Churned
CUST-00807,Andrew Taylor,Stratosphere Technologies,SaaS & Cloud Software,andrew.taylor807@stratosphere.com,+1-295-258-4552,"London, UK",2024-07-31,Inactive
CUST-00808,Jessica Rivera,Quantum Solutions,Healthcare & Life Sciences,jessica.rivera808@quantumsolut.com,+1-873-863-4027,"Denver, CO",2023-02-22,Inactive
CUST-00809,Joseph Hall,Synapse Enterprises,Retail & E-Commerce,joseph.hall809@synapseenter.com,+1-877-277-8429,"Atlanta, GA",2025-10-27,At-Risk
CUST-00810,Kimberly Roberts,Pinnacle Digital,Professional Services & Consulting,kimberly.roberts810@pinnacledigi.com,+1-366-275-5543,"Boston, MA",2022-02-08,Active
CUST-00811,Linda Harris,Beacon Innovations,SaaS & Cloud Software,linda.harris811@beaconinnova.com,+1-472-382-8218,"Boston, MA",2022-08-03,Inactive
CUST-00812,David Young,Stratosphere Health,Telecommunications,david.young812@stratosphere.com,+1-861-703-2776,"Austin, TX",2024-06-07,Churned
CUST-00813,Charles Wright,Starlight Global,Manufacturing & Industrial,charles.wright813@starlightglo.com,+1-859-308-8234,"London, UK",2023-01-15,Inactive
CUST-00814,Dorothy Miller,Nexus Solutions,Financial Services & FinTech,dorothy.miller814@nexussolutio.com,+1-946-456-8305,"London, UK",2024-01-15,Inactive
CUST-00815,Robert Young,Hyperion Logistics,SaaS & Cloud Software,robert.young815@hyperionlogi.com,+1-881-599-5365,"New York, NY",2023-06-18,Inactive
CUST-00816,Karen Hall,Aegis Global,SaaS & Cloud Software,karen.hall816@aegisglobal.com,+1-925-702-8833,"Toronto, Canada",2025-07-28,At-Risk
CUST-00817,Sharon Sanchez,CoreTech Labs,Financial Services & FinTech,sharon.sanchez817@coretechlabs.com,+1-432-203-7298,"Toronto, Canada",2025-07-20,Inactive
CUST-00818,Kathleen Davis,Cognitive Capital,Professional Services & Consulting,kathleen.davis818@cognitivecap.com,+1-899-510-7563,"Seattle, WA",2023-07-26,Inactive
CUST-00819,Linda Green,Velocity Solutions,Professional Services & Consulting,linda.green819@velocitysolu.com,+1-549-282-8530,"Toronto, Canada",2025-09-29,Active
CUST-00820,Emily Adams,Stratosphere Dynamics,SaaS & Cloud Software,emily.adams820@stratosphere.com,+1-877-395-5896,"Denver, CO",2024-08-13,Inactive
CUST-00821,Deborah Miller,Velocity Digital,Professional Services & Consulting,deborah.miller821@velocitydigi.com,+1-287-847-8175,"Atlanta, GA",2025-01-24,Churned
CUST-00822,Matthew Rodriguez,Nexus Systems,SaaS & Cloud Software,matthew.rodriguez822@nexussystems.com,+1-808-444-9015,"Sydney, Australia",2022-12-22,Active
CUST-00823,Deborah Jones,Horizon Logistics,Retail & E-Commerce,deborah.jones823@horizonlogis.com,+1-747-660-1268,"Atlanta, GA",2025-03-07,At-Risk
CUST-00824,John Perez,Nexus Innovations,SaaS & Cloud Software,john.perez824@nexusinnovat.com,+1-322-416-9570,"Denver, CO",2022-09-26,Inactive
CUST-00825,Ryan Baker,Horizon Dynamics,Manufacturing & Industrial,ryan.baker825@horizondynam.com,+1-238-344-9010,"San Francisco, CA",2025-08-31,Active
CUST-00826,Robert Walker,Elevate Technologies,Manufacturing & Industrial,robert.walker826@elevatetechn.com,+1-865-333-1235,"Sydney, Australia",2024-04-22,Inactive
CUST-00827,Daniel Green,Nexus Enterprises,Financial Services & FinTech,daniel.green827@nexusenterpr.com,+1-826-374-2047,"Atlanta, GA",2023-11-26,At-Risk
CUST-00828,Susan Davis,Meridian Health,Manufacturing & Industrial,susan.davis828@meridianheal.com,+1-408-636-6527,"San Francisco, CA",2022-10-28,Inactive
CUST-00829,Stephanie Lee,Quantum Logistics,Healthcare & Life Sciences,stephanie.lee829@quantumlogis.com,+1-419-246-3841,"Seattle, WA",2025-05-29,Churned
CUST-00830,Kevin Jones,Quantum Enterprises,Healthcare & Life Sciences,kevin.jones830@quantumenter.com,+1-373-578-3703,"Denver, CO",2023-01-22,Inactive
CUST-00831,Jeffrey Thomas,Cognitive Technologies,Healthcare & Life Sciences,jeffrey.thomas831@cognitivetec.com,+1-848-827-7162,"San Francisco, CA",2023-10-28,At-Risk
CUST-00832,Christopher Johnson,Meridian Solutions,SaaS & Cloud Software,christopher.johnson832@meridiansolu.com,+1-384-291-5648,"New York, NY",2024-03-05,At-Risk
CUST-00833,Rebecca Hall,Starlight Analytics,Healthcare & Life Sciences,rebecca.hall833@starlightana.com,+1-347-855-5439,"Chicago, IL",2025-08-29,Active
CUST-00834,Laura Clark,Vanguard Dynamics,SaaS & Cloud Software,laura.clark834@vanguarddyna.com,+1-385-711-2442,"London, UK",2021-10-02,Inactive
CUST-00835,Joshua Thompson,Pinnacle Technologies,Manufacturing & Industrial,joshua.thompson835@pinnacletech.com,+1-321-742-2567,"Chicago, IL",2023-05-03,Inactive
CUST-00836,George Parker,Starlight Capital,Manufacturing & Industrial,george.parker836@starlightcap.com,+1-989-841-4409,"Atlanta, GA",2025-11-16,At-Risk
CUST-00837,Kimberly Brown,Stratosphere Solutions,Healthcare & Life Sciences,kimberly.brown837@stratosphere.com,+1-686-709-3888,"Berlin, Germany",2025-11-04,Inactive
CUST-00838,Christopher Nelson,Nexus Technologies,Professional Services & Consulting,christopher.nelson838@nexustechnol.com,+1-415-645-5118,"Boston, MA",2024-01-02,At-Risk
CUST-00839,Kevin Flores,Starlight Analytics,SaaS & Cloud Software,kevin.flores839@starlightana.com,+1-959-253-9804,"San Francisco, CA",2025-07-04,At-Risk
CUST-00840,Daniel Hernandez,Apex Analytics,Financial Services & FinTech,daniel.hernandez840@apexanalytic.com,+1-441-655-6340,"San Francisco, CA",2026-05-26,Active
CUST-00841,Rebecca Gonzalez,CoreTech Logistics,Professional Services & Consulting,rebecca.gonzalez841@coretechlogi.com,+1-313-533-4731,"Chicago, IL",2023-04-09,Active
CUST-00842,Richard Thomas,CoreTech Global,Manufacturing & Industrial,richard.thomas842@coretechglob.com,+1-426-275-8716,"Denver, CO",2025-10-21,At-Risk
CUST-00843,Gary Brown,Pinnacle Dynamics,Manufacturing & Industrial,gary.brown843@pinnacledyna.com,+1-666-382-7346,"London, UK",2023-02-18,Active
CUST-00844,Melissa Rodriguez,Acro Digital,Manufacturing & Industrial,melissa.rodriguez844@acrodigital.com,+1-568-476-4313,"Berlin, Germany",2024-06-06,Inactive
CUST-00845,Kevin Rodriguez,Nexus Digital,SaaS & Cloud Software,kevin.rodriguez845@nexusdigital.com,+1-340-313-8627,"Boston, MA",2022-07-29,At-Risk
CUST-00846,Ryan Clark,Synapse Labs,Professional Services & Consulting,ryan.clark846@synapselabs.com,+1-503-818-3568,"Chicago, IL",2024-08-24,Active
CUST-00847,Nancy Torres,Horizon Partners,Manufacturing & Industrial,nancy.torres847@horizonpartn.com,+1-622-734-9015,"San Francisco, CA",2024-07-23,Active
CUST-00848,Betty Nguyen,Meridian Partners,Media & Entertainment,betty.nguyen848@meridianpart.com,+1-215-638-5041,"Boston, MA",2022-07-27,Inactive
CUST-00849,Ashley Lee,Pinnacle Health,Manufacturing & Industrial,ashley.lee849@pinnacleheal.com,+1-353-787-1083,"London, UK",2025-12-28,At-Risk
CUST-00850,Rebecca Williams,Nexus Analytics,SaaS & Cloud Software,rebecca.williams850@nexusanalyti.com,+1-744-603-8852,"Denver, CO",2026-06-19,Active
CUST-00851,Richard Lewis,Meridian Systems,Financial Services & FinTech,richard.lewis851@meridiansyst.com,+1-972-212-7662,"Toronto, Canada",2023-08-25,Active
CUST-00852,Betty Rodriguez,Catalyst Enterprises,Manufacturing & Industrial,betty.rodriguez852@catalystente.com,+1-293-216-8860,"Berlin, Germany",2023-11-06,Churned
CUST-00853,Donna Hernandez,Zenith Analytics,SaaS & Cloud Software,donna.hernandez853@zenithanalyt.com,+1-675-341-7641,"Atlanta, GA",2023-01-19,Inactive
CUST-00854,Lisa Gomez,Catalyst Logistics,Media & Entertainment,lisa.gomez854@catalystlogi.com,+1-849-201-2158,"Sydney, Australia",2022-11-08,Inactive
CUST-00855,Deborah Hall,Aegis Capital,SaaS & Cloud Software,deborah.hall855@aegiscapital.com,+1-637-476-9887,"Boston, MA",2026-01-09,At-Risk
CUST-00856,Anthony Gomez,Aura Solutions,Professional Services & Consulting,anthony.gomez856@aurasolution.com,+1-257-727-6963,"Sydney, Australia",2022-10-19,Active
CUST-00857,Michael Davis,Beacon Innovations,Media & Entertainment,michael.davis857@beaconinnova.com,+1-242-574-7003,"London, UK",2024-08-10,At-Risk
CUST-00858,Daniel Adams,Horizon Digital,Financial Services & FinTech,daniel.adams858@horizondigit.com,+1-927-409-3267,"Toronto, Canada",2026-04-05,Active
CUST-00859,Kevin Thomas,Horizon Solutions,Media & Entertainment,kevin.thomas859@horizonsolut.com,+1-971-794-4437,"Sydney, Australia",2025-11-19,At-Risk
CUST-00860,Mark Lee,Catalyst Enterprises,Telecommunications,mark.lee860@catalystente.com,+1-256-264-7108,"Boston, MA",2023-01-17,At-Risk
CUST-00861,Brian Lewis,Meridian Capital,Financial Services & FinTech,brian.lewis861@meridiancapi.com,+1-927-744-9730,"Atlanta, GA",2024-10-28,Churned
CUST-00862,Emily Lewis,Elevate Innovations,Financial Services & FinTech,emily.lewis862@elevateinnov.com,+1-669-289-2313,"Chicago, IL",2024-05-08,At-Risk
CUST-00863,Ronald Lopez,Prism Solutions,Financial Services & FinTech,ronald.lopez863@prismsolutio.com,+1-483-314-3424,"Austin, TX",2025-09-18,At-Risk
CUST-00864,Amy Martinez,Stratosphere Capital,SaaS & Cloud Software,amy.martinez864@stratosphere.com,+1-627-898-9870,"Boston, MA",2023-03-15,At-Risk
CUST-00865,Thomas Walker,Catalyst Global,Media & Entertainment,thomas.walker865@catalystglob.com,+1-861-221-5776,"Sydney, Australia",2022-11-09,At-Risk
CUST-00866,Matthew Jones,Apex Partners,Manufacturing & Industrial,matthew.jones866@apexpartners.com,+1-861-543-7745,"Toronto, Canada",2025-12-30,Active
CUST-00867,Carol Adams,Velocity Labs,Professional Services & Consulting,carol.adams867@velocitylabs.com,+1-808-881-9686,"Atlanta, GA",2024-10-04,At-Risk
CUST-00868,Jeffrey Robinson,Prism Health,Healthcare & Life Sciences,jeffrey.robinson868@prismhealth.com,+1-376-466-4715,"Boston, MA",2024-03-11,At-Risk
CUST-00869,Kathleen White,Prism Labs,SaaS & Cloud Software,kathleen.white869@prismlabs.com,+1-562-491-8469,"Austin, TX",2024-04-07,Inactive
CUST-00870,Nancy Flores,Synapse Digital,Retail & E-Commerce,nancy.flores870@synapsedigit.com,+1-380-882-3514,"Austin, TX",2022-08-21,Inactive
CUST-00871,Christopher Thomas,Quantum Technologies,Professional Services & Consulting,christopher.thomas871@quantumtechn.com,+1-330-651-5266,"London, UK",2025-02-23,At-Risk
CUST-00872,Melissa Lopez,Stratosphere Capital,SaaS & Cloud Software,melissa.lopez872@stratosphere.com,+1-525-552-3423,"Berlin, Germany",2024-03-25,Inactive
CUST-00873,Melissa Lewis,Horizon Dynamics,Retail & E-Commerce,melissa.lewis873@horizondynam.com,+1-226-614-9182,"San Francisco, CA",2026-06-16,Active
CUST-00874,Charles Robinson,Aegis Dynamics,SaaS & Cloud Software,charles.robinson874@aegisdynamic.com,+1-760-719-6427,"Sydney, Australia",2023-06-03,Inactive
CUST-00875,Emily Walker,Prism Labs,Healthcare & Life Sciences,emily.walker875@prismlabs.com,+1-947-652-6549,"London, UK",2025-10-20,Active
CUST-00876,Joseph Campbell,Meridian Technologies,Healthcare & Life Sciences,joseph.campbell876@meridiantech.com,+1-765-319-6047,"Berlin, Germany",2023-11-06,Active
CUST-00877,Patricia Sanchez,Elevate Partners,Manufacturing & Industrial,patricia.sanchez877@elevatepartn.com,+1-566-294-6347,"Atlanta, GA",2025-03-25,Churned
CUST-00878,Linda Hill,Velocity Systems,Manufacturing & Industrial,linda.hill878@velocitysyst.com,+1-401-223-2369,"Boston, MA",2026-03-25,At-Risk
CUST-00879,Laura Baker,Aura Solutions,Telecommunications,laura.baker879@aurasolution.com,+1-703-525-9381,"Chicago, IL",2024-05-09,At-Risk
CUST-00880,Linda Nelson,Catalyst Global,Healthcare & Life Sciences,linda.nelson880@catalystglob.com,+1-638-578-7326,"Sydney, Australia",2024-10-16,Inactive
CUST-00881,Melissa Smith,Prism Innovations,Professional Services & Consulting,melissa.smith881@prisminnovat.com,+1-657-774-2435,"Boston, MA",2024-02-13,Inactive
CUST-00882,Betty Campbell,Acro Digital,Telecommunications,betty.campbell882@acrodigital.com,+1-496-367-7944,"Atlanta, GA",2025-07-28,At-Risk
CUST-00883,Rebecca Rodriguez,Cognitive Health,Financial Services & FinTech,rebecca.rodriguez883@cognitivehea.com,+1-413-510-8776,"Austin, TX",2023-07-01,At-Risk
CUST-00884,Kevin Jones,Cognitive Labs,Telecommunications,kevin.jones884@cognitivelab.com,+1-207-619-5478,"San Francisco, CA",2021-12-13,Active
CUST-00885,Rebecca Lopez,Horizon Analytics,Healthcare & Life Sciences,rebecca.lopez885@horizonanaly.com,+1-391-590-5742,"Chicago, IL",2025-07-11,Churned
CUST-00886,Gary Williams,Prism Partners,Retail & E-Commerce,gary.williams886@prismpartner.com,+1-773-674-4678,"Atlanta, GA",2025-03-29,Active
CUST-00887,Patricia Gomez,Apex Dynamics,Retail & E-Commerce,patricia.gomez887@apexdynamics.com,+1-856-851-8742,"Boston, MA",2025-06-16,Inactive
CUST-00888,Jessica Adams,Aura Enterprises,Telecommunications,jessica.adams888@auraenterpri.com,+1-704-860-5009,"Austin, TX",2024-10-20,Active
CUST-00889,Patricia Davis,Starlight Enterprises,Media & Entertainment,patricia.davis889@starlightent.com,+1-814-570-8872,"San Francisco, CA",2023-01-23,Inactive
CUST-00890,Sharon Parker,Omni Logistics,Media & Entertainment,sharon.parker890@omnilogistic.com,+1-323-582-9397,"Sydney, Australia",2026-05-19,Active
CUST-00891,Robert Diaz,Omni Dynamics,SaaS & Cloud Software,robert.diaz891@omnidynamics.com,+1-528-672-3219,"Austin, TX",2024-09-08,Churned
CUST-00892,Amanda Hernandez,Nexus Enterprises,Professional Services & Consulting,amanda.hernandez892@nexusenterpr.com,+1-852-564-1798,"Denver, CO",2026-05-14,At-Risk
CUST-00893,Emily Jackson,Solstice Logistics,Financial Services & FinTech,emily.jackson893@solsticelogi.com,+1-399-843-4002,"Toronto, Canada",2025-07-01,Churned
CUST-00894,Richard Hill,Starlight Dynamics,Professional Services & Consulting,richard.hill894@starlightdyn.com,+1-902-508-5447,"Seattle, WA",2022-10-31,Inactive
CUST-00895,George Miller,Horizon Health,Professional Services & Consulting,george.miller895@horizonhealt.com,+1-214-340-9489,"Austin, TX",2025-09-24,Active
CUST-00896,Andrew White,Starlight Analytics,Telecommunications,andrew.white896@starlightana.com,+1-367-304-4569,"Seattle, WA",2025-04-26,Active
CUST-00897,Karen Allen,Vanguard Partners,Manufacturing & Industrial,karen.allen897@vanguardpart.com,+1-829-738-9717,"Toronto, Canada",2025-03-24,At-Risk
CUST-00898,Joseph Clark,Acro Solutions,Financial Services & FinTech,joseph.clark898@acrosolution.com,+1-218-691-6705,"Austin, TX",2025-09-18,Inactive
CUST-00899,Donna Hall,Catalyst Dynamics,Media & Entertainment,donna.hall899@catalystdyna.com,+1-736-550-3821,"London, UK",2025-07-26,Active
CUST-00900,Joshua Johnson,CoreTech Partners,Financial Services & FinTech,joshua.johnson900@coretechpart.com,+1-332-345-4712,"Chicago, IL",2023-02-17,At-Risk
CUST-00901,Donna Rodriguez,Stratosphere Dynamics,Financial Services & FinTech,donna.rodriguez901@stratosphere.com,+1-908-314-2273,"Denver, CO",2024-04-26,Inactive
CUST-00902,Robert Roberts,Meridian Labs,Telecommunications,robert.roberts902@meridianlabs.com,+1-402-310-1537,"New York, NY",2023-08-16,Active
CUST-00903,Linda Walker,Quantum Enterprises,SaaS & Cloud Software,linda.walker903@quantumenter.com,+1-509-883-1168,"San Francisco, CA",2025-03-25,Active
CUST-00904,Richard Gomez,Quantum Health,Manufacturing & Industrial,richard.gomez904@quantumhealt.com,+1-405-389-6759,"London, UK",2025-11-09,Inactive
CUST-00905,Patricia Garcia,Hyperion Partners,Retail & E-Commerce,patricia.garcia905@hyperionpart.com,+1-557-560-3630,"London, UK",2023-07-20,Inactive
CUST-00906,Donald Allen,Cognitive Solutions,Financial Services & FinTech,donald.allen906@cognitivesol.com,+1-982-214-9664,"London, UK",2025-01-14,Inactive
CUST-00907,Betty Rivera,Stratosphere Enterprises,Healthcare & Life Sciences,betty.rivera907@stratosphere.com,+1-205-301-4506,"Toronto, Canada",2023-11-23,Churned
CUST-00908,Jacob White,Zenith Health,Healthcare & Life Sciences,jacob.white908@zenithhealth.com,+1-890-309-3963,"Atlanta, GA",2022-10-04,Inactive
CUST-00909,Amanda Harris,Pinnacle Systems,Manufacturing & Industrial,amanda.harris909@pinnaclesyst.com,+1-316-521-3025,"Denver, CO",2024-09-24,Active
CUST-00910,Cynthia Davis,Solstice Dynamics,Media & Entertainment,cynthia.davis910@solsticedyna.com,+1-922-495-1665,"Seattle, WA",2025-10-15,Active
CUST-00911,William Lee,Meridian Solutions,Telecommunications,william.lee911@meridiansolu.com,+1-668-814-6111,"Boston, MA",2026-06-10,Active
CUST-00912,Jeffrey Anderson,Horizon Global,Retail & E-Commerce,jeffrey.anderson912@horizongloba.com,+1-394-271-8793,"Denver, CO",2023-04-28,Active
CUST-00913,Melissa Lopez,Apex Logistics,Media & Entertainment,melissa.lopez913@apexlogistic.com,+1-308-605-8177,"Berlin, Germany",2025-07-22,Active
CUST-00914,William Davis,Hyperion Global,Telecommunications,william.davis914@hyperionglob.com,+1-805-304-3764,"Sydney, Australia",2026-05-10,Active
CUST-00915,David White,Stratosphere Innovations,Manufacturing & Industrial,david.white915@stratosphere.com,+1-614-325-4815,"London, UK",2026-03-10,Active
CUST-00916,Jason Campbell,Meridian Enterprises,Retail & E-Commerce,jason.campbell916@meridianente.com,+1-610-564-8795,"Berlin, Germany",2025-07-01,At-Risk
CUST-00917,Stephanie Young,Solstice Enterprises,Healthcare & Life Sciences,stephanie.young917@solsticeente.com,+1-311-325-5107,"Atlanta, GA",2023-07-09,Inactive
CUST-00918,Gary Young,Vanguard Logistics,Healthcare & Life Sciences,gary.young918@vanguardlogi.com,+1-302-254-2117,"New York, NY",2025-01-12,Inactive
CUST-00919,Amy Baker,Apex Dynamics,Telecommunications,amy.baker919@apexdynamics.com,+1-896-534-3502,"London, UK",2023-10-28,Churned
CUST-00920,Joshua Flores,Elevate Solutions,Financial Services & FinTech,joshua.flores920@elevatesolut.com,+1-970-732-9064,"Berlin, Germany",2025-08-12,Active
CUST-00921,Cynthia Gonzalez,Prism Logistics,Media & Entertainment,cynthia.gonzalez921@prismlogisti.com,+1-717-467-9887,"Atlanta, GA",2023-11-21,Inactive
CUST-00922,Carol Phillips,Horizon Capital,SaaS & Cloud Software,carol.phillips922@horizoncapit.com,+1-641-321-7285,"New York, NY",2024-01-19,Inactive
CUST-00923,Laura Lee,Beacon Analytics,Media & Entertainment,laura.lee923@beaconanalyt.com,+1-234-381-5965,"New York, NY",2025-03-28,Inactive
CUST-00924,Nancy Young,Pinnacle Dynamics,Retail & E-Commerce,nancy.young924@pinnacledyna.com,+1-599-699-2792,"Sydney, Australia",2025-11-06,Churned
CUST-00925,Gary Nelson,Horizon Logistics,Media & Entertainment,gary.nelson925@horizonlogis.com,+1-776-360-9301,"Atlanta, GA",2025-04-27,Active
CUST-00926,Linda Sanchez,Omni Analytics,Telecommunications,linda.sanchez926@omnianalytic.com,+1-893-561-5660,"London, UK",2024-09-17,Active
CUST-00927,Michelle Brown,Apex Health,SaaS & Cloud Software,michelle.brown927@apexhealth.com,+1-576-557-1440,"Austin, TX",2023-11-08,At-Risk
CUST-00928,Carol Harris,Quantum Global,Professional Services & Consulting,carol.harris928@quantumgloba.com,+1-622-559-1924,"Seattle, WA",2026-06-05,Active
CUST-00929,Ashley Thomas,Vanguard Logistics,Retail & E-Commerce,ashley.thomas929@vanguardlogi.com,+1-287-267-5995,"London, UK",2026-03-12,At-Risk
CUST-00930,Joseph Perez,Synapse Technologies,Professional Services & Consulting,joseph.perez930@synapsetechn.com,+1-672-873-7921,"New York, NY",2022-08-16,At-Risk
CUST-00931,Rebecca Moore,Apex Digital,Media & Entertainment,rebecca.moore931@apexdigital.com,+1-223-524-7188,"London, UK",2025-02-08,Active
CUST-00932,Deborah Lee,Cognitive Solutions,Media & Entertainment,deborah.lee932@cognitivesol.com,+1-908-891-4373,"San Francisco, CA",2025-06-15,Churned
CUST-00933,Carol Young,Solstice Labs,Professional Services & Consulting,carol.young933@solsticelabs.com,+1-830-506-6952,"Austin, TX",2024-03-08,Inactive
CUST-00934,Sharon Gonzalez,Meridian Logistics,Financial Services & FinTech,sharon.gonzalez934@meridianlogi.com,+1-420-494-5344,"Toronto, Canada",2026-05-06,Active
CUST-00935,Michael Martin,Cognitive Global,Manufacturing & Industrial,michael.martin935@cognitiveglo.com,+1-961-294-2552,"London, UK",2023-06-07,Active
CUST-00936,Carol Moore,Vertex Health,Media & Entertainment,carol.moore936@vertexhealth.com,+1-415-555-2256,"Denver, CO",2024-02-12,Active
CUST-00937,Joshua Allen,Prism Global,Professional Services & Consulting,joshua.allen937@prismglobal.com,+1-625-611-5116,"Chicago, IL",2025-07-06,Active
CUST-00938,Ryan Nelson,Starlight Capital,Healthcare & Life Sciences,ryan.nelson938@starlightcap.com,+1-843-728-4056,"New York, NY",2023-03-29,Inactive
CUST-00939,Amy Wilson,Aura Partners,Media & Entertainment,amy.wilson939@aurapartners.com,+1-854-745-8106,"Boston, MA",2024-08-24,At-Risk
CUST-00940,Linda King,Stratosphere Innovations,Media & Entertainment,linda.king940@stratosphere.com,+1-447-354-5919,"Austin, TX",2026-05-15,Active
CUST-00941,Sharon Clark,Aegis Partners,Financial Services & FinTech,sharon.clark941@aegispartner.com,+1-409-622-5373,"Berlin, Germany",2026-02-06,At-Risk
CUST-00942,Andrew Adams,Synapse Enterprises,Manufacturing & Industrial,andrew.adams942@synapseenter.com,+1-445-316-3456,"Denver, CO",2025-12-25,At-Risk
CUST-00943,Matthew Johnson,Vanguard Labs,Retail & E-Commerce,matthew.johnson943@vanguardlabs.com,+1-698-773-8145,"Atlanta, GA",2025-07-05,Active
CUST-00944,Jason Adams,Nexus Systems,Healthcare & Life Sciences,jason.adams944@nexussystems.com,+1-340-229-5233,"Boston, MA",2024-11-11,Churned
CUST-00945,Kimberly Nelson,Horizon Dynamics,SaaS & Cloud Software,kimberly.nelson945@horizondynam.com,+1-698-220-1906,"Sydney, Australia",2023-11-12,At-Risk
CUST-00946,William Lee,Elevate Enterprises,Financial Services & FinTech,william.lee946@elevateenter.com,+1-573-887-2479,"Denver, CO",2021-12-01,Inactive
CUST-00947,Ronald Turner,CoreTech Partners,Healthcare & Life Sciences,ronald.turner947@coretechpart.com,+1-315-784-9196,"Chicago, IL",2025-08-23,Active
CUST-00948,Jessica King,Aura Partners,Retail & E-Commerce,jessica.king948@aurapartners.com,+1-293-443-3003,"Atlanta, GA",2025-08-13,Inactive
CUST-00949,Kenneth Perez,Cognitive Digital,Telecommunications,kenneth.perez949@cognitivedig.com,+1-962-441-7928,"Sydney, Australia",2023-02-25,Inactive
CUST-00950,Betty Martinez,Quantum Dynamics,Manufacturing & Industrial,betty.martinez950@quantumdynam.com,+1-651-618-5166,"Boston, MA",2026-05-17,Active
CUST-00951,Linda Young,Horizon Innovations,Financial Services & FinTech,linda.young951@horizoninnov.com,+1-759-633-8780,"Seattle, WA",2026-04-09,Active
CUST-00952,Ashley Moore,Hyperion Innovations,Media & Entertainment,ashley.moore952@hyperioninno.com,+1-577-515-1345,"Sydney, Australia",2026-02-05,At-Risk
CUST-00953,John Turner,CoreTech Logistics,SaaS & Cloud Software,john.turner953@coretechlogi.com,+1-888-445-5144,"Sydney, Australia",2024-10-30,Active
CUST-00954,Deborah Martin,Velocity Digital,Professional Services & Consulting,deborah.martin954@velocitydigi.com,+1-325-747-4872,"Berlin, Germany",2024-03-08,Inactive
CUST-00955,Jeffrey Harris,Apex Global,Retail & E-Commerce,jeffrey.harris955@apexglobal.com,+1-293-441-5872,"Boston, MA",2023-06-07,Inactive
CUST-00956,Anthony Parker,Synapse Analytics,Professional Services & Consulting,anthony.parker956@synapseanaly.com,+1-617-234-5489,"Berlin, Germany",2024-02-09,At-Risk
CUST-00957,William Evans,Starlight Analytics,Media & Entertainment,william.evans957@starlightana.com,+1-623-540-7920,"Sydney, Australia",2026-03-05,Active
CUST-00958,Richard Evans,Synapse Digital,Retail & E-Commerce,richard.evans958@synapsedigit.com,+1-268-560-7895,"Toronto, Canada",2024-10-31,Active
CUST-00959,Michelle Robinson,Zenith Technologies,SaaS & Cloud Software,michelle.robinson959@zenithtechno.com,+1-857-388-8264,"Berlin, Germany",2021-11-24,At-Risk
CUST-00960,Sarah Smith,Beacon Systems,Retail & E-Commerce,sarah.smith960@beaconsystem.com,+1-790-284-2815,"Seattle, WA",2025-11-05,Churned
CUST-00961,Christopher Thomas,Solstice Digital,Healthcare & Life Sciences,christopher.thomas961@solsticedigi.com,+1-903-620-6233,"London, UK",2023-03-14,Active
CUST-00962,Laura Walker,CoreTech Dynamics,Retail & E-Commerce,laura.walker962@coretechdyna.com,+1-904-807-6367,"Austin, TX",2025-11-03,At-Risk
CUST-00963,Andrew Gonzalez,Vertex Global,Professional Services & Consulting,andrew.gonzalez963@vertexglobal.com,+1-603-586-4677,"Austin, TX",2024-05-12,Inactive
CUST-00964,Robert Johnson,Horizon Logistics,Manufacturing & Industrial,robert.johnson964@horizonlogis.com,+1-674-403-5289,"San Francisco, CA",2024-11-26,Inactive
CUST-00965,Nancy Brown,Beacon Health,Telecommunications,nancy.brown965@beaconhealth.com,+1-467-352-2459,"London, UK",2025-11-02,At-Risk
CUST-00966,Melissa Hernandez,Cognitive Solutions,SaaS & Cloud Software,melissa.hernandez966@cognitivesol.com,+1-739-645-8433,"Sydney, Australia",2025-05-04,At-Risk
CUST-00967,Amy Davis,Vanguard Digital,Manufacturing & Industrial,amy.davis967@vanguarddigi.com,+1-473-494-9096,"Chicago, IL",2025-06-22,Churned
CUST-00968,Edward Rodriguez,Pinnacle Partners,Manufacturing & Industrial,edward.rodriguez968@pinnaclepart.com,+1-421-489-4102,"London, UK",2025-04-23,Inactive
CUST-00969,Rebecca Lopez,Pinnacle Labs,Healthcare & Life Sciences,rebecca.lopez969@pinnaclelabs.com,+1-498-468-4858,"New York, NY",2026-02-19,At-Risk
CUST-00970,Laura Thomas,Catalyst Health,Media & Entertainment,laura.thomas970@catalystheal.com,+1-211-680-3182,"San Francisco, CA",2025-10-25,At-Risk
CUST-00971,Michelle Hall,Beacon Logistics,Manufacturing & Industrial,michelle.hall971@beaconlogist.com,+1-593-633-5198,"Sydney, Australia",2026-01-27,Active
CUST-00972,Elizabeth Miller,Horizon Technologies,SaaS & Cloud Software,elizabeth.miller972@horizontechn.com,+1-441-682-6804,"Seattle, WA",2023-10-01,Inactive
CUST-00973,Jennifer Smith,Omni Capital,Telecommunications,jennifer.smith973@omnicapital.com,+1-605-887-7076,"Boston, MA",2025-03-25,Churned
CUST-00974,Thomas Scott,Nexus Health,Healthcare & Life Sciences,thomas.scott974@nexushealth.com,+1-374-715-9074,"Boston, MA",2022-11-26,Inactive
CUST-00975,Carol Robinson,Hyperion Solutions,Professional Services & Consulting,carol.robinson975@hyperionsolu.com,+1-744-643-3323,"Sydney, Australia",2023-07-04,Active
CUST-00976,Dorothy Davis,Aegis Technologies,Healthcare & Life Sciences,dorothy.davis976@aegistechnol.com,+1-488-569-8046,"Atlanta, GA",2025-10-18,Active
CUST-00977,Andrew Taylor,Elevate Partners,Retail & E-Commerce,andrew.taylor977@elevatepartn.com,+1-521-646-3703,"Toronto, Canada",2025-07-11,At-Risk
CUST-00978,Kenneth Mitchell,Meridian Labs,Healthcare & Life Sciences,kenneth.mitchell978@meridianlabs.com,+1-874-851-8208,"Toronto, Canada",2022-04-02,Active
CUST-00979,Michael Gonzalez,Hyperion Technologies,Manufacturing & Industrial,michael.gonzalez979@hyperiontech.com,+1-237-681-5263,"Austin, TX",2023-06-29,At-Risk
CUST-00980,Christopher Rivera,Acro Global,Financial Services & FinTech,christopher.rivera980@acroglobal.com,+1-242-652-6841,"Atlanta, GA",2025-12-02,Active
CUST-00981,Gary Robinson,Meridian Solutions,Healthcare & Life Sciences,gary.robinson981@meridiansolu.com,+1-558-295-4337,"San Francisco, CA",2024-05-07,Inactive
CUST-00982,Andrew Lopez,Synapse Digital,Retail & E-Commerce,andrew.lopez982@synapsedigit.com,+1-880-799-4479,"London, UK",2025-05-16,Churned
CUST-00983,James King,Starlight Health,Healthcare & Life Sciences,james.king983@starlighthea.com,+1-279-452-9161,"Denver, CO",2022-03-10,Inactive
CUST-00984,Richard Perez,Apex Enterprises,Financial Services & FinTech,richard.perez984@apexenterpri.com,+1-583-804-2737,"Denver, CO",2022-01-19,Active
CUST-00985,Michelle Martinez,Apex Solutions,Media & Entertainment,michelle.martinez985@apexsolution.com,+1-876-691-8439,"Sydney, Australia",2024-04-17,Churned
CUST-00986,Paul Hill,Aura Technologies,Professional Services & Consulting,paul.hill986@auratechnolo.com,+1-872-837-8423,"New York, NY",2024-06-23,At-Risk
CUST-00987,Michelle Campbell,CoreTech Labs,Healthcare & Life Sciences,michelle.campbell987@coretechlabs.com,+1-250-859-5635,"Chicago, IL",2026-01-23,Active
CUST-00988,Michelle Phillips,Nexus Digital,Financial Services & FinTech,michelle.phillips988@nexusdigital.com,+1-817-590-2516,"Toronto, Canada",2024-05-19,Active
CUST-00989,Stephanie Taylor,Synapse Systems,Telecommunications,stephanie.taylor989@synapsesyste.com,+1-222-413-3669,"San Francisco, CA",2024-10-07,At-Risk
CUST-00990,Deborah Roberts,Beacon Enterprises,Healthcare & Life Sciences,deborah.roberts990@beaconenterp.com,+1-506-702-8083,"San Francisco, CA",2025-01-31,Churned
CUST-00991,Donna Baker,Elevate Dynamics,Professional Services & Consulting,donna.baker991@elevatedynam.com,+1-299-576-9399,"Berlin, Germany",2024-11-05,Churned
CUST-00992,Margaret Young,Acro Global,Media & Entertainment,margaret.young992@acroglobal.com,+1-777-814-7931,"Boston, MA",2026-02-18,At-Risk
CUST-00993,Barbara Carter,Pinnacle Labs,Professional Services & Consulting,barbara.carter993@pinnaclelabs.com,+1-391-644-7979,"London, UK",2024-09-24,Inactive
CUST-00994,Barbara Williams,Solstice Innovations,Media & Entertainment,barbara.williams994@solsticeinno.com,+1-430-863-3540,"Berlin, Germany",2025-08-29,Inactive
CUST-00995,Amy King,Velocity Logistics,Financial Services & FinTech,amy.king995@velocitylogi.com,+1-680-647-2297,"Boston, MA",2026-02-24,Active
CUST-00996,Kathleen Martin,Hyperion Dynamics,Retail & E-Commerce,kathleen.martin996@hyperiondyna.com,+1-736-637-5841,"Chicago, IL",2022-03-18,Active
CUST-00997,Michael Scott,Vertex Technologies,Financial Services & FinTech,michael.scott997@vertextechno.com,+1-636-622-2548,"Toronto, Canada",2022-08-26,Inactive
CUST-00998,Cynthia Nelson,CoreTech Health,Retail & E-Commerce,cynthia.nelson998@coretechheal.com,+1-461-799-2339,"Seattle, WA",2022-10-06,Inactive
CUST-00999,Robert Davis,CoreTech Logistics,Media & Entertainment,robert.davis999@coretechlogi.com,+1-387-602-1741,"Austin, TX",2026-04-02,At-Risk
CUST-01000,William Clark,Zenith Enterprises,Professional Services & Consulting,william.clark1000@zenithenterp.com,+1-942-665-8371,"London, UK",2022-10-26,Inactive
CUST-01001,Dorothy Perez,Synapse Systems,Healthcare & Life Sciences,dorothy.perez1001@synapsesyste.com,+1-965-818-5248,"San Francisco, CA",2024-02-06,Active
CUST-01002,Susan Ramirez,Horizon Technologies,SaaS & Cloud Software,susan.ramirez1002@horizontechn.com,+1-320-213-3813,"Denver, CO",2026-04-03,Active
CUST-01003,Kathleen Robinson,Zenith Global,Media & Entertainment,kathleen.robinson1003@zenithglobal.com,+1-834-831-6910,"Boston, MA",2023-02-06,Inactive
CUST-01004,Ronald Phillips,Prism Solutions,Healthcare & Life Sciences,ronald.phillips1004@prismsolutio.com,+1-215-395-2833,"Austin, TX",2024-09-21,Churned
CUST-01005,Robert Hall,Stratosphere Partners,SaaS & Cloud Software,robert.hall1005@stratosphere.com,+1-693-864-3378,"Chicago, IL",2024-01-22,Churned
CUST-01006,Donald Ramirez,Velocity Partners,Manufacturing & Industrial,donald.ramirez1006@velocitypart.com,+1-509-674-3427,"San Francisco, CA",2025-07-05,Inactive
CUST-01007,Jacob Ramirez,Apex Solutions,Healthcare & Life Sciences,jacob.ramirez1007@apexsolution.com,+1-957-655-8947,"Austin, TX",2026-03-14,Active
CUST-01008,Jacob Johnson,Acro Health,Manufacturing & Industrial,jacob.johnson1008@acrohealth.com,+1-502-783-7418,"Chicago, IL",2025-01-01,Churned
CUST-01009,Michael Perez,Apex Solutions,Telecommunications,michael.perez1009@apexsolution.com,+1-708-792-5764,"Denver, CO",2024-08-05,At-Risk
CUST-01010,John Young,Beacon Analytics,Media & Entertainment,john.young1010@beaconanalyt.com,+1-932-262-9655,"Chicago, IL",2024-01-10,Inactive
CUST-01011,Robert Ramirez,Cognitive Innovations,Financial Services & FinTech,robert.ramirez1011@cognitiveinn.com,+1-864-627-8755,"Boston, MA",2023-09-06,At-Risk
CUST-01012,Joseph Young,Elevate Logistics,Professional Services & Consulting,joseph.young1012@elevatelogis.com,+1-915-646-1340,"Atlanta, GA",2022-12-18,Inactive
CUST-01013,Christopher Jackson,CoreTech Systems,Media & Entertainment,christopher.jackson1013@coretechsyst.com,+1-649-437-9317,"Seattle, WA",2024-01-14,Inactive
CUST-01014,Mark Nguyen,Aura Innovations,Media & Entertainment,mark.nguyen1014@aurainnovati.com,+1-501-599-7829,"Austin, TX",2023-09-23,Active
CUST-01015,George Gomez,Meridian Labs,Healthcare & Life Sciences,george.gomez1015@meridianlabs.com,+1-413-489-2412,"London, UK",2023-08-10,Churned
CUST-01016,Kathleen Rodriguez,Synapse Systems,Healthcare & Life Sciences,kathleen.rodriguez1016@synapsesyste.com,+1-704-303-7815,"London, UK",2025-06-03,Inactive
CUST-01017,Amy Martin,Vanguard Systems,SaaS & Cloud Software,amy.martin1017@vanguardsyst.com,+1-568-467-6849,"New York, NY",2024-09-29,Active
CUST-01018,Christopher Lopez,Solstice Technologies,Financial Services & FinTech,christopher.lopez1018@solsticetech.com,+1-641-316-4714,"Seattle, WA",2026-05-07,Active
CUST-01019,Jessica Scott,Vanguard Analytics,Retail & E-Commerce,jessica.scott1019@vanguardanal.com,+1-564-247-5382,"Seattle, WA",2024-12-30,Inactive
CUST-01020,Karen Diaz,Zenith Partners,Financial Services & FinTech,karen.diaz1020@zenithpartne.com,+1-252-648-8489,"Sydney, Australia",2025-04-10,At-Risk
CUST-01021,Joseph Miller,Elevate Health,Financial Services & FinTech,joseph.miller1021@elevatehealt.com,+1-243-719-2727,"Toronto, Canada",2026-05-24,Active
CUST-01022,Nancy Green,Quantum Partners,Manufacturing & Industrial,nancy.green1022@quantumpartn.com,+1-361-499-8233,"Seattle, WA",2024-03-10,At-Risk
CUST-01023,Amy Campbell,Quantum Dynamics,Professional Services & Consulting,amy.campbell1023@quantumdynam.com,+1-342-325-4307,"Seattle, WA",2024-04-02,Inactive
CUST-01024,Jeffrey Clark,Starlight Labs,SaaS & Cloud Software,jeffrey.clark1024@starlightlab.com,+1-686-549-5698,"Chicago, IL",2024-04-02,Inactive
CUST-01025,Nancy Garcia,Omni Innovations,Telecommunications,nancy.garcia1025@omniinnovati.com,+1-845-880-5021,"Seattle, WA",2026-02-05,Inactive
CUST-01026,Karen Carter,Starlight Capital,Telecommunications,karen.carter1026@starlightcap.com,+1-342-639-7773,"Chicago, IL",2023-06-02,Inactive
CUST-01027,Timothy Robinson,Solstice Labs,Professional Services & Consulting,timothy.robinson1027@solsticelabs.com,+1-654-349-1162,"New York, NY",2023-08-28,Inactive
CUST-01028,David Garcia,Aegis Innovations,Telecommunications,david.garcia1028@aegisinnovat.com,+1-645-262-7443,"Austin, TX",2025-05-06,Churned
CUST-01029,John Nelson,Velocity Dynamics,SaaS & Cloud Software,john.nelson1029@velocitydyna.com,+1-931-876-9516,"Berlin, Germany",2023-11-18,Inactive
CUST-01030,Emily Clark,Beacon Logistics,Retail & E-Commerce,emily.clark1030@beaconlogist.com,+1-961-521-6638,"Sydney, Australia",2025-03-12,Churned
CUST-01031,Mary Evans,Omni Capital,Healthcare & Life Sciences,mary.evans1031@omnicapital.com,+1-614-656-4360,"Sydney, Australia",2025-07-24,Active
CUST-01032,Jeffrey Hall,Catalyst Labs,Telecommunications,jeffrey.hall1032@catalystlabs.com,+1-509-286-1605,"Chicago, IL",2025-10-19,Active
CUST-01033,Kevin Harris,CoreTech Digital,Healthcare & Life Sciences,kevin.harris1033@coretechdigi.com,+1-754-490-4501,"Toronto, Canada",2024-06-18,Inactive
CUST-01034,Barbara Allen,Horizon Enterprises,Professional Services & Consulting,barbara.allen1034@horizonenter.com,+1-364-223-1456,"Berlin, Germany",2023-10-05,Active
CUST-01035,Dorothy Thomas,Starlight Enterprises,Telecommunications,dorothy.thomas1035@starlightent.com,+1-314-261-7110,"Toronto, Canada",2022-06-10,Active
CUST-01036,Dorothy Green,Solstice Innovations,Financial Services & FinTech,dorothy.green1036@solsticeinno.com,+1-975-866-3043,"New York, NY",2025-06-20,Inactive
CUST-01037,Laura Martin,Cognitive Digital,SaaS & Cloud Software,laura.martin1037@cognitivedig.com,+1-548-441-9737,"Atlanta, GA",2023-01-05,At-Risk
CUST-01038,Sandra Thompson,Prism Enterprises,Healthcare & Life Sciences,sandra.thompson1038@prismenterpr.com,+1-587-732-5057,"Sydney, Australia",2025-02-12,Churned
CUST-01039,Susan Lee,Solstice Health,Manufacturing & Industrial,susan.lee1039@solsticeheal.com,+1-666-300-3401,"Seattle, WA",2025-03-26,Active
CUST-01040,Jason Turner,Pinnacle Solutions,Financial Services & FinTech,jason.turner1040@pinnaclesolu.com,+1-636-333-8802,"New York, NY",2024-05-27,Inactive
CUST-01041,Betty Lewis,Vertex Innovations,Telecommunications,betty.lewis1041@vertexinnova.com,+1-773-731-7468,"London, UK",2025-12-16,Active
CUST-01042,Dorothy Nguyen,Meridian Logistics,Telecommunications,dorothy.nguyen1042@meridianlogi.com,+1-906-701-7830,"Atlanta, GA",2023-09-29,Churned
CUST-01043,Christopher Martinez,Solstice Dynamics,Media & Entertainment,christopher.martinez1043@solsticedyna.com,+1-669-332-9408,"Sydney, Australia",2024-09-19,Active
CUST-01044,Jessica Hall,Stratosphere Analytics,Media & Entertainment,jessica.hall1044@stratosphere.com,+1-965-360-7051,"New York, NY",2026-02-27,Active
CUST-01045,Jessica Hill,Pinnacle Solutions,Financial Services & FinTech,jessica.hill1045@pinnaclesolu.com,+1-786-496-1659,"Seattle, WA",2023-05-03,Inactive
CUST-01046,Karen Davis,Catalyst Enterprises,Professional Services & Consulting,karen.davis1046@catalystente.com,+1-502-697-1458,"Boston, MA",2026-01-30,Active
CUST-01047,Charles Martinez,Cognitive Global,SaaS & Cloud Software,charles.martinez1047@cognitiveglo.com,+1-491-420-3999,"Boston, MA",2025-09-20,At-Risk
CUST-01048,Gary Smith,Quantum Capital,Professional Services & Consulting,gary.smith1048@quantumcapit.com,+1-246-627-8883,"San Francisco, CA",2025-01-21,Active
CUST-01049,Donna Torres,Acro Innovations,Telecommunications,donna.torres1049@acroinnovati.com,+1-938-820-3175,"Atlanta, GA",2025-01-10,Inactive
CUST-01050,Sarah Allen,Velocity Analytics,Media & Entertainment,sarah.allen1050@velocityanal.com,+1-660-352-6328,"Berlin, Germany",2023-11-28,At-Risk
CUST-01051,Barbara Phillips,Elevate Logistics,Telecommunications,barbara.phillips1051@elevatelogis.com,+1-439-604-6554,"Denver, CO",2024-04-10,Inactive
CUST-01052,Jennifer Nelson,Acro Digital,Retail & E-Commerce,jennifer.nelson1052@acrodigital.com,+1-291-369-1406,"Berlin, Germany",2026-05-08,Active
CUST-01053,Donna Scott,Velocity Solutions,Financial Services & FinTech,donna.scott1053@velocitysolu.com,+1-834-754-1866,"Chicago, IL",2025-08-10,Inactive
CUST-01054,Matthew Carter,Meridian Capital,SaaS & Cloud Software,matthew.carter1054@meridiancapi.com,+1-875-744-3944,"San Francisco, CA",2025-02-03,Churned
CUST-01055,Robert Moore,Stratosphere Systems,Media & Entertainment,robert.moore1055@stratosphere.com,+1-747-821-6249,"San Francisco, CA",2023-01-28,Inactive
CUST-01056,Stephanie Nguyen,Nexus Analytics,SaaS & Cloud Software,stephanie.nguyen1056@nexusanalyti.com,+1-648-384-7798,"Seattle, WA",2022-10-09,Active
CUST-01057,Patricia Parker,Solstice Innovations,Telecommunications,patricia.parker1057@solsticeinno.com,+1-294-317-2627,"Boston, MA",2025-05-09,Churned
CUST-01058,Nancy Jackson,Hyperion Dynamics,Retail & E-Commerce,nancy.jackson1058@hyperiondyna.com,+1-358-514-7672,"San Francisco, CA",2024-07-02,At-Risk
CUST-01059,Nancy Brown,Elevate Innovations,Healthcare & Life Sciences,nancy.brown1059@elevateinnov.com,+1-931-259-5882,"New York, NY",2026-01-03,At-Risk
CUST-01060,Deborah Miller,Aegis Dynamics,Telecommunications,deborah.miller1060@aegisdynamic.com,+1-465-584-2981,"Seattle, WA",2025-09-29,At-Risk
CUST-01061,Michael Gonzalez,Vanguard Labs,Manufacturing & Industrial,michael.gonzalez1061@vanguardlabs.com,+1-721-716-7308,"Atlanta, GA",2023-08-07,Inactive
CUST-01062,Joseph Moore,Nexus Innovations,Media & Entertainment,joseph.moore1062@nexusinnovat.com,+1-617-267-8932,"Toronto, Canada",2024-07-29,Inactive
CUST-01063,Patricia Clark,Velocity Systems,SaaS & Cloud Software,patricia.clark1063@velocitysyst.com,+1-768-800-2663,"Boston, MA",2026-01-07,Churned
CUST-01064,Ashley Carter,Horizon Logistics,Healthcare & Life Sciences,ashley.carter1064@horizonlogis.com,+1-782-616-8306,"Boston, MA",2025-04-09,At-Risk
CUST-01065,William Diaz,Velocity Capital,Manufacturing & Industrial,william.diaz1065@velocitycapi.com,+1-583-753-3755,"Austin, TX",2023-05-28,Inactive
CUST-01066,Ashley Wright,Pinnacle Capital,Media & Entertainment,ashley.wright1066@pinnaclecapi.com,+1-202-675-5739,"New York, NY",2025-05-17,Churned
CUST-01067,Nancy Smith,Nexus Analytics,Retail & E-Commerce,nancy.smith1067@nexusanalyti.com,+1-457-896-7228,"London, UK",2025-07-31,Inactive
CUST-01068,Brian Turner,Velocity Systems,Retail & E-Commerce,brian.turner1068@velocitysyst.com,+1-366-746-2145,"New York, NY",2023-11-04,Active
CUST-01069,Joshua Garcia,Beacon Digital,Financial Services & FinTech,joshua.garcia1069@beacondigita.com,+1-943-769-5578,"Austin, TX",2023-08-06,At-Risk
CUST-01070,Sharon Wilson,Elevate Capital,Professional Services & Consulting,sharon.wilson1070@elevatecapit.com,+1-551-850-5282,"Berlin, Germany",2023-04-24,Active
CUST-01071,Laura Moore,Vanguard Logistics,Professional Services & Consulting,laura.moore1071@vanguardlogi.com,+1-416-670-6381,"Seattle, WA",2025-04-25,Inactive
CUST-01072,Robert Hall,Hyperion Logistics,SaaS & Cloud Software,robert.hall1072@hyperionlogi.com,+1-688-204-1156,"London, UK",2023-01-30,Inactive
CUST-01073,Daniel Clark,Horizon Digital,Media & Entertainment,daniel.clark1073@horizondigit.com,+1-752-283-2270,"Denver, CO",2025-07-14,Active
CUST-01074,Patricia Turner,Aura Analytics,Financial Services & FinTech,patricia.turner1074@auraanalytic.com,+1-586-815-6864,"Seattle, WA",2022-09-18,At-Risk
CUST-01075,Deborah Lopez,Starlight Labs,SaaS & Cloud Software,deborah.lopez1075@starlightlab.com,+1-674-579-4161,"San Francisco, CA",2026-03-31,At-Risk
CUST-01076,Jeffrey Smith,Vanguard Digital,SaaS & Cloud Software,jeffrey.smith1076@vanguarddigi.com,+1-897-566-4137,"Boston, MA",2025-10-08,At-Risk
CUST-01077,Barbara Evans,Elevate Logistics,Retail & E-Commerce,barbara.evans1077@elevatelogis.com,+1-427-439-9090,"Sydney, Australia",2023-10-09,At-Risk
CUST-01078,George Williams,Omni Analytics,Manufacturing & Industrial,george.williams1078@omnianalytic.com,+1-401-853-7489,"New York, NY",2025-12-21,Active
CUST-01079,Joseph Parker,Omni Health,Media & Entertainment,joseph.parker1079@omnihealth.com,+1-766-398-3875,"Austin, TX",2023-12-10,Inactive
CUST-01080,David Nguyen,Hyperion Digital,Financial Services & FinTech,david.nguyen1080@hyperiondigi.com,+1-466-783-4734,"Austin, TX",2023-11-26,Inactive
CUST-01081,Kimberly Gonzalez,Aura Technologies,Retail & E-Commerce,kimberly.gonzalez1081@auratechnolo.com,+1-774-664-1032,"Berlin, Germany",2025-07-12,Churned
CUST-01082,Jason Adams,Aura Logistics,SaaS & Cloud Software,jason.adams1082@auralogistic.com,+1-643-616-5489,"Seattle, WA",2024-02-15,Active
CUST-01083,Jessica Baker,Solstice Analytics,Media & Entertainment,jessica.baker1083@solsticeanal.com,+1-730-244-4678,"Seattle, WA",2025-12-22,Active
CUST-01084,Michael Moore,Pinnacle Capital,Media & Entertainment,michael.moore1084@pinnaclecapi.com,+1-206-601-4188,"Seattle, WA",2025-10-29,Inactive
CUST-01085,Kevin Garcia,Cognitive Labs,SaaS & Cloud Software,kevin.garcia1085@cognitivelab.com,+1-432-633-2219,"Sydney, Australia",2024-03-02,Inactive
CUST-01086,Ashley Gonzalez,Synapse Innovations,Retail & E-Commerce,ashley.gonzalez1086@synapseinnov.com,+1-842-840-2584,"San Francisco, CA",2026-04-09,Active
CUST-01087,Patricia Walker,Pinnacle Labs,SaaS & Cloud Software,patricia.walker1087@pinnaclelabs.com,+1-842-542-5102,"London, UK",2025-10-24,At-Risk
CUST-01088,Ashley Miller,Meridian Systems,Professional Services & Consulting,ashley.miller1088@meridiansyst.com,+1-542-732-4878,"New York, NY",2023-08-31,Active
CUST-01089,Elizabeth Roberts,Elevate Health,Media & Entertainment,elizabeth.roberts1089@elevatehealt.com,+1-841-657-3045,"San Francisco, CA",2024-04-15,Inactive
CUST-01090,William Brown,Nexus Global,Professional Services & Consulting,william.brown1090@nexusglobal.com,+1-267-330-2015,"Sydney, Australia",2024-02-10,Inactive
CUST-01091,Jeffrey Brown,Prism Health,Telecommunications,jeffrey.brown1091@prismhealth.com,+1-305-893-1914,"San Francisco, CA",2022-12-23,Inactive
CUST-01092,Michael Jackson,Beacon Global,Financial Services & FinTech,michael.jackson1092@beaconglobal.com,+1-971-620-4819,"London, UK",2025-08-30,Active
CUST-01093,Mary Robinson,Beacon Analytics,Telecommunications,mary.robinson1093@beaconanalyt.com,+1-835-303-6564,"London, UK",2026-04-15,Active
CUST-01094,Patricia Robinson,Solstice Innovations,Manufacturing & Industrial,patricia.robinson1094@solsticeinno.com,+1-306-212-2106,"San Francisco, CA",2026-02-19,Active
CUST-01095,Matthew Torres,Hyperion Logistics,Retail & E-Commerce,matthew.torres1095@hyperionlogi.com,+1-632-692-8284,"Seattle, WA",2026-05-13,Active
CUST-01096,Lisa Thomas,Hyperion Labs,SaaS & Cloud Software,lisa.thomas1096@hyperionlabs.com,+1-331-519-8140,"New York, NY",2021-11-03,Inactive
CUST-01097,Amanda Martin,Cognitive Capital,Healthcare & Life Sciences,amanda.martin1097@cognitivecap.com,+1-681-516-6618,"Austin, TX",2023-05-14,At-Risk
CUST-01098,Emily White,Apex Capital,Healthcare & Life Sciences,emily.white1098@apexcapital.com,+1-444-719-1894,"New York, NY",2022-10-06,At-Risk
CUST-01099,Jason Thompson,Stratosphere Systems,Manufacturing & Industrial,jason.thompson1099@stratosphere.com,+1-550-393-8794,"San Francisco, CA",2025-01-14,Churned
CUST-01100,Cynthia Hill,Zenith Innovations,Professional Services & Consulting,cynthia.hill1100@zenithinnova.com,+1-507-628-6384,"London, UK",2023-08-20,Inactive
CUST-01101,Christopher Miller,Acro Labs,SaaS & Cloud Software,christopher.miller1101@acrolabs.com,+1-425-203-4654,"Atlanta, GA",2023-06-16,At-Risk
CUST-01102,Sandra Robinson,Elevate Systems,Manufacturing & Industrial,sandra.robinson1102@elevatesyste.com,+1-953-539-7158,"Atlanta, GA",2024-11-07,Inactive
CUST-01103,Anthony Sanchez,Synapse Partners,SaaS & Cloud Software,anthony.sanchez1103@synapsepartn.com,+1-211-275-6863,"Seattle, WA",2025-10-15,Inactive
CUST-01104,Patricia Scott,Quantum Dynamics,Retail & E-Commerce,patricia.scott1104@quantumdynam.com,+1-400-846-6896,"Atlanta, GA",2025-06-15,Inactive
CUST-01105,Jennifer Johnson,Stratosphere Systems,Retail & E-Commerce,jennifer.johnson1105@stratosphere.com,+1-425-468-3855,"Austin, TX",2025-03-22,Inactive
CUST-01106,Carol Diaz,Horizon Systems,Healthcare & Life Sciences,carol.diaz1106@horizonsyste.com,+1-223-380-5289,"Chicago, IL",2024-11-26,At-Risk
CUST-01107,Richard Johnson,Aura Dynamics,Telecommunications,richard.johnson1107@auradynamics.com,+1-314-546-4444,"Berlin, Germany",2024-08-09,Inactive
CUST-01108,Donna Robinson,Vanguard Innovations,Professional Services & Consulting,donna.robinson1108@vanguardinno.com,+1-376-739-8106,"Berlin, Germany",2025-10-07,Churned
CUST-01109,David Davis,Hyperion Dynamics,Manufacturing & Industrial,david.davis1109@hyperiondyna.com,+1-746-587-7131,"Chicago, IL",2026-04-02,Active
CUST-01110,Kenneth Hill,Pinnacle Logistics,Manufacturing & Industrial,kenneth.hill1110@pinnaclelogi.com,+1-982-830-4098,"New York, NY",2024-02-19,Inactive
CUST-01111,Emily Gomez,Hyperion Innovations,Manufacturing & Industrial,emily.gomez1111@hyperioninno.com,+1-845-486-3071,"New York, NY",2025-05-06,Churned
CUST-01112,Gary Wilson,CoreTech Solutions,Media & Entertainment,gary.wilson1112@coretechsolu.com,+1-830-266-3743,"Berlin, Germany",2025-10-24,At-Risk
CUST-01113,Deborah Carter,Velocity Labs,Professional Services & Consulting,deborah.carter1113@velocitylabs.com,+1-732-675-3932,"Atlanta, GA",2022-11-12,Active
CUST-01114,Michelle Rivera,Catalyst Capital,Media & Entertainment,michelle.rivera1114@catalystcapi.com,+1-707-685-5396,"Sydney, Australia",2025-07-12,Active
CUST-01115,Stephanie Green,Cognitive Logistics,SaaS & Cloud Software,stephanie.green1115@cognitivelog.com,+1-425-407-8406,"Chicago, IL",2025-12-15,Active
CUST-01116,Donald Sanchez,Stratosphere Enterprises,Telecommunications,donald.sanchez1116@stratosphere.com,+1-786-360-7129,"Denver, CO",2026-06-11,Active
CUST-01117,Steven Scott,Vertex Dynamics,Financial Services & FinTech,steven.scott1117@vertexdynami.com,+1-656-731-6760,"Boston, MA",2022-04-22,Inactive
CUST-01118,Sandra Nguyen,Nexus Analytics,Professional Services & Consulting,sandra.nguyen1118@nexusanalyti.com,+1-662-678-8086,"Denver, CO",2024-01-27,Inactive
CUST-01119,Timothy White,Meridian Innovations,Retail & E-Commerce,timothy.white1119@meridianinno.com,+1-226-383-8236,"Denver, CO",2023-08-24,Inactive
CUST-01120,Sandra Taylor,Velocity Solutions,Professional Services & Consulting,sandra.taylor1120@velocitysolu.com,+1-502-713-9401,"San Francisco, CA",2022-12-17,Inactive
CUST-01121,William Gomez,Omni Systems,Financial Services & FinTech,william.gomez1121@omnisystems.com,+1-274-568-1627,"San Francisco, CA",2025-10-07,Inactive
CUST-01122,Margaret Perez,Stratosphere Logistics,Professional Services & Consulting,margaret.perez1122@stratosphere.com,+1-510-899-5496,"Boston, MA",2024-03-04,Inactive
CUST-01123,Matthew Rivera,Elevate Dynamics,Retail & E-Commerce,matthew.rivera1123@elevatedynam.com,+1-989-506-5617,"New York, NY",2024-08-05,Inactive
CUST-01124,Brian Gomez,Beacon Global,SaaS & Cloud Software,brian.gomez1124@beaconglobal.com,+1-870-724-3445,"Atlanta, GA",2025-02-08,Churned
CUST-01125,Ronald Anderson,Vanguard Digital,Manufacturing & Industrial,ronald.anderson1125@vanguarddigi.com,+1-440-728-8679,"Atlanta, GA",2025-08-11,Active
CUST-01126,Cynthia Perez,Vertex Innovations,Manufacturing & Industrial,cynthia.perez1126@vertexinnova.com,+1-989-627-4433,"Denver, CO",2026-04-28,Active
CUST-01127,Jeffrey Lewis,Horizon Technologies,Professional Services & Consulting,jeffrey.lewis1127@horizontechn.com,+1-792-331-6006,"Austin, TX",2025-09-05,Active
CUST-01128,Mary Young,Aura Partners,Professional Services & Consulting,mary.young1128@aurapartners.com,+1-431-629-7974,"Seattle, WA",2023-04-28,Inactive
CUST-01129,Stephanie Carter,Starlight Digital,Retail & E-Commerce,stephanie.carter1129@starlightdig.com,+1-802-223-1527,"Seattle, WA",2023-04-18,Inactive
CUST-01130,Sarah Martinez,Aegis Health,Telecommunications,sarah.martinez1130@aegishealth.com,+1-410-600-2043,"Denver, CO",2022-07-29,At-Risk
CUST-01131,Deborah Gonzalez,Meridian Solutions,Professional Services & Consulting,deborah.gonzalez1131@meridiansolu.com,+1-663-854-5991,"London, UK",2025-12-24,Churned
CUST-01132,Barbara Hernandez,Quantum Logistics,Healthcare & Life Sciences,barbara.hernandez1132@quantumlogis.com,+1-906-817-9005,"New York, NY",2025-07-02,At-Risk
CUST-01133,Patricia Lopez,Stratosphere Solutions,Telecommunications,patricia.lopez1133@stratosphere.com,+1-411-438-5769,"Boston, MA",2022-05-24,At-Risk
CUST-01134,David Robinson,Nexus Innovations,SaaS & Cloud Software,david.robinson1134@nexusinnovat.com,+1-535-620-7407,"Austin, TX",2022-07-29,Inactive
CUST-01135,Christopher Davis,Hyperion Capital,Telecommunications,christopher.davis1135@hyperioncapi.com,+1-961-270-7373,"Atlanta, GA",2026-02-18,Active
CUST-01136,Anthony Rodriguez,Stratosphere Enterprises,Telecommunications,anthony.rodriguez1136@stratosphere.com,+1-881-686-3601,"Sydney, Australia",2021-12-06,Active
CUST-01137,Donna Nguyen,Stratosphere Capital,Media & Entertainment,donna.nguyen1137@stratosphere.com,+1-407-207-3337,"Boston, MA",2022-08-18,Inactive
CUST-01138,Laura Jones,Beacon Health,Manufacturing & Industrial,laura.jones1138@beaconhealth.com,+1-537-782-9043,"Toronto, Canada",2024-09-07,At-Risk
CUST-01139,Ryan Robinson,Cognitive Technologies,Financial Services & FinTech,ryan.robinson1139@cognitivetec.com,+1-862-667-6681,"Boston, MA",2023-04-23,Inactive
CUST-01140,Joshua Sanchez,Elevate Partners,Healthcare & Life Sciences,joshua.sanchez1140@elevatepartn.com,+1-456-383-8079,"Denver, CO",2026-02-09,Active
CUST-01141,Ryan Harris,Aura Dynamics,Financial Services & FinTech,ryan.harris1141@auradynamics.com,+1-916-244-4927,"Denver, CO",2025-07-21,Churned
CUST-01142,Christopher Moore,Velocity Capital,Retail & E-Commerce,christopher.moore1142@velocitycapi.com,+1-269-422-9085,"Berlin, Germany",2025-12-20,Active
CUST-01143,Timothy Carter,Horizon Solutions,Professional Services & Consulting,timothy.carter1143@horizonsolut.com,+1-974-307-9264,"San Francisco, CA",2025-07-20,Active
CUST-01144,Michelle Clark,Acro Dynamics,Retail & E-Commerce,michelle.clark1144@acrodynamics.com,+1-719-245-8572,"Chicago, IL",2026-03-21,Active
CUST-01145,Patricia Jones,Velocity Digital,Media & Entertainment,patricia.jones1145@velocitydigi.com,+1-552-608-4185,"Denver, CO",2024-09-30,At-Risk
CUST-01146,Ronald Williams,Apex Enterprises,Financial Services & FinTech,ronald.williams1146@apexenterpri.com,+1-340-534-8606,"Sydney, Australia",2022-09-17,Inactive
CUST-01147,Gary Robinson,Vertex Solutions,Manufacturing & Industrial,gary.robinson1147@vertexsoluti.com,+1-649-343-8713,"Sydney, Australia",2025-11-27,Churned
CUST-01148,Kimberly Turner,Synapse Dynamics,SaaS & Cloud Software,kimberly.turner1148@synapsedynam.com,+1-303-381-5819,"London, UK",2026-01-09,At-Risk
CUST-01149,Jessica Wright,CoreTech Global,Healthcare & Life Sciences,jessica.wright1149@coretechglob.com,+1-888-211-5476,"San Francisco, CA",2025-05-04,Inactive
CUST-01150,Karen Lewis,Catalyst Dynamics,Manufacturing & Industrial,karen.lewis1150@catalystdyna.com,+1-236-891-9721,"Sydney, Australia",2023-05-04,Inactive
CUST-01151,Betty Lewis,Zenith Technologies,Financial Services & FinTech,betty.lewis1151@zenithtechno.com,+1-907-515-8274,"Denver, CO",2025-07-05,Churned
CUST-01152,Michael Hill,Apex Technologies,Telecommunications,michael.hill1152@apextechnolo.com,+1-456-583-4908,"Chicago, IL",2025-06-23,Churned
CUST-01153,Margaret Garcia,Apex Global,SaaS & Cloud Software,margaret.garcia1153@apexglobal.com,+1-546-396-2035,"New York, NY",2026-01-22,Active
CUST-01154,Mark Miller,Aura Dynamics,Healthcare & Life Sciences,mark.miller1154@auradynamics.com,+1-626-724-2764,"New York, NY",2025-11-20,Active
CUST-01155,Michelle Lee,Horizon Logistics,Manufacturing & Industrial,michelle.lee1155@horizonlogis.com,+1-413-754-7472,"London, UK",2025-11-16,Active
CUST-01156,Jason Davis,Vanguard Systems,Financial Services & FinTech,jason.davis1156@vanguardsyst.com,+1-532-377-1245,"Seattle, WA",2025-08-16,Churned
CUST-01157,Stephanie Adams,Aegis Technologies,Telecommunications,stephanie.adams1157@aegistechnol.com,+1-670-425-2081,"Chicago, IL",2025-04-10,Active
CUST-01158,Kimberly Adams,Elevate Innovations,SaaS & Cloud Software,kimberly.adams1158@elevateinnov.com,+1-424-620-5940,"San Francisco, CA",2026-02-28,Inactive
CUST-01159,Amy Miller,Zenith Capital,Healthcare & Life Sciences,amy.miller1159@zenithcapita.com,+1-298-814-6314,"Boston, MA",2024-05-09,Inactive
CUST-01160,Deborah Baker,Starlight Digital,Healthcare & Life Sciences,deborah.baker1160@starlightdig.com,+1-380-850-6209,"Seattle, WA",2024-10-08,At-Risk
CUST-01161,Kathleen Jones,Aegis Technologies,Media & Entertainment,kathleen.jones1161@aegistechnol.com,+1-724-855-4808,"Denver, CO",2024-03-20,Churned
CUST-01162,Mary Anderson,Apex Health,Financial Services & FinTech,mary.anderson1162@apexhealth.com,+1-443-638-4990,"Boston, MA",2024-03-12,Active
CUST-01163,William Brown,Hyperion Innovations,Media & Entertainment,william.brown1163@hyperioninno.com,+1-407-355-7156,"Boston, MA",2024-10-30,Active
CUST-01164,Anthony Adams,Nexus Systems,Media & Entertainment,anthony.adams1164@nexussystems.com,+1-537-337-5556,"Sydney, Australia",2025-10-04,Churned
CUST-01165,Kenneth Adams,Starlight Technologies,Telecommunications,kenneth.adams1165@starlighttec.com,+1-496-224-4752,"Berlin, Germany",2022-03-09,Active
CUST-01166,Kevin Perez,Vanguard Systems,SaaS & Cloud Software,kevin.perez1166@vanguardsyst.com,+1-455-427-7250,"Berlin, Germany",2024-03-17,Churned
CUST-01167,Michelle Lopez,Acro Logistics,SaaS & Cloud Software,michelle.lopez1167@acrologistic.com,+1-704-271-4153,"San Francisco, CA",2024-12-03,Churned
CUST-01168,Michael Green,Hyperion Systems,Healthcare & Life Sciences,michael.green1168@hyperionsyst.com,+1-378-806-9992,"San Francisco, CA",2025-12-24,At-Risk
CUST-01169,Anthony Thomas,Solstice Solutions,Telecommunications,anthony.thomas1169@solsticesolu.com,+1-679-518-3689,"Sydney, Australia",2022-01-03,Inactive
CUST-01170,Margaret Thomas,Pinnacle Dynamics,Manufacturing & Industrial,margaret.thomas1170@pinnacledyna.com,+1-493-790-8344,"Boston, MA",2024-04-07,At-Risk
CUST-01171,Margaret Moore,Meridian Solutions,Professional Services & Consulting,margaret.moore1171@meridiansolu.com,+1-587-371-8712,"Denver, CO",2026-05-26,Active
CUST-01172,Jeffrey Ramirez,Solstice Health,Telecommunications,jeffrey.ramirez1172@solsticeheal.com,+1-694-220-7249,"Austin, TX",2022-10-26,Inactive
CUST-01173,Jason Diaz,Vertex Labs,Retail & E-Commerce,jason.diaz1173@vertexlabs.com,+1-751-356-3878,"London, UK",2025-08-07,Active
CUST-01174,Steven Harris,Acro Enterprises,Media & Entertainment,steven.harris1174@acroenterpri.com,+1-585-775-8878,"Boston, MA",2023-05-03,Inactive
CUST-01175,Elizabeth Perez,Hyperion Digital,Media & Entertainment,elizabeth.perez1175@hyperiondigi.com,+1-359-394-1068,"Chicago, IL",2026-03-03,Active
CUST-01176,Mary Parker,Solstice Digital,Professional Services & Consulting,mary.parker1176@solsticedigi.com,+1-615-625-7465,"Atlanta, GA",2026-05-11,Active
CUST-01177,Melissa Harris,Meridian Enterprises,Financial Services & FinTech,melissa.harris1177@meridianente.com,+1-240-327-7304,"Denver, CO",2023-07-20,Churned
CUST-01178,Christopher Gonzalez,Starlight Global,Retail & E-Commerce,christopher.gonzalez1178@starlightglo.com,+1-557-721-9005,"Sydney, Australia",2023-03-15,Active
CUST-01179,Melissa Hall,Nexus Logistics,Telecommunications,melissa.hall1179@nexuslogisti.com,+1-954-452-4970,"Denver, CO",2023-09-08,Churned
CUST-01180,Kathleen Williams,Catalyst Logistics,SaaS & Cloud Software,kathleen.williams1180@catalystlogi.com,+1-882-860-3422,"Sydney, Australia",2025-08-20,Active
CUST-01181,Dorothy Hill,Acro Logistics,Healthcare & Life Sciences,dorothy.hill1181@acrologistic.com,+1-454-816-3644,"Boston, MA",2026-05-12,At-Risk
CUST-01182,Mary Davis,Starlight Solutions,Telecommunications,mary.davis1182@starlightsol.com,+1-924-800-2316,"Denver, CO",2023-04-19,At-Risk
CUST-01183,Matthew Ramirez,Synapse Partners,Telecommunications,matthew.ramirez1183@synapsepartn.com,+1-909-509-9202,"Boston, MA",2026-02-23,Active
CUST-01184,Edward Nguyen,Prism Digital,Telecommunications,edward.nguyen1184@prismdigital.com,+1-292-311-6642,"Sydney, Australia",2023-08-20,Inactive
CUST-01185,Charles Moore,CoreTech Systems,Telecommunications,charles.moore1185@coretechsyst.com,+1-516-206-3759,"Sydney, Australia",2021-11-25,At-Risk
CUST-01186,Gary Smith,Quantum Solutions,Telecommunications,gary.smith1186@quantumsolut.com,+1-627-870-5724,"Toronto, Canada",2023-04-24,Inactive
CUST-01187,Sharon Hernandez,Synapse Innovations,Healthcare & Life Sciences,sharon.hernandez1187@synapseinnov.com,+1-338-402-8970,"Sydney, Australia",2025-07-05,Active
CUST-01188,Lisa Allen,Quantum Analytics,Manufacturing & Industrial,lisa.allen1188@quantumanaly.com,+1-406-260-3993,"Austin, TX",2025-06-01,Active
CUST-01189,Matthew Taylor,Pinnacle Analytics,Financial Services & FinTech,matthew.taylor1189@pinnacleanal.com,+1-371-281-5802,"Berlin, Germany",2024-02-28,At-Risk
CUST-01190,William Harris,Quantum Enterprises,Financial Services & FinTech,william.harris1190@quantumenter.com,+1-231-799-4846,"Seattle, WA",2023-10-16,Churned
CUST-01191,Kathleen Young,Aura Labs,Financial Services & FinTech,kathleen.young1191@auralabs.com,+1-263-472-1118,"New York, NY",2025-09-22,Active
CUST-01192,Jennifer Miller,Stratosphere Capital,SaaS & Cloud Software,jennifer.miller1192@stratosphere.com,+1-818-732-5355,"Denver, CO",2026-03-18,Active
CUST-01193,Gary Walker,Starlight Innovations,Telecommunications,gary.walker1193@starlightinn.com,+1-580-898-6620,"Seattle, WA",2025-10-28,Inactive
CUST-01194,Kenneth Evans,Vanguard Innovations,Telecommunications,kenneth.evans1194@vanguardinno.com,+1-826-258-6833,"Denver, CO",2025-08-23,At-Risk
CUST-01195,Kevin Phillips,Quantum Technologies,Media & Entertainment,kevin.phillips1195@quantumtechn.com,+1-612-342-1420,"Sydney, Australia",2025-05-13,Active
CUST-01196,Jessica Parker,Solstice Enterprises,Manufacturing & Industrial,jessica.parker1196@solsticeente.com,+1-663-833-8785,"Seattle, WA",2025-10-19,Inactive
CUST-01197,Timothy Nelson,Stratosphere Technologies,Professional Services & Consulting,timothy.nelson1197@stratosphere.com,+1-849-568-1749,"New York, NY",2025-09-10,Inactive
CUST-01198,Michelle Baker,Acro Systems,Media & Entertainment,michelle.baker1198@acrosystems.com,+1-957-827-2333,"Denver, CO",2022-08-01,Inactive
CUST-01199,Brian Ramirez,Meridian Logistics,Financial Services & FinTech,brian.ramirez1199@meridianlogi.com,+1-595-500-4196,"Sydney, Australia",2024-03-29,Churned
CUST-01200,Charles Parker,Solstice Health,SaaS & Cloud Software,charles.parker1200@solsticeheal.com,+1-710-289-5937,"Austin, TX",2024-11-14,Active
CUST-01201,Cynthia Hernandez,Acro Solutions,Media & Entertainment,cynthia.hernandez1201@acrosolution.com,+1-754-446-4987,"Berlin, Germany",2024-04-28,Churned
CUST-01202,Betty Hernandez,Starlight Logistics,Financial Services & FinTech,betty.hernandez1202@starlightlog.com,+1-646-229-3625,"San Francisco, CA",2025-04-16,Active
CUST-01203,Michelle Harris,Starlight Enterprises,Manufacturing & Industrial,michelle.harris1203@starlightent.com,+1-464-881-8803,"Sydney, Australia",2022-06-18,Active
CUST-01204,Jessica Nelson,Hyperion Capital,Media & Entertainment,jessica.nelson1204@hyperioncapi.com,+1-909-540-4666,"San Francisco, CA",2024-11-29,Active
CUST-01205,David Adams,Aegis Global,Telecommunications,david.adams1205@aegisglobal.com,+1-858-775-8159,"Berlin, Germany",2024-10-18,Active
CUST-01206,Sandra Anderson,Omni Solutions,Retail & E-Commerce,sandra.anderson1206@omnisolution.com,+1-315-291-6574,"San Francisco, CA",2025-03-31,Churned
CUST-01207,Matthew Mitchell,Quantum Health,Professional Services & Consulting,matthew.mitchell1207@quantumhealt.com,+1-521-589-1027,"Austin, TX",2025-10-15,At-Risk
CUST-01208,Donna Brown,Cognitive Capital,Manufacturing & Industrial,donna.brown1208@cognitivecap.com,+1-634-527-6980,"Denver, CO",2024-04-11,Inactive
CUST-01209,Thomas King,Aura Health,Manufacturing & Industrial,thomas.king1209@aurahealth.com,+1-605-209-9819,"San Francisco, CA",2023-12-03,Inactive
CUST-01210,Ryan Lee,Hyperion Partners,Retail & E-Commerce,ryan.lee1210@hyperionpart.com,+1-712-896-8467,"Chicago, IL",2024-07-21,Inactive
CUST-01211,Charles Hill,Prism Dynamics,SaaS & Cloud Software,charles.hill1211@prismdynamic.com,+1-528-516-9230,"London, UK",2024-07-15,Inactive
CUST-01212,Jessica Moore,Zenith Health,Media & Entertainment,jessica.moore1212@zenithhealth.com,+1-421-706-5775,"Berlin, Germany",2023-03-30,Inactive
CUST-01213,Edward Brown,Aegis Dynamics,Manufacturing & Industrial,edward.brown1213@aegisdynamic.com,+1-431-253-3933,"Sydney, Australia",2023-08-06,Active
CUST-01214,Gary Campbell,Beacon Enterprises,Healthcare & Life Sciences,gary.campbell1214@beaconenterp.com,+1-762-601-6528,"New York, NY",2025-10-08,Churned
CUST-01215,Jason Baker,Meridian Innovations,Telecommunications,jason.baker1215@meridianinno.com,+1-274-740-5637,"Denver, CO",2025-09-30,At-Risk
CUST-01216,Andrew Hall,Stratosphere Digital,Telecommunications,andrew.hall1216@stratosphere.com,+1-335-531-1886,"San Francisco, CA",2025-08-15,At-Risk
CUST-01217,Joshua Robinson,Velocity Dynamics,Healthcare & Life Sciences,joshua.robinson1217@velocitydyna.com,+1-913-694-5769,"Atlanta, GA",2024-12-30,Active
CUST-01218,Charles Wilson,Stratosphere Labs,Manufacturing & Industrial,charles.wilson1218@stratosphere.com,+1-867-209-6934,"Sydney, Australia",2026-06-09,Active
CUST-01219,Susan Baker,Hyperion Global,Telecommunications,susan.baker1219@hyperionglob.com,+1-373-257-2573,"Berlin, Germany",2026-02-27,Active
CUST-01220,Amanda Walker,Synapse Technologies,Financial Services & FinTech,amanda.walker1220@synapsetechn.com,+1-866-546-8107,"Toronto, Canada",2025-10-13,Active
CUST-01221,Karen Green,CoreTech Global,Manufacturing & Industrial,karen.green1221@coretechglob.com,+1-322-446-7498,"New York, NY",2026-03-02,At-Risk
CUST-01222,Gary Martin,Zenith Health,Healthcare & Life Sciences,gary.martin1222@zenithhealth.com,+1-964-584-2468,"Berlin, Germany",2023-03-15,Active
CUST-01223,Cynthia Parker,Velocity Global,Retail & E-Commerce,cynthia.parker1223@velocityglob.com,+1-869-655-7018,"Berlin, Germany",2023-12-27,Inactive
CUST-01224,Mary Davis,Quantum Solutions,Financial Services & FinTech,mary.davis1224@quantumsolut.com,+1-857-884-9351,"Atlanta, GA",2022-09-20,Inactive
CUST-01225,Mark Johnson,Cognitive Health,Media & Entertainment,mark.johnson1225@cognitivehea.com,+1-911-296-3967,"Boston, MA",2025-03-14,Active
CUST-01226,Deborah Walker,Velocity Digital,Telecommunications,deborah.walker1226@velocitydigi.com,+1-786-328-2629,"Boston, MA",2025-11-26,At-Risk
CUST-01227,Michelle Jones,Zenith Partners,Healthcare & Life Sciences,michelle.jones1227@zenithpartne.com,+1-918-220-7451,"Denver, CO",2025-03-20,At-Risk
CUST-01228,Gary Jones,Solstice Partners,Financial Services & FinTech,gary.jones1228@solsticepart.com,+1-875-320-3960,"Chicago, IL",2024-10-17,Inactive
CUST-01229,Lisa Smith,Horizon Analytics,Professional Services & Consulting,lisa.smith1229@horizonanaly.com,+1-241-331-4378,"San Francisco, CA",2025-06-25,Inactive
CUST-01230,Christopher Garcia,Horizon Enterprises,SaaS & Cloud Software,christopher.garcia1230@horizonenter.com,+1-328-718-5891,"San Francisco, CA",2022-10-29,Inactive
CUST-01231,George Wright,Synapse Global,SaaS & Cloud Software,george.wright1231@synapsegloba.com,+1-508-247-9510,"Chicago, IL",2023-09-19,Inactive
CUST-01232,Emily Nelson,Horizon Analytics,Healthcare & Life Sciences,emily.nelson1232@horizonanaly.com,+1-703-520-9563,"London, UK",2023-12-08,At-Risk
CUST-01233,Amanda Hill,Horizon Capital,Manufacturing & Industrial,amanda.hill1233@horizoncapit.com,+1-302-878-1732,"Sydney, Australia",2022-08-21,Inactive
CUST-01234,Donald Williams,Stratosphere Dynamics,Retail & E-Commerce,donald.williams1234@stratosphere.com,+1-338-816-4539,"Chicago, IL",2025-08-23,At-Risk
CUST-01235,Amanda Moore,Hyperion Digital,Telecommunications,amanda.moore1235@hyperiondigi.com,+1-764-461-5270,"San Francisco, CA",2026-05-31,Active
CUST-01236,Edward Adams,Synapse Global,Media & Entertainment,edward.adams1236@synapsegloba.com,+1-461-892-7968,"San Francisco, CA",2025-11-20,At-Risk
CUST-01237,Charles Wright,Stratosphere Solutions,Retail & E-Commerce,charles.wright1237@stratosphere.com,+1-914-861-4156,"Berlin, Germany",2024-06-28,Inactive
CUST-01238,Melissa Torres,Aura Logistics,Healthcare & Life Sciences,melissa.torres1238@auralogistic.com,+1-358-523-8104,"Denver, CO",2024-03-21,At-Risk
CUST-01239,Edward Johnson,Elevate Systems,Financial Services & FinTech,edward.johnson1239@elevatesyste.com,+1-328-744-2802,"Boston, MA",2023-11-07,Inactive
CUST-01240,Timothy Jones,Aegis Logistics,Financial Services & FinTech,timothy.jones1240@aegislogisti.com,+1-542-479-3397,"Seattle, WA",2023-03-15,Active
CUST-01241,Mark Moore,Apex Solutions,Telecommunications,mark.moore1241@apexsolution.com,+1-588-307-3023,"Chicago, IL",2023-05-30,Inactive
CUST-01242,Daniel King,CoreTech Enterprises,Media & Entertainment,daniel.king1242@coretechente.com,+1-742-557-5620,"San Francisco, CA",2025-04-23,Churned
CUST-01243,Paul Hill,Quantum Technologies,Healthcare & Life Sciences,paul.hill1243@quantumtechn.com,+1-970-598-3960,"Seattle, WA",2023-06-06,Churned
CUST-01244,Brian Phillips,CoreTech Logistics,Telecommunications,brian.phillips1244@coretechlogi.com,+1-807-330-5244,"Atlanta, GA",2024-08-25,Churned
CUST-01245,Mary Baker,Solstice Digital,Healthcare & Life Sciences,mary.baker1245@solsticedigi.com,+1-330-346-7206,"Berlin, Germany",2024-06-09,Churned
CUST-01246,Paul Brown,CoreTech Logistics,Professional Services & Consulting,paul.brown1246@coretechlogi.com,+1-456-894-7852,"Sydney, Australia",2025-07-06,At-Risk
CUST-01247,Ryan Lopez,Acro Innovations,Media & Entertainment,ryan.lopez1247@acroinnovati.com,+1-494-482-8008,"Toronto, Canada",2023-06-15,At-Risk
CUST-01248,Sandra Martin,Velocity Partners,Financial Services & FinTech,sandra.martin1248@velocitypart.com,+1-617-520-2476,"Boston, MA",2024-11-12,At-Risk
CUST-01249,William Jones,CoreTech Systems,Financial Services & FinTech,william.jones1249@coretechsyst.com,+1-790-258-2385,"Austin, TX",2025-07-15,Inactive
CUST-01250,Andrew Scott,Meridian Labs,SaaS & Cloud Software,andrew.scott1250@meridianlabs.com,+1-894-720-3235,"Denver, CO",2026-03-13,Active
CUST-01251,Kathleen Young,Solstice Logistics,Financial Services & FinTech,kathleen.young1251@solsticelogi.com,+1-215-831-4115,"Denver, CO",2023-11-12,Churned
CUST-01252,James Rivera,Pinnacle Digital,Professional Services & Consulting,james.rivera1252@pinnacledigi.com,+1-957-877-9652,"Chicago, IL",2024-03-28,At-Risk
CUST-01253,Jennifer Hill,Acro Dynamics,Manufacturing & Industrial,jennifer.hill1253@acrodynamics.com,+1-277-575-3184,"Austin, TX",2022-08-17,At-Risk
CUST-01254,Amanda Brown,Pinnacle Analytics,Telecommunications,amanda.brown1254@pinnacleanal.com,+1-583-315-6537,"Austin, TX",2022-09-12,Active
CUST-01255,Ashley Turner,Horizon Partners,Financial Services & FinTech,ashley.turner1255@horizonpartn.com,+1-507-694-5809,"Boston, MA",2025-12-23,Active
CUST-01256,Dorothy Wilson,Apex Digital,Telecommunications,dorothy.wilson1256@apexdigital.com,+1-513-858-9446,"Chicago, IL",2024-09-15,At-Risk
CUST-01257,John Robinson,Elevate Partners,Media & Entertainment,john.robinson1257@elevatepartn.com,+1-565-206-8542,"New York, NY",2023-08-05,At-Risk
CUST-01258,Kevin Martin,Catalyst Solutions,SaaS & Cloud Software,kevin.martin1258@catalystsolu.com,+1-940-390-7587,"Seattle, WA",2025-02-08,Inactive
CUST-01259,Amanda Smith,Quantum Global,Media & Entertainment,amanda.smith1259@quantumgloba.com,+1-287-741-9426,"Chicago, IL",2023-06-21,At-Risk
CUST-01260,Karen Clark,Quantum Analytics,SaaS & Cloud Software,karen.clark1260@quantumanaly.com,+1-988-872-5098,"Austin, TX",2025-07-29,Inactive
CUST-01261,Mark Walker,Beacon Innovations,Retail & E-Commerce,mark.walker1261@beaconinnova.com,+1-639-386-9788,"Seattle, WA",2023-06-24,Inactive
CUST-01262,Paul Miller,Acro Logistics,Media & Entertainment,paul.miller1262@acrologistic.com,+1-344-562-8110,"Austin, TX",2024-02-27,Churned
CUST-01263,James Thompson,Zenith Systems,Financial Services & FinTech,james.thompson1263@zenithsystem.com,+1-492-241-3190,"Chicago, IL",2025-04-29,Active
CUST-01264,Ronald Clark,CoreTech Innovations,SaaS & Cloud Software,ronald.clark1264@coretechinno.com,+1-883-403-8852,"Austin, TX",2024-10-07,At-Risk
CUST-01265,Paul Davis,Pinnacle Analytics,Media & Entertainment,paul.davis1265@pinnacleanal.com,+1-932-330-6322,"Berlin, Germany",2023-04-29,At-Risk
CUST-01266,Stephanie Allen,CoreTech Digital,Telecommunications,stephanie.allen1266@coretechdigi.com,+1-313-310-1346,"Austin, TX",2023-08-08,Active
CUST-01267,Thomas Martinez,Catalyst Capital,SaaS & Cloud Software,thomas.martinez1267@catalystcapi.com,+1-443-253-6605,"Berlin, Germany",2024-08-16,At-Risk
CUST-01268,Jason Hill,CoreTech Technologies,Telecommunications,jason.hill1268@coretechtech.com,+1-497-488-8961,"Atlanta, GA",2023-03-15,At-Risk
CUST-01269,William Carter,Pinnacle Systems,Healthcare & Life Sciences,william.carter1269@pinnaclesyst.com,+1-724-391-5087,"Sydney, Australia",2025-07-27,At-Risk
CUST-01270,Kimberly Roberts,Quantum Partners,Retail & E-Commerce,kimberly.roberts1270@quantumpartn.com,+1-454-882-8031,"Sydney, Australia",2023-08-09,Active
CUST-01271,Margaret Walker,Zenith Labs,Financial Services & FinTech,margaret.walker1271@zenithlabs.com,+1-948-714-3968,"Sydney, Australia",2025-12-11,At-Risk
CUST-01272,Matthew Diaz,Cognitive Logistics,Healthcare & Life Sciences,matthew.diaz1272@cognitivelog.com,+1-324-335-7574,"Chicago, IL",2023-04-19,Inactive
CUST-01273,John Moore,Stratosphere Dynamics,Telecommunications,john.moore1273@stratosphere.com,+1-832-404-2489,"New York, NY",2024-06-23,Churned
CUST-01274,Michael Harris,Pinnacle Capital,Retail & E-Commerce,michael.harris1274@pinnaclecapi.com,+1-849-436-4633,"Sydney, Australia",2024-07-26,Active
CUST-01275,Carol Ramirez,Meridian Technologies,Telecommunications,carol.ramirez1275@meridiantech.com,+1-253-511-2803,"Berlin, Germany",2025-12-25,Active
CUST-01276,Paul White,Omni Innovations,Telecommunications,paul.white1276@omniinnovati.com,+1-528-248-3977,"Chicago, IL",2025-03-23,Active
CUST-01277,Jennifer Smith,Nexus Logistics,Professional Services & Consulting,jennifer.smith1277@nexuslogisti.com,+1-493-683-5590,"Chicago, IL",2024-02-06,Inactive
CUST-01278,Richard Ramirez,Synapse Enterprises,Media & Entertainment,richard.ramirez1278@synapseenter.com,+1-543-511-2827,"Seattle, WA",2023-03-24,Inactive
CUST-01279,Richard Nelson,Apex Logistics,Healthcare & Life Sciences,richard.nelson1279@apexlogistic.com,+1-570-570-9664,"Seattle, WA",2024-02-13,Active
CUST-01280,Melissa Thomas,Velocity Enterprises,Manufacturing & Industrial,melissa.thomas1280@velocityente.com,+1-594-289-2742,"London, UK",2022-09-09,Inactive
CUST-01281,Thomas Green,CoreTech Health,Financial Services & FinTech,thomas.green1281@coretechheal.com,+1-801-870-4120,"New York, NY",2026-06-26,Active
CUST-01282,Matthew Rivera,Acro Solutions,Financial Services & FinTech,matthew.rivera1282@acrosolution.com,+1-834-551-5939,"Toronto, Canada",2025-03-07,Churned
CUST-01283,Jacob Carter,Stratosphere Capital,Healthcare & Life Sciences,jacob.carter1283@stratosphere.com,+1-331-396-7851,"New York, NY",2025-10-02,At-Risk
CUST-01284,Steven Carter,Horizon Innovations,Professional Services & Consulting,steven.carter1284@horizoninnov.com,+1-845-320-8145,"Atlanta, GA",2024-11-18,Active
CUST-01285,David Walker,Pinnacle Capital,SaaS & Cloud Software,david.walker1285@pinnaclecapi.com,+1-814-480-3112,"Austin, TX",2023-06-10,Inactive
CUST-01286,Emily Williams,Cognitive Technologies,Manufacturing & Industrial,emily.williams1286@cognitivetec.com,+1-608-706-9723,"Sydney, Australia",2026-03-02,Active
CUST-01287,Elizabeth Hernandez,Acro Labs,Telecommunications,elizabeth.hernandez1287@acrolabs.com,+1-600-610-5448,"Toronto, Canada",2022-06-29,Active
CUST-01288,Anthony Lopez,Apex Dynamics,Manufacturing & Industrial,anthony.lopez1288@apexdynamics.com,+1-914-209-9401,"London, UK",2024-11-23,Inactive
CUST-01289,Ryan Allen,Zenith Digital,Retail & E-Commerce,ryan.allen1289@zenithdigita.com,+1-426-503-5399,"Boston, MA",2025-06-18,Active
CUST-01290,Jessica Hernandez,Vanguard Technologies,Manufacturing & Industrial,jessica.hernandez1290@vanguardtech.com,+1-241-854-3427,"Boston, MA",2022-04-03,At-Risk
CUST-01291,Kimberly Rodriguez,Omni Partners,SaaS & Cloud Software,kimberly.rodriguez1291@omnipartners.com,+1-455-415-9758,"Berlin, Germany",2024-06-04,At-Risk
CUST-01292,Joseph Smith,Velocity Innovations,Professional Services & Consulting,joseph.smith1292@velocityinno.com,+1-286-762-5326,"Seattle, WA",2024-10-25,Active
CUST-01293,Sarah Clark,Elevate Enterprises,Professional Services & Consulting,sarah.clark1293@elevateenter.com,+1-841-210-6824,"New York, NY",2025-06-15,At-Risk
CUST-01294,Mark Campbell,Omni Dynamics,Retail & E-Commerce,mark.campbell1294@omnidynamics.com,+1-751-873-2743,"New York, NY",2025-08-04,At-Risk
CUST-01295,Edward Adams,Omni Partners,Manufacturing & Industrial,edward.adams1295@omnipartners.com,+1-426-532-5403,"Atlanta, GA",2025-09-15,Churned
CUST-01296,Anthony Nguyen,Velocity Labs,Telecommunications,anthony.nguyen1296@velocitylabs.com,+1-657-437-8109,"Austin, TX",2024-09-15,At-Risk
CUST-01297,Melissa Martinez,Meridian Solutions,Media & Entertainment,melissa.martinez1297@meridiansolu.com,+1-671-389-3885,"Austin, TX",2023-02-15,At-Risk
CUST-01298,Matthew Torres,Meridian Digital,Healthcare & Life Sciences,matthew.torres1298@meridiandigi.com,+1-489-221-6081,"Berlin, Germany",2023-12-04,Active
CUST-01299,Christopher Lopez,Beacon Logistics,Manufacturing & Industrial,christopher.lopez1299@beaconlogist.com,+1-347-273-7986,"San Francisco, CA",2026-06-22,Active
CUST-01300,Ashley Robinson,Velocity Global,Financial Services & FinTech,ashley.robinson1300@velocityglob.com,+1-740-340-1193,"Sydney, Australia",2025-09-11,Churned
CUST-01301,Richard Harris,Beacon Technologies,Financial Services & FinTech,richard.harris1301@beacontechno.com,+1-982-859-1716,"New York, NY",2023-04-12,At-Risk
CUST-01302,Thomas Thomas,Starlight Solutions,Retail & E-Commerce,thomas.thomas1302@starlightsol.com,+1-843-814-1221,"Austin, TX",2025-04-29,Inactive
CUST-01303,Mary Gomez,Quantum Capital,Professional Services & Consulting,mary.gomez1303@quantumcapit.com,+1-288-407-3281,"Sydney, Australia",2022-02-10,Inactive
CUST-01304,Kathleen Carter,Cognitive Analytics,Healthcare & Life Sciences,kathleen.carter1304@cognitiveana.com,+1-540-690-3531,"Boston, MA",2026-05-08,Active
CUST-01305,Ashley Brown,Horizon Digital,Retail & E-Commerce,ashley.brown1305@horizondigit.com,+1-757-326-1347,"Berlin, Germany",2023-10-13,Churned
CUST-01306,Jennifer Miller,Horizon Enterprises,Financial Services & FinTech,jennifer.miller1306@horizonenter.com,+1-626-345-1019,"Toronto, Canada",2025-11-13,Inactive
CUST-01307,Mark Johnson,Vanguard Global,Telecommunications,mark.johnson1307@vanguardglob.com,+1-562-871-5699,"Austin, TX",2024-02-07,Churned
CUST-01308,Mark Baker,Beacon Logistics,Financial Services & FinTech,mark.baker1308@beaconlogist.com,+1-374-312-4678,"Atlanta, GA",2025-02-16,Churned
CUST-01309,Susan Jackson,Catalyst Solutions,Professional Services & Consulting,susan.jackson1309@catalystsolu.com,+1-570-286-1710,"San Francisco, CA",2025-06-13,At-Risk
CUST-01310,Karen Lopez,Pinnacle Capital,Professional Services & Consulting,karen.lopez1310@pinnaclecapi.com,+1-386-895-7967,"London, UK",2024-08-08,Churned
CUST-01311,Karen Nelson,Aura Enterprises,Retail & E-Commerce,karen.nelson1311@auraenterpri.com,+1-307-477-9179,"Seattle, WA",2025-06-04,Active
CUST-01312,Melissa Taylor,Zenith Labs,Financial Services & FinTech,melissa.taylor1312@zenithlabs.com,+1-353-871-3401,"New York, NY",2023-02-10,Inactive
CUST-01313,Kenneth Martinez,Beacon Analytics,Media & Entertainment,kenneth.martinez1313@beaconanalyt.com,+1-316-791-8003,"San Francisco, CA",2025-09-14,Active
CUST-01314,Kimberly Martinez,Vertex Innovations,Healthcare & Life Sciences,kimberly.martinez1314@vertexinnova.com,+1-986-594-6777,"Austin, TX",2025-10-03,Churned
CUST-01315,Kenneth Young,Pinnacle Analytics,Telecommunications,kenneth.young1315@pinnacleanal.com,+1-852-541-3264,"London, UK",2025-03-27,Inactive
CUST-01316,Ashley Harris,Pinnacle Capital,Media & Entertainment,ashley.harris1316@pinnaclecapi.com,+1-747-704-9724,"Toronto, Canada",2026-04-07,Active
CUST-01317,Sandra Harris,Vertex Health,Telecommunications,sandra.harris1317@vertexhealth.com,+1-792-424-2429,"Toronto, Canada",2026-02-01,Active
CUST-01318,Donald White,Apex Systems,SaaS & Cloud Software,donald.white1318@apexsystems.com,+1-772-685-3188,"Seattle, WA",2025-10-12,Churned
CUST-01319,Joseph Brown,Catalyst Innovations,Healthcare & Life Sciences,joseph.brown1319@catalystinno.com,+1-672-347-7898,"Boston, MA",2025-09-16,Active
CUST-01320,Ashley Wilson,Vanguard Technologies,Healthcare & Life Sciences,ashley.wilson1320@vanguardtech.com,+1-913-346-7184,"San Francisco, CA",2025-05-14,At-Risk
CUST-01321,Patricia Hall,Pinnacle Innovations,SaaS & Cloud Software,patricia.hall1321@pinnacleinno.com,+1-309-878-2208,"Sydney, Australia",2024-01-16,Inactive
CUST-01322,Kathleen Turner,Elevate Partners,Healthcare & Life Sciences,kathleen.turner1322@elevatepartn.com,+1-351-574-3314,"New York, NY",2022-05-16,At-Risk
CUST-01323,William Thomas,Vertex Technologies,Telecommunications,william.thomas1323@vertextechno.com,+1-984-386-8696,"Austin, TX",2024-05-26,Inactive
CUST-01324,Sarah Mitchell,Solstice Digital,Retail & E-Commerce,sarah.mitchell1324@solsticedigi.com,+1-622-545-8274,"Atlanta, GA",2022-10-03,At-Risk
CUST-01325,Mary Jackson,Quantum Dynamics,SaaS & Cloud Software,mary.jackson1325@quantumdynam.com,+1-233-818-3843,"Berlin, Germany",2024-06-18,Inactive
CUST-01326,Christopher Smith,Beacon Partners,Telecommunications,christopher.smith1326@beaconpartne.com,+1-666-767-5227,"Berlin, Germany",2025-09-09,Active
CUST-01327,Donna Rivera,Vanguard Global,Healthcare & Life Sciences,donna.rivera1327@vanguardglob.com,+1-295-734-7185,"Boston, MA",2024-05-04,At-Risk
CUST-01328,Thomas Mitchell,Stratosphere Global,SaaS & Cloud Software,thomas.mitchell1328@stratosphere.com,+1-602-388-2264,"Chicago, IL",2024-11-16,Churned
CUST-01329,Cynthia Walker,Aegis Logistics,Telecommunications,cynthia.walker1329@aegislogisti.com,+1-369-255-7086,"Denver, CO",2026-05-13,Active
CUST-01330,Jason Gonzalez,Omni Solutions,Financial Services & FinTech,jason.gonzalez1330@omnisolution.com,+1-572-817-6496,"San Francisco, CA",2023-03-27,Active
CUST-01331,Patricia Thomas,Prism Dynamics,Financial Services & FinTech,patricia.thomas1331@prismdynamic.com,+1-417-811-1179,"San Francisco, CA",2025-08-24,At-Risk
CUST-01332,Donna Gonzalez,Horizon Systems,SaaS & Cloud Software,donna.gonzalez1332@horizonsyste.com,+1-476-287-1735,"Chicago, IL",2025-08-14,Churned
CUST-01333,Kathleen Williams,Nexus Innovations,Financial Services & FinTech,kathleen.williams1333@nexusinnovat.com,+1-209-565-5626,"Boston, MA",2026-01-27,At-Risk
CUST-01334,Ronald Allen,Stratosphere Innovations,Telecommunications,ronald.allen1334@stratosphere.com,+1-565-332-2595,"Sydney, Australia",2022-12-05,Inactive
CUST-01335,Kevin Clark,CoreTech Capital,Financial Services & FinTech,kevin.clark1335@coretechcapi.com,+1-354-224-7260,"Toronto, Canada",2024-07-04,Inactive
CUST-01336,Kathleen Nguyen,Nexus Enterprises,Healthcare & Life Sciences,kathleen.nguyen1336@nexusenterpr.com,+1-899-674-2290,"Austin, TX",2025-10-06,Inactive
CUST-01337,Barbara Rivera,Vanguard Systems,Healthcare & Life Sciences,barbara.rivera1337@vanguardsyst.com,+1-365-713-9459,"Sydney, Australia",2023-08-18,Active
CUST-01338,Carol Lewis,Hyperion Innovations,Retail & E-Commerce,carol.lewis1338@hyperioninno.com,+1-839-641-1655,"Seattle, WA",2025-12-18,At-Risk
CUST-01339,Deborah Thomas,Stratosphere Health,Financial Services & FinTech,deborah.thomas1339@stratosphere.com,+1-781-842-9151,"Austin, TX",2022-02-28,Inactive
CUST-01340,Richard Phillips,Apex Dynamics,Retail & E-Commerce,richard.phillips1340@apexdynamics.com,+1-290-710-2541,"Toronto, Canada",2022-11-22,At-Risk
CUST-01341,Ryan Lee,Synapse Enterprises,Healthcare & Life Sciences,ryan.lee1341@synapseenter.com,+1-487-790-6952,"San Francisco, CA",2024-02-24,Inactive
CUST-01342,Amanda Garcia,Vertex Dynamics,Media & Entertainment,amanda.garcia1342@vertexdynami.com,+1-685-462-8242,"Boston, MA",2024-09-14,Active
CUST-01343,Sarah Davis,Cognitive Analytics,SaaS & Cloud Software,sarah.davis1343@cognitiveana.com,+1-494-610-7701,"Seattle, WA",2023-06-19,Inactive
CUST-01344,Thomas Lewis,Catalyst Capital,Professional Services & Consulting,thomas.lewis1344@catalystcapi.com,+1-286-898-7769,"Seattle, WA",2025-12-05,Churned
CUST-01345,Laura Taylor,Aura Technologies,SaaS & Cloud Software,laura.taylor1345@auratechnolo.com,+1-451-774-1130,"Sydney, Australia",2024-06-30,Churned
CUST-01346,Karen Diaz,Quantum Enterprises,Telecommunications,karen.diaz1346@quantumenter.com,+1-784-608-2195,"Austin, TX",2024-10-12,Active
CUST-01347,Mark Harris,Acro Logistics,Financial Services & FinTech,mark.harris1347@acrologistic.com,+1-678-679-9767,"Seattle, WA",2026-03-12,Active
CUST-01348,Cynthia Miller,Vertex Dynamics,Financial Services & FinTech,cynthia.miller1348@vertexdynami.com,+1-987-643-4268,"Denver, CO",2024-02-16,Inactive
CUST-01349,Stephanie Perez,Vertex Innovations,Professional Services & Consulting,stephanie.perez1349@vertexinnova.com,+1-698-417-8802,"London, UK",2024-03-16,Inactive
CUST-01350,Joseph Moore,Acro Technologies,Healthcare & Life Sciences,joseph.moore1350@acrotechnolo.com,+1-350-855-4497,"Atlanta, GA",2022-11-13,Inactive
CUST-01351,Kenneth Torres,Nexus Health,Telecommunications,kenneth.torres1351@nexushealth.com,+1-571-640-8756,"New York, NY",2025-08-18,Inactive
CUST-01352,Betty Brown,Stratosphere Partners,SaaS & Cloud Software,betty.brown1352@stratosphere.com,+1-634-476-5129,"Berlin, Germany",2025-06-13,Active
CUST-01353,Daniel Garcia,Hyperion Solutions,Retail & E-Commerce,daniel.garcia1353@hyperionsolu.com,+1-284-505-8396,"Denver, CO",2023-01-14,Inactive
CUST-01354,Rebecca King,Stratosphere Logistics,Retail & E-Commerce,rebecca.king1354@stratosphere.com,+1-256-294-8021,"Austin, TX",2024-10-31,Churned
CUST-01355,Carol Carter,Prism Dynamics,Manufacturing & Industrial,carol.carter1355@prismdynamic.com,+1-630-693-8790,"Seattle, WA",2022-09-25,Inactive
CUST-01356,Christopher Hall,Pinnacle Innovations,Telecommunications,christopher.hall1356@pinnacleinno.com,+1-775-811-4253,"New York, NY",2024-04-05,Inactive
CUST-01357,Elizabeth Campbell,Aura Health,Healthcare & Life Sciences,elizabeth.campbell1357@aurahealth.com,+1-881-524-1232,"Seattle, WA",2022-11-02,Inactive
CUST-01358,Karen Robinson,Hyperion Analytics,Professional Services & Consulting,karen.robinson1358@hyperionanal.com,+1-891-616-5305,"San Francisco, CA",2022-11-18,Inactive
CUST-01359,James Lewis,Hyperion Logistics,Media & Entertainment,james.lewis1359@hyperionlogi.com,+1-793-299-1597,"Berlin, Germany",2026-05-11,Active
CUST-01360,Betty Mitchell,Stratosphere Global,Healthcare & Life Sciences,betty.mitchell1360@stratosphere.com,+1-587-421-6703,"London, UK",2025-08-27,Active
CUST-01361,Anthony Gonzalez,Aura Health,SaaS & Cloud Software,anthony.gonzalez1361@aurahealth.com,+1-573-216-5947,"Seattle, WA",2023-01-19,Inactive
CUST-01362,Donna Allen,Quantum Digital,Media & Entertainment,donna.allen1362@quantumdigit.com,+1-667-623-7723,"Berlin, Germany",2024-08-09,Inactive
CUST-01363,Amanda Thompson,Horizon Global,Professional Services & Consulting,amanda.thompson1363@horizongloba.com,+1-381-669-8018,"San Francisco, CA",2025-12-22,Inactive
CUST-01364,Melissa Lopez,Horizon Health,Healthcare & Life Sciences,melissa.lopez1364@horizonhealt.com,+1-647-590-5669,"Toronto, Canada",2025-08-02,Active
CUST-01365,Sharon Green,Prism Digital,Financial Services & FinTech,sharon.green1365@prismdigital.com,+1-307-291-1269,"San Francisco, CA",2024-12-19,Churned
CUST-01366,Timothy Miller,Meridian Digital,Financial Services & FinTech,timothy.miller1366@meridiandigi.com,+1-655-715-1534,"Berlin, Germany",2024-03-29,Active
CUST-01367,Emily Diaz,Pinnacle Systems,Manufacturing & Industrial,emily.diaz1367@pinnaclesyst.com,+1-765-590-2875,"Atlanta, GA",2023-07-13,Churned
CUST-01368,Margaret Diaz,Meridian Solutions,Professional Services & Consulting,margaret.diaz1368@meridiansolu.com,+1-623-860-7484,"Atlanta, GA",2023-03-03,Inactive
CUST-01369,James White,Vanguard Capital,Retail & E-Commerce,james.white1369@vanguardcapi.com,+1-875-470-6036,"Boston, MA",2022-03-28,At-Risk
CUST-01370,Rebecca Baker,Vanguard Technologies,Telecommunications,rebecca.baker1370@vanguardtech.com,+1-216-226-3512,"New York, NY",2026-04-23,Active
CUST-01371,Melissa Turner,Solstice Partners,Professional Services & Consulting,melissa.turner1371@solsticepart.com,+1-375-785-8045,"Seattle, WA",2023-11-08,Inactive
CUST-01372,Donald Scott,Beacon Systems,Telecommunications,donald.scott1372@beaconsystem.com,+1-792-639-3111,"New York, NY",2022-09-01,Active
CUST-01373,Deborah Campbell,Synapse Global,Professional Services & Consulting,deborah.campbell1373@synapsegloba.com,+1-363-647-4784,"Toronto, Canada",2023-02-09,Inactive
CUST-01374,Richard Rivera,Hyperion Capital,Financial Services & FinTech,richard.rivera1374@hyperioncapi.com,+1-791-601-5263,"Berlin, Germany",2024-06-18,At-Risk
CUST-01375,Christopher Lee,Stratosphere Solutions,Financial Services & FinTech,christopher.lee1375@stratosphere.com,+1-648-211-3507,"New York, NY",2024-03-26,Inactive
CUST-01376,Patricia Flores,Zenith Capital,Financial Services & FinTech,patricia.flores1376@zenithcapita.com,+1-592-225-3138,"London, UK",2026-05-09,At-Risk
CUST-01377,Ryan Green,Velocity Labs,Professional Services & Consulting,ryan.green1377@velocitylabs.com,+1-446-868-4633,"Austin, TX",2026-04-09,At-Risk
CUST-01378,Joshua Gonzalez,Horizon Partners,Manufacturing & Industrial,joshua.gonzalez1378@horizonpartn.com,+1-588-466-1847,"Sydney, Australia",2026-03-20,Active
CUST-01379,Kimberly Garcia,Hyperion Logistics,SaaS & Cloud Software,kimberly.garcia1379@hyperionlogi.com,+1-794-305-2817,"Berlin, Germany",2023-04-07,Inactive
CUST-01380,Ryan Hill,Quantum Solutions,Healthcare & Life Sciences,ryan.hill1380@quantumsolut.com,+1-469-384-2520,"Boston, MA",2025-06-23,At-Risk
CUST-01381,Elizabeth Young,Catalyst Partners,Manufacturing & Industrial,elizabeth.young1381@catalystpart.com,+1-304-702-1359,"Denver, CO",2023-10-25,Active
CUST-01382,Timothy Jones,Meridian Logistics,Financial Services & FinTech,timothy.jones1382@meridianlogi.com,+1-904-629-7148,"Chicago, IL",2023-10-11,Inactive
CUST-01383,Kenneth Green,Acro Labs,Healthcare & Life Sciences,kenneth.green1383@acrolabs.com,+1-506-210-3927,"Austin, TX",2024-03-24,Inactive
CUST-01384,John Davis,Aegis Innovations,Media & Entertainment,john.davis1384@aegisinnovat.com,+1-815-759-1082,"London, UK",2024-10-27,Active
CUST-01385,Christopher King,CoreTech Enterprises,Financial Services & FinTech,christopher.king1385@coretechente.com,+1-821-230-9781,"Chicago, IL",2025-07-13,Active
CUST-01386,Robert King,Solstice Labs,Healthcare & Life Sciences,robert.king1386@solsticelabs.com,+1-574-317-4554,"Chicago, IL",2025-12-18,At-Risk
CUST-01387,Patricia Lee,Hyperion Systems,Financial Services & FinTech,patricia.lee1387@hyperionsyst.com,+1-909-329-5384,"Sydney, Australia",2023-08-24,Churned
CUST-01388,Kimberly Walker,Stratosphere Solutions,Professional Services & Consulting,kimberly.walker1388@stratosphere.com,+1-765-867-5822,"Sydney, Australia",2025-06-09,Active
CUST-01389,Cynthia Mitchell,Meridian Global,Telecommunications,cynthia.mitchell1389@meridianglob.com,+1-457-377-4242,"Chicago, IL",2026-01-09,Inactive
CUST-01390,Kimberly Sanchez,Quantum Health,Retail & E-Commerce,kimberly.sanchez1390@quantumhealt.com,+1-411-699-8101,"Austin, TX",2025-08-09,Inactive
CUST-01391,Laura Ramirez,Elevate Digital,Retail & E-Commerce,laura.ramirez1391@elevatedigit.com,+1-838-310-7275,"Seattle, WA",2024-08-27,At-Risk
CUST-01392,Jason Gonzalez,Cognitive Innovations,Professional Services & Consulting,jason.gonzalez1392@cognitiveinn.com,+1-266-660-3740,"Berlin, Germany",2024-02-07,Active
CUST-01393,John Allen,Omni Health,Telecommunications,john.allen1393@omnihealth.com,+1-819-860-9691,"Boston, MA",2025-03-12,Active
CUST-01394,Amanda Sanchez,Apex Solutions,Healthcare & Life Sciences,amanda.sanchez1394@apexsolution.com,+1-640-390-6861,"Seattle, WA",2026-06-27,Active
CUST-01395,Ashley Jones,Stratosphere Logistics,Professional Services & Consulting,ashley.jones1395@stratosphere.com,+1-349-521-3003,"Seattle, WA",2025-02-25,At-Risk
CUST-01396,Mary Lee,Zenith Technologies,Professional Services & Consulting,mary.lee1396@zenithtechno.com,+1-677-781-6268,"Chicago, IL",2023-09-01,Churned
CUST-01397,Sandra Scott,Vertex Global,Retail & E-Commerce,sandra.scott1397@vertexglobal.com,+1-418-739-4562,"London, UK",2025-02-02,Active
CUST-01398,Susan Scott,Omni Digital,Financial Services & FinTech,susan.scott1398@omnidigital.com,+1-862-631-8130,"London, UK",2025-12-21,At-Risk
CUST-01399,Kenneth Evans,Aegis Systems,Manufacturing & Industrial,kenneth.evans1399@aegissystems.com,+1-706-710-1766,"New York, NY",2025-12-24,Active
CUST-01400,Kimberly Clark,Quantum Solutions,Media & Entertainment,kimberly.clark1400@quantumsolut.com,+1-816-534-7272,"Austin, TX",2024-02-15,Churned
CUST-01401,Donald Torres,Apex Enterprises,SaaS & Cloud Software,donald.torres1401@apexenterpri.com,+1-790-204-8565,"Berlin, Germany",2022-02-23,At-Risk
CUST-01402,Andrew Rodriguez,Beacon Technologies,SaaS & Cloud Software,andrew.rodriguez1402@beacontechno.com,+1-861-216-2137,"Seattle, WA",2023-03-25,Inactive
CUST-01403,Jacob Miller,Pinnacle Digital,Retail & E-Commerce,jacob.miller1403@pinnacledigi.com,+1-525-554-7559,"Boston, MA",2024-10-21,At-Risk
CUST-01404,William Scott,Starlight Innovations,Media & Entertainment,william.scott1404@starlightinn.com,+1-249-602-5889,"London, UK",2024-04-12,Churned
CUST-01405,Ryan Young,Velocity Solutions,Professional Services & Consulting,ryan.young1405@velocitysolu.com,+1-306-229-4670,"London, UK",2025-11-07,Inactive
CUST-01406,Michael Evans,Apex Dynamics,Financial Services & FinTech,michael.evans1406@apexdynamics.com,+1-905-646-4708,"Seattle, WA",2024-07-04,At-Risk
CUST-01407,Nancy Garcia,Stratosphere Digital,Professional Services & Consulting,nancy.garcia1407@stratosphere.com,+1-206-253-5254,"Toronto, Canada",2024-09-27,Churned
CUST-01408,Jennifer Davis,Nexus Enterprises,Financial Services & FinTech,jennifer.davis1408@nexusenterpr.com,+1-538-827-7218,"Boston, MA",2024-09-28,Churned
CUST-01409,Paul Hall,Synapse Dynamics,Media & Entertainment,paul.hall1409@synapsedynam.com,+1-330-526-3424,"San Francisco, CA",2026-02-22,Active
CUST-01410,Timothy Green,Acro Logistics,Financial Services & FinTech,timothy.green1410@acrologistic.com,+1-741-446-8830,"Toronto, Canada",2024-04-30,Inactive
CUST-01411,Gary Moore,Aegis Labs,Media & Entertainment,gary.moore1411@aegislabs.com,+1-295-470-5853,"Chicago, IL",2024-06-28,At-Risk
CUST-01412,William Thompson,Horizon Partners,Manufacturing & Industrial,william.thompson1412@horizonpartn.com,+1-863-410-2278,"Berlin, Germany",2021-10-07,At-Risk
CUST-01413,Elizabeth Young,Nexus Systems,SaaS & Cloud Software,elizabeth.young1413@nexussystems.com,+1-422-679-7308,"Berlin, Germany",2023-01-26,At-Risk
CUST-01414,Matthew Young,Quantum Innovations,Manufacturing & Industrial,matthew.young1414@quantuminnov.com,+1-980-740-9420,"London, UK",2023-01-24,Inactive
CUST-01415,Kenneth Carter,Prism Digital,Media & Entertainment,kenneth.carter1415@prismdigital.com,+1-358-716-2731,"Berlin, Germany",2026-03-01,Active
CUST-01416,Thomas Anderson,Catalyst Global,Media & Entertainment,thomas.anderson1416@catalystglob.com,+1-726-407-7556,"London, UK",2025-05-06,Inactive
CUST-01417,Matthew Jones,Omni Global,Healthcare & Life Sciences,matthew.jones1417@omniglobal.com,+1-515-791-2672,"Berlin, Germany",2024-03-19,Active
CUST-01418,Charles Robinson,Quantum Digital,Financial Services & FinTech,charles.robinson1418@quantumdigit.com,+1-217-671-4064,"Chicago, IL",2024-10-09,At-Risk
CUST-01419,Paul Johnson,Meridian Logistics,Media & Entertainment,paul.johnson1419@meridianlogi.com,+1-472-321-2377,"Seattle, WA",2024-07-04,Inactive
CUST-01420,Amanda Ramirez,Stratosphere Dynamics,Telecommunications,amanda.ramirez1420@stratosphere.com,+1-642-720-6467,"Toronto, Canada",2025-03-20,Inactive
CUST-01421,Michael Lewis,Omni Innovations,Financial Services & FinTech,michael.lewis1421@omniinnovati.com,+1-865-591-7923,"New York, NY",2023-11-29,At-Risk
CUST-01422,Matthew Jackson,Stratosphere Global,Healthcare & Life Sciences,matthew.jackson1422@stratosphere.com,+1-483-742-9087,"London, UK",2025-12-01,Active
CUST-01423,Sharon Miller,Aura Technologies,Manufacturing & Industrial,sharon.miller1423@auratechnolo.com,+1-425-317-1870,"San Francisco, CA",2022-11-07,At-Risk
CUST-01424,John Torres,Omni Systems,Financial Services & FinTech,john.torres1424@omnisystems.com,+1-304-482-4710,"Toronto, Canada",2024-04-17,Active
CUST-01425,Stephanie Sanchez,Beacon Solutions,Manufacturing & Industrial,stephanie.sanchez1425@beaconsoluti.com,+1-909-474-9112,"Sydney, Australia",2023-11-28,Inactive
CUST-01426,Anthony Hernandez,Stratosphere Innovations,Retail & E-Commerce,anthony.hernandez1426@stratosphere.com,+1-811-494-1050,"Sydney, Australia",2023-09-21,Inactive
CUST-01427,Richard Lopez,Solstice Digital,Media & Entertainment,richard.lopez1427@solsticedigi.com,+1-513-444-3789,"Sydney, Australia",2022-08-08,Active
CUST-01428,Kenneth Baker,Vertex Dynamics,Healthcare & Life Sciences,kenneth.baker1428@vertexdynami.com,+1-667-345-1208,"Seattle, WA",2023-02-05,Inactive
CUST-01429,Jacob Ramirez,Aegis Technologies,Healthcare & Life Sciences,jacob.ramirez1429@aegistechnol.com,+1-279-374-1159,"Boston, MA",2025-06-18,At-Risk
CUST-01430,Amanda Walker,Cognitive Technologies,Media & Entertainment,amanda.walker1430@cognitivetec.com,+1-684-312-1740,"Chicago, IL",2025-10-22,Inactive
CUST-01431,Robert Torres,Aura Enterprises,Manufacturing & Industrial,robert.torres1431@auraenterpri.com,+1-716-371-3401,"Toronto, Canada",2024-10-30,At-Risk
CUST-01432,Richard Miller,Prism Labs,Professional Services & Consulting,richard.miller1432@prismlabs.com,+1-703-559-9940,"Atlanta, GA",2026-01-16,At-Risk
CUST-01433,Steven Nelson,Meridian Enterprises,Professional Services & Consulting,steven.nelson1433@meridianente.com,+1-214-561-5933,"Atlanta, GA",2023-06-14,Inactive
CUST-01434,Kevin King,Starlight Logistics,Media & Entertainment,kevin.king1434@starlightlog.com,+1-477-731-1339,"San Francisco, CA",2026-06-20,Active
CUST-01435,Charles Clark,Vanguard Logistics,Healthcare & Life Sciences,charles.clark1435@vanguardlogi.com,+1-710-231-5003,"Seattle, WA",2025-05-26,Active
CUST-01436,Sharon White,Stratosphere Digital,Financial Services & FinTech,sharon.white1436@stratosphere.com,+1-587-854-2768,"Chicago, IL",2021-11-23,At-Risk
CUST-01437,Kimberly Green,Aura Capital,Media & Entertainment,kimberly.green1437@auracapital.com,+1-380-471-6715,"Toronto, Canada",2024-05-08,Inactive
CUST-01438,Kevin Sanchez,Cognitive Global,Retail & E-Commerce,kevin.sanchez1438@cognitiveglo.com,+1-396-242-9520,"Boston, MA",2024-04-19,Churned
CUST-01439,Carol Turner,Elevate Solutions,Telecommunications,carol.turner1439@elevatesolut.com,+1-781-555-5725,"Atlanta, GA",2023-07-18,Active
CUST-01440,Joseph Smith,Meridian Logistics,Healthcare & Life Sciences,joseph.smith1440@meridianlogi.com,+1-898-353-9571,"Atlanta, GA",2025-12-08,At-Risk
CUST-01441,Emily Flores,Horizon Logistics,Healthcare & Life Sciences,emily.flores1441@horizonlogis.com,+1-699-495-2058,"Boston, MA",2024-06-18,Inactive
CUST-01442,Emily Smith,Acro Technologies,Manufacturing & Industrial,emily.smith1442@acrotechnolo.com,+1-808-326-1871,"Boston, MA",2025-07-25,Active
CUST-01443,Gary Martin,Apex Global,Professional Services & Consulting,gary.martin1443@apexglobal.com,+1-201-251-5119,"Berlin, Germany",2025-11-16,Active
CUST-01444,Sarah Thompson,Prism Labs,Healthcare & Life Sciences,sarah.thompson1444@prismlabs.com,+1-931-477-3337,"San Francisco, CA",2025-04-04,Active
CUST-01445,Margaret Ramirez,Cognitive Solutions,Retail & E-Commerce,margaret.ramirez1445@cognitivesol.com,+1-233-684-6810,"Chicago, IL",2024-09-03,Inactive
CUST-01446,Ashley Phillips,Aura Logistics,Telecommunications,ashley.phillips1446@auralogistic.com,+1-609-300-5280,"Denver, CO",2022-10-03,At-Risk
CUST-01447,Joshua Hill,Prism Dynamics,Telecommunications,joshua.hill1447@prismdynamic.com,+1-531-792-3280,"Berlin, Germany",2026-01-18,Active
CUST-01448,Margaret Taylor,Hyperion Global,Manufacturing & Industrial,margaret.taylor1448@hyperionglob.com,+1-513-287-5871,"Boston, MA",2023-06-12,Churned
CUST-01449,Cynthia Wright,Synapse Global,Telecommunications,cynthia.wright1449@synapsegloba.com,+1-342-739-8240,"San Francisco, CA",2025-08-31,Inactive
CUST-01450,Kenneth Allen,Aura Digital,Professional Services & Consulting,kenneth.allen1450@auradigital.com,+1-563-637-8643,"Atlanta, GA",2025-06-11,Active
CUST-01451,Rebecca Clark,Acro Technologies,SaaS & Cloud Software,rebecca.clark1451@acrotechnolo.com,+1-291-343-5954,"Denver, CO",2025-11-28,Active
CUST-01452,Ashley Nguyen,Solstice Innovations,Healthcare & Life Sciences,ashley.nguyen1452@solsticeinno.com,+1-757-779-5806,"London, UK",2026-02-16,Active
CUST-01453,Michael Carter,Beacon Dynamics,Telecommunications,michael.carter1453@beacondynami.com,+1-207-673-9487,"Berlin, Germany",2022-09-06,Inactive
CUST-01454,Ryan Turner,Nexus Solutions,SaaS & Cloud Software,ryan.turner1454@nexussolutio.com,+1-866-309-6463,"Boston, MA",2025-06-19,Active
CUST-01455,Richard Evans,Prism Health,Media & Entertainment,richard.evans1455@prismhealth.com,+1-540-262-2989,"Sydney, Australia",2025-07-19,Active
CUST-01456,Michael Hall,Stratosphere Capital,Healthcare & Life Sciences,michael.hall1456@stratosphere.com,+1-959-707-3234,"Toronto, Canada",2024-12-06,Inactive
CUST-01457,Mark Baker,Velocity Partners,Healthcare & Life Sciences,mark.baker1457@velocitypart.com,+1-844-518-1105,"Boston, MA",2025-08-21,At-Risk
CUST-01458,Gary Flores,Zenith Systems,Financial Services & FinTech,gary.flores1458@zenithsystem.com,+1-201-356-2983,"San Francisco, CA",2025-10-11,Active
CUST-01459,Richard Thomas,Stratosphere Solutions,Media & Entertainment,richard.thomas1459@stratosphere.com,+1-718-654-7401,"New York, NY",2023-06-11,Inactive
CUST-01460,Linda Davis,Prism Global,Media & Entertainment,linda.davis1460@prismglobal.com,+1-441-759-5264,"Austin, TX",2026-02-21,Active
CUST-01461,Jeffrey Diaz,Aura Health,Financial Services & FinTech,jeffrey.diaz1461@aurahealth.com,+1-350-851-1354,"Denver, CO",2024-10-20,At-Risk
CUST-01462,Lisa Martinez,CoreTech Logistics,Manufacturing & Industrial,lisa.martinez1462@coretechlogi.com,+1-724-759-4282,"Austin, TX",2026-06-06,Active
CUST-01463,Jacob Walker,Prism Enterprises,Financial Services & FinTech,jacob.walker1463@prismenterpr.com,+1-705-576-5508,"London, UK",2023-11-02,At-Risk
CUST-01464,Ronald Harris,Zenith Labs,Financial Services & FinTech,ronald.harris1464@zenithlabs.com,+1-627-635-3427,"Atlanta, GA",2026-06-11,Active
CUST-01465,Patricia Jackson,Acro Solutions,Telecommunications,patricia.jackson1465@acrosolution.com,+1-795-510-1558,"New York, NY",2024-09-21,Inactive
CUST-01466,Jeffrey Williams,Catalyst Dynamics,Media & Entertainment,jeffrey.williams1466@catalystdyna.com,+1-670-483-1149,"Sydney, Australia",2022-01-13,Inactive
CUST-01467,Christopher Thompson,Solstice Partners,Manufacturing & Industrial,christopher.thompson1467@solsticepart.com,+1-924-737-7399,"Seattle, WA",2023-12-08,Inactive
CUST-01468,David Lopez,Velocity Dynamics,Professional Services & Consulting,david.lopez1468@velocitydyna.com,+1-937-776-6558,"Berlin, Germany",2023-09-16,Inactive
CUST-01469,Ryan Rivera,Hyperion Enterprises,Retail & E-Commerce,ryan.rivera1469@hyperionente.com,+1-270-860-8925,"Denver, CO",2026-02-01,Inactive
CUST-01470,Edward Walker,Elevate Logistics,Healthcare & Life Sciences,edward.walker1470@elevatelogis.com,+1-926-719-9608,"London, UK",2024-07-01,Churned
CUST-01471,Dorothy Rodriguez,Zenith Innovations,Professional Services & Consulting,dorothy.rodriguez1471@zenithinnova.com,+1-833-613-2107,"London, UK",2026-06-24,Active
CUST-01472,Jennifer Johnson,CoreTech Dynamics,Manufacturing & Industrial,jennifer.johnson1472@coretechdyna.com,+1-882-308-9182,"San Francisco, CA",2024-09-12,Churned
CUST-01473,Jacob Lee,Starlight Systems,Manufacturing & Industrial,jacob.lee1473@starlightsys.com,+1-379-593-7882,"San Francisco, CA",2025-07-24,Inactive
CUST-01474,David Brown,Elevate Enterprises,Financial Services & FinTech,david.brown1474@elevateenter.com,+1-968-274-8234,"New York, NY",2024-06-24,Inactive
CUST-01475,Melissa Hill,Velocity Partners,SaaS & Cloud Software,melissa.hill1475@velocitypart.com,+1-529-310-8364,"Austin, TX",2023-07-26,At-Risk
CUST-01476,Edward Rodriguez,Velocity Health,Manufacturing & Industrial,edward.rodriguez1476@velocityheal.com,+1-459-702-8168,"Chicago, IL",2026-02-24,Active
CUST-01477,Andrew Anderson,Stratosphere Digital,Healthcare & Life Sciences,andrew.anderson1477@stratosphere.com,+1-742-396-2409,"Denver, CO",2025-04-27,Churned
CUST-01478,Patricia Green,Aura Solutions,Manufacturing & Industrial,patricia.green1478@aurasolution.com,+1-344-205-6891,"New York, NY",2025-02-23,Churned
CUST-01479,Timothy Torres,Horizon Partners,Financial Services & FinTech,timothy.torres1479@horizonpartn.com,+1-390-898-9653,"Seattle, WA",2023-12-14,Churned
CUST-01480,Amy Gonzalez,Stratosphere Health,Media & Entertainment,amy.gonzalez1480@stratosphere.com,+1-561-565-3258,"Toronto, Canada",2023-09-26,Inactive
CUST-01481,David Lewis,Pinnacle Logistics,Telecommunications,david.lewis1481@pinnaclelogi.com,+1-783-280-3083,"San Francisco, CA",2024-11-13,Churned
CUST-01482,Joshua Miller,Quantum Analytics,Manufacturing & Industrial,joshua.miller1482@quantumanaly.com,+1-816-753-6421,"New York, NY",2023-06-28,Active
CUST-01483,Robert Anderson,Prism Partners,Retail & E-Commerce,robert.anderson1483@prismpartner.com,+1-921-566-2113,"Denver, CO",2025-09-29,Active
CUST-01484,Christopher Jackson,Vertex Capital,Manufacturing & Industrial,christopher.jackson1484@vertexcapita.com,+1-826-712-6115,"Toronto, Canada",2022-09-09,At-Risk
CUST-01485,Stephanie Flores,Nexus Capital,Financial Services & FinTech,stephanie.flores1485@nexuscapital.com,+1-683-469-1491,"London, UK",2025-06-19,Inactive
CUST-01486,John Perez,Pinnacle Enterprises,Manufacturing & Industrial,john.perez1486@pinnacleente.com,+1-984-260-3282,"Seattle, WA",2023-05-01,Inactive
CUST-01487,Anthony Scott,CoreTech Innovations,SaaS & Cloud Software,anthony.scott1487@coretechinno.com,+1-706-274-1579,"Chicago, IL",2026-06-03,Active
CUST-01488,Brian Jones,Pinnacle Health,Financial Services & FinTech,brian.jones1488@pinnacleheal.com,+1-691-332-5432,"Toronto, Canada",2025-09-01,At-Risk
CUST-01489,Jennifer Miller,Nexus Analytics,Manufacturing & Industrial,jennifer.miller1489@nexusanalyti.com,+1-559-641-8824,"Berlin, Germany",2026-04-12,Active
CUST-01490,Joshua Gomez,Vanguard Technologies,SaaS & Cloud Software,joshua.gomez1490@vanguardtech.com,+1-401-747-7215,"New York, NY",2022-09-19,Inactive
CUST-01491,Robert Scott,Meridian Technologies,Telecommunications,robert.scott1491@meridiantech.com,+1-913-328-8040,"Denver, CO",2023-04-23,Inactive
CUST-01492,Jason Scott,Hyperion Solutions,Media & Entertainment,jason.scott1492@hyperionsolu.com,+1-831-576-6763,"San Francisco, CA",2023-03-02,Inactive
CUST-01493,Matthew Perez,Pinnacle Technologies,Manufacturing & Industrial,matthew.perez1493@pinnacletech.com,+1-295-802-1164,"Chicago, IL",2024-09-13,At-Risk
CUST-01494,Sandra Clark,CoreTech Labs,SaaS & Cloud Software,sandra.clark1494@coretechlabs.com,+1-938-455-1931,"New York, NY",2023-09-09,Active
CUST-01495,Elizabeth Brown,Hyperion Analytics,Healthcare & Life Sciences,elizabeth.brown1495@hyperionanal.com,+1-245-521-6728,"Boston, MA",2025-07-31,At-Risk
CUST-01496,Ashley Jackson,Hyperion Health,Telecommunications,ashley.jackson1496@hyperionheal.com,+1-874-325-2258,"Atlanta, GA",2025-08-25,Inactive
CUST-01497,Elizabeth Taylor,Horizon Systems,Media & Entertainment,elizabeth.taylor1497@horizonsyste.com,+1-953-565-4609,"Sydney, Australia",2026-01-07,Active
CUST-01498,Jeffrey Rivera,Prism Innovations,Retail & E-Commerce,jeffrey.rivera1498@prisminnovat.com,+1-451-739-5383,"Berlin, Germany",2024-02-13,At-Risk
CUST-01499,Kenneth Hall,Horizon Capital,Financial Services & FinTech,kenneth.hall1499@horizoncapit.com,+1-555-620-8966,"New York, NY",2023-01-26,Active
CUST-01500,Kimberly Garcia,Stratosphere Dynamics,Manufacturing & Industrial,kimberly.garcia1500@stratosphere.com,+1-960-766-4453,"Boston, MA",2024-05-06,Inactive
CUST-01501,Jessica White,CoreTech Partners,Healthcare & Life Sciences,jessica.white1501@coretechpart.com,+1-441-650-8434,"New York, NY",2025-08-12,Inactive
CUST-01502,Joseph Johnson,Meridian Partners,SaaS & Cloud Software,joseph.johnson1502@meridianpart.com,+1-485-802-7294,"Boston, MA",2024-06-26,At-Risk
CUST-01503,Joshua Evans,Vertex Technologies,Retail & E-Commerce,joshua.evans1503@vertextechno.com,+1-594-707-1308,"London, UK",2022-01-23,At-Risk
CUST-01504,Edward Harris,Acro Technologies,Manufacturing & Industrial,edward.harris1504@acrotechnolo.com,+1-589-388-8062,"Chicago, IL",2026-01-10,Active
CUST-01505,Michael Nelson,Prism Technologies,Professional Services & Consulting,michael.nelson1505@prismtechnol.com,+1-824-544-5301,"New York, NY",2023-02-17,Inactive
CUST-01506,Betty Carter,Apex Innovations,Telecommunications,betty.carter1506@apexinnovati.com,+1-947-258-2789,"Denver, CO",2025-02-12,Inactive
CUST-01507,Deborah Campbell,Aura Enterprises,Media & Entertainment,deborah.campbell1507@auraenterpri.com,+1-787-781-9501,"Denver, CO",2026-02-01,Active
CUST-01508,Dorothy Hernandez,Beacon Analytics,Manufacturing & Industrial,dorothy.hernandez1508@beaconanalyt.com,+1-216-487-5495,"Austin, TX",2026-03-22,Active
CUST-01509,William Thomas,Starlight Capital,Retail & E-Commerce,william.thomas1509@starlightcap.com,+1-785-604-1632,"Seattle, WA",2026-04-20,Active
CUST-01510,Kimberly White,Omni Logistics,Retail & E-Commerce,kimberly.white1510@omnilogistic.com,+1-823-212-3036,"Berlin, Germany",2025-10-09,Churned
CUST-01511,Donna Torres,Aura Innovations,Retail & E-Commerce,donna.torres1511@aurainnovati.com,+1-655-673-1282,"Austin, TX",2024-07-26,Churned
CUST-01512,Jeffrey Smith,Acro Technologies,Professional Services & Consulting,jeffrey.smith1512@acrotechnolo.com,+1-854-769-4569,"Atlanta, GA",2024-09-01,Churned
CUST-01513,Timothy Brown,Cognitive Solutions,Retail & E-Commerce,timothy.brown1513@cognitivesol.com,+1-765-521-2049,"London, UK",2024-07-23,Inactive
CUST-01514,Jeffrey Lopez,Omni Labs,Retail & E-Commerce,jeffrey.lopez1514@omnilabs.com,+1-707-330-4726,"Boston, MA",2022-12-01,Active
CUST-01515,Daniel Martinez,Elevate Logistics,SaaS & Cloud Software,daniel.martinez1515@elevatelogis.com,+1-318-870-1630,"Chicago, IL",2024-05-30,Active
CUST-01516,Lisa Baker,Solstice Partners,Media & Entertainment,lisa.baker1516@solsticepart.com,+1-525-242-4734,"London, UK",2023-11-08,Active
CUST-01517,Linda Rivera,Omni Enterprises,SaaS & Cloud Software,linda.rivera1517@omnienterpri.com,+1-562-753-1732,"Berlin, Germany",2025-08-16,Inactive
CUST-01518,Donald Thompson,Quantum Solutions,Media & Entertainment,donald.thompson1518@quantumsolut.com,+1-724-279-4882,"San Francisco, CA",2026-01-11,Inactive
CUST-01519,Anthony Lee,Cognitive Innovations,Telecommunications,anthony.lee1519@cognitiveinn.com,+1-858-636-5638,"San Francisco, CA",2024-07-23,Active
CUST-01520,Charles Johnson,Aegis Health,Professional Services & Consulting,charles.johnson1520@aegishealth.com,+1-618-867-7139,"Seattle, WA",2026-03-11,At-Risk
CUST-01521,Jacob Jackson,Elevate Technologies,Healthcare & Life Sciences,jacob.jackson1521@elevatetechn.com,+1-246-497-3458,"Seattle, WA",2024-07-12,Active
CUST-01522,Patricia Miller,Elevate Systems,Professional Services & Consulting,patricia.miller1522@elevatesyste.com,+1-933-720-6636,"Toronto, Canada",2025-03-05,Inactive
CUST-01523,Betty Harris,Cognitive Technologies,Healthcare & Life Sciences,betty.harris1523@cognitivetec.com,+1-981-864-2285,"Denver, CO",2023-04-25,Inactive
CUST-01524,Elizabeth Anderson,Cognitive Capital,Telecommunications,elizabeth.anderson1524@cognitivecap.com,+1-951-324-9646,"Toronto, Canada",2022-10-13,At-Risk
CUST-01525,Michael Hill,Meridian Logistics,Media & Entertainment,michael.hill1525@meridianlogi.com,+1-476-399-5801,"Seattle, WA",2023-10-28,Active
CUST-01526,Ashley Perez,Vanguard Labs,Professional Services & Consulting,ashley.perez1526@vanguardlabs.com,+1-667-522-2890,"Chicago, IL",2023-03-12,At-Risk
CUST-01527,Donald Lewis,CoreTech Global,Professional Services & Consulting,donald.lewis1527@coretechglob.com,+1-561-773-9284,"San Francisco, CA",2025-07-09,Inactive
CUST-01528,Elizabeth White,Velocity Analytics,Manufacturing & Industrial,elizabeth.white1528@velocityanal.com,+1-629-435-3052,"Atlanta, GA",2025-05-18,At-Risk
CUST-01529,Ashley Roberts,Pinnacle Logistics,Healthcare & Life Sciences,ashley.roberts1529@pinnaclelogi.com,+1-467-493-6596,"London, UK",2023-10-25,Churned
CUST-01530,Kenneth Davis,Vertex Global,Telecommunications,kenneth.davis1530@vertexglobal.com,+1-352-789-9096,"Toronto, Canada",2026-05-20,Active
CUST-01531,Margaret Lopez,Acro Technologies,Healthcare & Life Sciences,margaret.lopez1531@acrotechnolo.com,+1-629-469-8698,"San Francisco, CA",2023-12-04,At-Risk
CUST-01532,Richard Rodriguez,Nexus Partners,Telecommunications,richard.rodriguez1532@nexuspartner.com,+1-907-370-2196,"New York, NY",2025-08-07,Active
CUST-01533,Thomas Allen,Solstice Global,Telecommunications,thomas.allen1533@solsticeglob.com,+1-331-611-4955,"Seattle, WA",2025-06-06,Churned
CUST-01534,Emily Davis,Aegis Partners,Professional Services & Consulting,emily.davis1534@aegispartner.com,+1-824-831-2765,"London, UK",2022-11-03,Inactive
CUST-01535,Jennifer Jones,CoreTech Innovations,Media & Entertainment,jennifer.jones1535@coretechinno.com,+1-846-660-8138,"Denver, CO",2025-10-08,Active
CUST-01536,Emily Carter,Meridian Digital,Healthcare & Life Sciences,emily.carter1536@meridiandigi.com,+1-388-803-9345,"Sydney, Australia",2022-03-13,Inactive
CUST-01537,William Martinez,Apex Health,Professional Services & Consulting,william.martinez1537@apexhealth.com,+1-865-664-7215,"Berlin, Germany",2022-12-17,At-Risk
CUST-01538,Michelle Lewis,Synapse Capital,Retail & E-Commerce,michelle.lewis1538@synapsecapit.com,+1-438-504-9082,"San Francisco, CA",2025-08-24,Inactive
CUST-01539,Carol Brown,Cognitive Capital,Telecommunications,carol.brown1539@cognitivecap.com,+1-531-593-6219,"Boston, MA",2022-10-05,Active
CUST-01540,Daniel Martinez,Nexus Partners,Manufacturing & Industrial,daniel.martinez1540@nexuspartner.com,+1-732-484-6150,"Denver, CO",2026-01-15,At-Risk
CUST-01541,Richard Thompson,Prism Dynamics,Financial Services & FinTech,richard.thompson1541@prismdynamic.com,+1-481-698-8191,"Boston, MA",2025-08-12,Churned
CUST-01542,Mark Hernandez,Prism Enterprises,Financial Services & FinTech,mark.hernandez1542@prismenterpr.com,+1-883-485-3310,"Chicago, IL",2021-11-29,Active
CUST-01543,Richard Wilson,Horizon Partners,Healthcare & Life Sciences,richard.wilson1543@horizonpartn.com,+1-813-240-9844,"New York, NY",2025-09-26,At-Risk
CUST-01544,Matthew Smith,Meridian Partners,SaaS & Cloud Software,matthew.smith1544@meridianpart.com,+1-409-488-7987,"Seattle, WA",2025-09-24,Inactive
CUST-01545,Jeffrey King,Hyperion Partners,Media & Entertainment,jeffrey.king1545@hyperionpart.com,+1-313-322-8281,"Boston, MA",2023-04-01,Inactive
CUST-01546,Sharon Young,Omni Solutions,Healthcare & Life Sciences,sharon.young1546@omnisolution.com,+1-950-884-2908,"Boston, MA",2022-12-22,Inactive
CUST-01547,Amanda Phillips,Vertex Digital,Manufacturing & Industrial,amanda.phillips1547@vertexdigita.com,+1-277-534-3567,"Sydney, Australia",2024-11-06,Churned
CUST-01548,Kevin Moore,Acro Logistics,Financial Services & FinTech,kevin.moore1548@acrologistic.com,+1-905-522-1628,"Sydney, Australia",2026-02-12,Active
CUST-01549,Sharon Miller,Zenith Labs,Professional Services & Consulting,sharon.miller1549@zenithlabs.com,+1-772-876-1583,"Chicago, IL",2024-06-25,Active
CUST-01550,Mary Thomas,Hyperion Health,Telecommunications,mary.thomas1550@hyperionheal.com,+1-890-400-5346,"Chicago, IL",2026-06-25,Active
CUST-01551,Jacob Martinez,Meridian Partners,Healthcare & Life Sciences,jacob.martinez1551@meridianpart.com,+1-709-489-3159,"Sydney, Australia",2024-07-02,Inactive
CUST-01552,Margaret Green,Vertex Capital,Manufacturing & Industrial,margaret.green1552@vertexcapita.com,+1-645-268-9039,"New York, NY",2026-01-20,At-Risk
CUST-01553,Anthony Rivera,Synapse Technologies,Telecommunications,anthony.rivera1553@synapsetechn.com,+1-470-828-7230,"Sydney, Australia",2023-05-29,Churned
CUST-01554,Donald Green,Catalyst Analytics,Healthcare & Life Sciences,donald.green1554@catalystanal.com,+1-438-499-8947,"Boston, MA",2025-08-17,Inactive
CUST-01555,Gary Gomez,Velocity Global,Professional Services & Consulting,gary.gomez1555@velocityglob.com,+1-693-502-2581,"Toronto, Canada",2023-04-27,Inactive
CUST-01556,Mark Davis,Starlight Labs,Retail & E-Commerce,mark.davis1556@starlightlab.com,+1-658-533-5053,"Denver, CO",2024-08-25,Inactive
CUST-01557,Jason Davis,Synapse Analytics,Professional Services & Consulting,jason.davis1557@synapseanaly.com,+1-317-555-7522,"Berlin, Germany",2026-01-13,Active
CUST-01558,Thomas Roberts,Meridian Partners,Media & Entertainment,thomas.roberts1558@meridianpart.com,+1-622-440-1474,"London, UK",2024-01-16,Inactive
CUST-01559,Emily Moore,Solstice Systems,Telecommunications,emily.moore1559@solsticesyst.com,+1-776-530-5286,"New York, NY",2023-07-20,Churned
CUST-01560,Kenneth Clark,Beacon Labs,Media & Entertainment,kenneth.clark1560@beaconlabs.com,+1-609-466-1895,"Denver, CO",2025-11-03,Inactive
CUST-01561,Paul Young,CoreTech Systems,Professional Services & Consulting,paul.young1561@coretechsyst.com,+1-247-515-8334,"Berlin, Germany",2025-01-12,Active
CUST-01562,Timothy Anderson,Cognitive Dynamics,Manufacturing & Industrial,timothy.anderson1562@cognitivedyn.com,+1-313-828-6401,"Berlin, Germany",2025-11-11,At-Risk
CUST-01563,Thomas Hill,Horizon Technologies,SaaS & Cloud Software,thomas.hill1563@horizontechn.com,+1-293-541-6778,"Denver, CO",2024-09-16,Churned
CUST-01564,David Adams,Nexus Capital,Manufacturing & Industrial,david.adams1564@nexuscapital.com,+1-749-403-3572,"Seattle, WA",2026-03-19,At-Risk
CUST-01565,Ronald Parker,Zenith Systems,Retail & E-Commerce,ronald.parker1565@zenithsystem.com,+1-583-539-7773,"Austin, TX",2024-12-31,Churned
CUST-01566,Betty Scott,CoreTech Systems,SaaS & Cloud Software,betty.scott1566@coretechsyst.com,+1-221-739-2679,"New York, NY",2024-11-30,Active
CUST-01567,Ronald Gomez,Meridian Technologies,Healthcare & Life Sciences,ronald.gomez1567@meridiantech.com,+1-509-224-4768,"Boston, MA",2025-10-02,At-Risk
CUST-01568,Ashley Williams,Omni Digital,Financial Services & FinTech,ashley.williams1568@omnidigital.com,+1-872-610-3149,"Denver, CO",2025-08-10,Active
CUST-01569,Paul Parker,Vertex Solutions,Financial Services & FinTech,paul.parker1569@vertexsoluti.com,+1-940-625-1330,"Toronto, Canada",2025-12-05,At-Risk
CUST-01570,Mary Mitchell,Horizon Health,Healthcare & Life Sciences,mary.mitchell1570@horizonhealt.com,+1-954-802-7408,"San Francisco, CA",2024-01-05,Inactive
CUST-01571,Matthew Turner,Elevate Partners,Retail & E-Commerce,matthew.turner1571@elevatepartn.com,+1-636-724-1383,"Seattle, WA",2026-06-06,Active
CUST-01572,Joshua Moore,Acro Systems,Financial Services & FinTech,joshua.moore1572@acrosystems.com,+1-872-790-8723,"Boston, MA",2025-03-06,Active
CUST-01573,Edward Jackson,Pinnacle Solutions,Manufacturing & Industrial,edward.jackson1573@pinnaclesolu.com,+1-775-485-8919,"Denver, CO",2024-07-16,Churned
CUST-01574,Andrew Hall,Horizon Capital,Manufacturing & Industrial,andrew.hall1574@horizoncapit.com,+1-218-708-7449,"Denver, CO",2023-09-26,Inactive
CUST-01575,Melissa Carter,Horizon Digital,Financial Services & FinTech,melissa.carter1575@horizondigit.com,+1-430-791-1407,"Atlanta, GA",2026-01-13,Active
CUST-01576,Ronald Roberts,Vanguard Analytics,Professional Services & Consulting,ronald.roberts1576@vanguardanal.com,+1-777-311-6089,"Atlanta, GA",2022-10-25,Active
CUST-01577,Kevin Martinez,Velocity Solutions,Financial Services & FinTech,kevin.martinez1577@velocitysolu.com,+1-374-412-9025,"Toronto, Canada",2022-08-27,Active
CUST-01578,Ashley Garcia,Hyperion Global,Media & Entertainment,ashley.garcia1578@hyperionglob.com,+1-941-780-4808,"Toronto, Canada",2025-07-17,Active
CUST-01579,Linda Roberts,Meridian Enterprises,Telecommunications,linda.roberts1579@meridianente.com,+1-959-545-3467,"Boston, MA",2026-06-01,Active
CUST-01580,John Lee,Zenith Health,Telecommunications,john.lee1580@zenithhealth.com,+1-475-414-9007,"New York, NY",2026-02-02,Active
CUST-01581,Amy Lee,Velocity Systems,Professional Services & Consulting,amy.lee1581@velocitysyst.com,+1-926-694-9428,"Atlanta, GA",2023-03-10,Active
CUST-01582,William Miller,Pinnacle Digital,Financial Services & FinTech,william.miller1582@pinnacledigi.com,+1-331-213-3655,"Denver, CO",2023-10-20,Active
CUST-01583,Jessica Hernandez,Stratosphere Analytics,Financial Services & FinTech,jessica.hernandez1583@stratosphere.com,+1-635-707-3797,"New York, NY",2026-03-14,Active
CUST-01584,Gary Rodriguez,CoreTech Partners,Telecommunications,gary.rodriguez1584@coretechpart.com,+1-210-503-2926,"Denver, CO",2024-08-17,At-Risk
CUST-01585,Sharon Jackson,CoreTech Logistics,Retail & E-Commerce,sharon.jackson1585@coretechlogi.com,+1-531-829-7088,"Toronto, Canada",2023-01-03,Inactive
CUST-01586,Nancy Martinez,Prism Capital,Manufacturing & Industrial,nancy.martinez1586@prismcapital.com,+1-932-580-9509,"London, UK",2023-01-14,At-Risk
CUST-01587,Steven Walker,Acro Systems,Professional Services & Consulting,steven.walker1587@acrosystems.com,+1-938-338-3690,"Sydney, Australia",2026-03-01,Active
CUST-01588,Jacob Smith,Aegis Global,Healthcare & Life Sciences,jacob.smith1588@aegisglobal.com,+1-682-268-1091,"Austin, TX",2022-11-20,At-Risk
CUST-01589,Donna Hall,Stratosphere Systems,Financial Services & FinTech,donna.hall1589@stratosphere.com,+1-670-538-2551,"Toronto, Canada",2022-09-15,Inactive
CUST-01590,Linda Flores,Acro Health,Healthcare & Life Sciences,linda.flores1590@acrohealth.com,+1-559-851-4703,"San Francisco, CA",2025-08-21,Churned
CUST-01591,Brian Green,Apex Systems,Retail & E-Commerce,brian.green1591@apexsystems.com,+1-637-798-6009,"Boston, MA",2026-05-16,Active
CUST-01592,Melissa Flores,Starlight Global,Retail & E-Commerce,melissa.flores1592@starlightglo.com,+1-755-856-4319,"Toronto, Canada",2022-10-12,Inactive
CUST-01593,Elizabeth Nguyen,Hyperion Solutions,Manufacturing & Industrial,elizabeth.nguyen1593@hyperionsolu.com,+1-383-469-2676,"Boston, MA",2023-03-27,Active
CUST-01594,Thomas Phillips,Solstice Health,Telecommunications,thomas.phillips1594@solsticeheal.com,+1-790-806-5542,"Seattle, WA",2022-02-19,At-Risk
CUST-01595,Jacob Wilson,Synapse Technologies,Manufacturing & Industrial,jacob.wilson1595@synapsetechn.com,+1-294-829-3400,"Chicago, IL",2024-09-05,Churned
CUST-01596,Charles Hernandez,Meridian Partners,SaaS & Cloud Software,charles.hernandez1596@meridianpart.com,+1-280-253-3244,"Seattle, WA",2026-04-03,Active
CUST-01597,Jeffrey Ramirez,Aura Analytics,Professional Services & Consulting,jeffrey.ramirez1597@auraanalytic.com,+1-713-320-4944,"Boston, MA",2024-10-06,At-Risk
CUST-01598,Ronald Harris,Starlight Global,Media & Entertainment,ronald.harris1598@starlightglo.com,+1-520-734-6193,"Seattle, WA",2023-07-30,Inactive
CUST-01599,William Hill,Stratosphere Dynamics,Retail & E-Commerce,william.hill1599@stratosphere.com,+1-347-647-8235,"Sydney, Australia",2021-10-11,Active
CUST-01600,Gary Hall,Omni Logistics,Financial Services & FinTech,gary.hall1600@omnilogistic.com,+1-646-867-6704,"Toronto, Canada",2023-01-28,Inactive
CUST-01601,Daniel Johnson,Catalyst Partners,Media & Entertainment,daniel.johnson1601@catalystpart.com,+1-555-634-4502,"Berlin, Germany",2023-10-22,Inactive
CUST-01602,Matthew Harris,Catalyst Dynamics,SaaS & Cloud Software,matthew.harris1602@catalystdyna.com,+1-653-569-9618,"Chicago, IL",2024-11-23,At-Risk
CUST-01603,Matthew Smith,Cognitive Enterprises,Professional Services & Consulting,matthew.smith1603@cognitiveent.com,+1-578-459-9237,"San Francisco, CA",2023-11-05,Inactive
CUST-01604,Mary Hill,Omni Technologies,Retail & E-Commerce,mary.hill1604@omnitechnolo.com,+1-691-607-1719,"Berlin, Germany",2022-12-12,At-Risk
CUST-01605,Steven Moore,Velocity Technologies,SaaS & Cloud Software,steven.moore1605@velocitytech.com,+1-683-822-8446,"Sydney, Australia",2025-06-02,Active
CUST-01606,Gary Lopez,Meridian Digital,Financial Services & FinTech,gary.lopez1606@meridiandigi.com,+1-579-229-3509,"New York, NY",2025-11-23,Active
CUST-01607,Daniel Parker,Hyperion Solutions,Telecommunications,daniel.parker1607@hyperionsolu.com,+1-258-654-2021,"San Francisco, CA",2023-02-25,At-Risk
CUST-01608,Kenneth Miller,Horizon Enterprises,Manufacturing & Industrial,kenneth.miller1608@horizonenter.com,+1-829-217-6450,"Berlin, Germany",2024-07-30,Churned
CUST-01609,Kenneth Rivera,Synapse Health,Professional Services & Consulting,kenneth.rivera1609@synapsehealt.com,+1-215-880-7605,"Toronto, Canada",2022-10-06,At-Risk
CUST-01610,Rebecca Turner,Aura Logistics,SaaS & Cloud Software,rebecca.turner1610@auralogistic.com,+1-398-713-3416,"San Francisco, CA",2026-02-04,At-Risk
CUST-01611,Paul Garcia,Synapse Analytics,SaaS & Cloud Software,paul.garcia1611@synapseanaly.com,+1-824-403-9281,"Boston, MA",2023-07-26,Inactive
CUST-01612,Timothy Lopez,Velocity Digital,SaaS & Cloud Software,timothy.lopez1612@velocitydigi.com,+1-481-774-6745,"Boston, MA",2025-09-26,At-Risk
CUST-01613,Jessica Perez,Acro Health,Financial Services & FinTech,jessica.perez1613@acrohealth.com,+1-675-290-2904,"London, UK",2026-05-19,Active
CUST-01614,Barbara Lopez,CoreTech Solutions,Healthcare & Life Sciences,barbara.lopez1614@coretechsolu.com,+1-806-841-1329,"Seattle, WA",2026-03-23,At-Risk
CUST-01615,Nancy Gomez,Apex Systems,Professional Services & Consulting,nancy.gomez1615@apexsystems.com,+1-284-452-6042,"Atlanta, GA",2022-09-06,Inactive
CUST-01616,Matthew Mitchell,Starlight Digital,Healthcare & Life Sciences,matthew.mitchell1616@starlightdig.com,+1-255-588-5703,"Boston, MA",2026-05-04,Active
CUST-01617,Daniel Moore,Hyperion Health,Professional Services & Consulting,daniel.moore1617@hyperionheal.com,+1-432-392-5469,"Denver, CO",2025-09-05,Inactive
CUST-01618,Margaret Lopez,Prism Enterprises,Media & Entertainment,margaret.lopez1618@prismenterpr.com,+1-295-701-6818,"Boston, MA",2026-03-10,Active
CUST-01619,George Thompson,Starlight Logistics,Media & Entertainment,george.thompson1619@starlightlog.com,+1-904-374-1601,"Berlin, Germany",2025-08-21,Inactive
CUST-01620,Deborah Martinez,Horizon Health,Manufacturing & Industrial,deborah.martinez1620@horizonhealt.com,+1-645-555-5729,"Sydney, Australia",2023-12-24,Churned
CUST-01621,Anthony Perez,Zenith Capital,Retail & E-Commerce,anthony.perez1621@zenithcapita.com,+1-726-415-5230,"San Francisco, CA",2023-04-06,Inactive
CUST-01622,Betty Robinson,Omni Technologies,Financial Services & FinTech,betty.robinson1622@omnitechnolo.com,+1-875-846-4054,"Toronto, Canada",2022-03-31,Active
CUST-01623,Jacob Rodriguez,Acro Health,Professional Services & Consulting,jacob.rodriguez1623@acrohealth.com,+1-778-586-1554,"Seattle, WA",2025-12-06,At-Risk
CUST-01624,Michelle Hall,Quantum Logistics,Professional Services & Consulting,michelle.hall1624@quantumlogis.com,+1-363-631-8790,"New York, NY",2025-01-25,Inactive
CUST-01625,Kevin Perez,Velocity Solutions,Healthcare & Life Sciences,kevin.perez1625@velocitysolu.com,+1-514-366-8648,"Seattle, WA",2024-04-06,Active
CUST-01626,Lisa Carter,Apex Analytics,Media & Entertainment,lisa.carter1626@apexanalytic.com,+1-790-645-7542,"London, UK",2026-06-24,Active
CUST-01627,Jacob Turner,Vanguard Enterprises,Professional Services & Consulting,jacob.turner1627@vanguardente.com,+1-546-694-7572,"London, UK",2026-04-16,Active
CUST-01628,Joshua Williams,Vanguard Labs,Financial Services & FinTech,joshua.williams1628@vanguardlabs.com,+1-637-475-7565,"Denver, CO",2025-08-17,Active
CUST-01629,Patricia Hernandez,Solstice Dynamics,Retail & E-Commerce,patricia.hernandez1629@solsticedyna.com,+1-915-736-4251,"London, UK",2023-11-06,Inactive
CUST-01630,Sarah Rodriguez,Aura Innovations,SaaS & Cloud Software,sarah.rodriguez1630@aurainnovati.com,+1-517-344-6670,"San Francisco, CA",2024-03-31,At-Risk
CUST-01631,Ryan Sanchez,Synapse Analytics,SaaS & Cloud Software,ryan.sanchez1631@synapseanaly.com,+1-352-405-3819,"Berlin, Germany",2025-10-04,Churned
CUST-01632,Joshua Martin,Vertex Dynamics,Manufacturing & Industrial,joshua.martin1632@vertexdynami.com,+1-648-292-5009,"Chicago, IL",2026-04-08,At-Risk
CUST-01633,Karen Baker,Horizon Partners,Professional Services & Consulting,karen.baker1633@horizonpartn.com,+1-689-363-6647,"New York, NY",2025-10-06,At-Risk
CUST-01634,Richard Walker,Horizon Logistics,Telecommunications,richard.walker1634@horizonlogis.com,+1-418-683-7165,"Sydney, Australia",2024-10-19,Churned
CUST-01635,Cynthia Rivera,Vanguard Labs,Financial Services & FinTech,cynthia.rivera1635@vanguardlabs.com,+1-332-525-3187,"Denver, CO",2023-12-30,Inactive
CUST-01636,Stephanie Roberts,Aegis Enterprises,Telecommunications,stephanie.roberts1636@aegisenterpr.com,+1-604-746-2174,"London, UK",2025-07-10,At-Risk
CUST-01637,Brian Young,Aura Digital,SaaS & Cloud Software,brian.young1637@auradigital.com,+1-824-382-4852,"Chicago, IL",2023-03-01,At-Risk
CUST-01638,Melissa White,Aegis Capital,SaaS & Cloud Software,melissa.white1638@aegiscapital.com,+1-814-607-2265,"London, UK",2022-12-25,Inactive
CUST-01639,Sandra Rodriguez,Meridian Systems,SaaS & Cloud Software,sandra.rodriguez1639@meridiansyst.com,+1-510-645-2521,"Chicago, IL",2025-08-29,Inactive
CUST-01640,Carol Harris,Velocity Dynamics,Telecommunications,carol.harris1640@velocitydyna.com,+1-492-518-7337,"Austin, TX",2026-05-26,Active
CUST-01641,Kathleen Williams,Omni Global,Healthcare & Life Sciences,kathleen.williams1641@omniglobal.com,+1-608-898-9476,"Austin, TX",2025-08-31,Active
CUST-01642,Susan Robinson,Vertex Innovations,Financial Services & FinTech,susan.robinson1642@vertexinnova.com,+1-615-212-3635,"Berlin, Germany",2023-11-05,Churned
CUST-01643,Kenneth Rodriguez,Cognitive Capital,Telecommunications,kenneth.rodriguez1643@cognitivecap.com,+1-666-211-8964,"Berlin, Germany",2026-05-27,Active
CUST-01644,Stephanie Ramirez,Starlight Technologies,Retail & E-Commerce,stephanie.ramirez1644@starlighttec.com,+1-465-849-2899,"Denver, CO",2026-03-26,At-Risk
CUST-01645,Laura Allen,Catalyst Labs,Media & Entertainment,laura.allen1645@catalystlabs.com,+1-544-747-6977,"Sydney, Australia",2021-12-11,Active
CUST-01646,Joseph Gomez,Synapse Global,Telecommunications,joseph.gomez1646@synapsegloba.com,+1-282-353-1113,"Berlin, Germany",2025-08-07,Churned
CUST-01647,Carol Rivera,Cognitive Enterprises,Manufacturing & Industrial,carol.rivera1647@cognitiveent.com,+1-830-665-8125,"Toronto, Canada",2024-01-23,Active
CUST-01648,Michael Robinson,Prism Technologies,Financial Services & FinTech,michael.robinson1648@prismtechnol.com,+1-672-575-1820,"Atlanta, GA",2024-04-05,Churned
CUST-01649,Melissa Taylor,Pinnacle Innovations,Retail & E-Commerce,melissa.taylor1649@pinnacleinno.com,+1-756-473-3928,"New York, NY",2024-02-26,Churned
CUST-01650,Emily Thompson,Pinnacle Technologies,Media & Entertainment,emily.thompson1650@pinnacletech.com,+1-505-851-1583,"Seattle, WA",2024-06-02,Churned
CUST-01651,Joseph Thompson,CoreTech Technologies,Telecommunications,joseph.thompson1651@coretechtech.com,+1-380-286-9765,"Chicago, IL",2024-01-12,Active
CUST-01652,Richard Rodriguez,CoreTech Dynamics,Media & Entertainment,richard.rodriguez1652@coretechdyna.com,+1-482-553-8504,"Denver, CO",2022-08-24,Inactive
CUST-01653,Ashley Evans,CoreTech Partners,Media & Entertainment,ashley.evans1653@coretechpart.com,+1-279-534-7107,"New York, NY",2023-09-07,Inactive
CUST-01654,John Martinez,Elevate Digital,Financial Services & FinTech,john.martinez1654@elevatedigit.com,+1-725-280-6534,"Denver, CO",2025-04-28,At-Risk
CUST-01655,Joshua Ramirez,Beacon Technologies,Healthcare & Life Sciences,joshua.ramirez1655@beacontechno.com,+1-464-868-2298,"Sydney, Australia",2025-03-22,Active
CUST-01656,Sharon Davis,Stratosphere Health,Retail & E-Commerce,sharon.davis1656@stratosphere.com,+1-831-726-9833,"Boston, MA",2024-12-14,Inactive
CUST-01657,Ashley Hall,Nexus Innovations,Media & Entertainment,ashley.hall1657@nexusinnovat.com,+1-979-647-5502,"Chicago, IL",2025-09-26,Active
CUST-01658,Lisa Moore,Solstice Logistics,SaaS & Cloud Software,lisa.moore1658@solsticelogi.com,+1-609-385-5668,"London, UK",2023-08-04,Inactive
CUST-01659,Paul Smith,Pinnacle Systems,SaaS & Cloud Software,paul.smith1659@pinnaclesyst.com,+1-873-332-5501,"Denver, CO",2026-01-29,Active
CUST-01660,Paul Robinson,Elevate Labs,Professional Services & Consulting,paul.robinson1660@elevatelabs.com,+1-427-430-1296,"San Francisco, CA",2023-05-18,Active
CUST-01661,Michelle Anderson,Vertex Health,Retail & E-Commerce,michelle.anderson1661@vertexhealth.com,+1-930-823-8547,"Sydney, Australia",2025-07-17,Active
CUST-01662,Rebecca Green,Elevate Innovations,Telecommunications,rebecca.green1662@elevateinnov.com,+1-772-212-6618,"Atlanta, GA",2026-01-08,Active
CUST-01663,Carol Lee,Catalyst Partners,Media & Entertainment,carol.lee1663@catalystpart.com,+1-674-710-4451,"Austin, TX",2023-08-01,Inactive
CUST-01664,Nancy Baker,Beacon Enterprises,Telecommunications,nancy.baker1664@beaconenterp.com,+1-877-785-2287,"New York, NY",2025-08-27,Active
CUST-01665,Gary Scott,Catalyst Solutions,Manufacturing & Industrial,gary.scott1665@catalystsolu.com,+1-743-578-5981,"Sydney, Australia",2024-02-18,Inactive
CUST-01666,Emily Carter,Aegis Analytics,Media & Entertainment,emily.carter1666@aegisanalyti.com,+1-360-839-3731,"New York, NY",2026-01-08,Inactive
CUST-01667,Amanda Torres,Pinnacle Global,SaaS & Cloud Software,amanda.torres1667@pinnacleglob.com,+1-770-702-4845,"Boston, MA",2024-09-12,At-Risk
CUST-01668,Edward Wright,Hyperion Global,Financial Services & FinTech,edward.wright1668@hyperionglob.com,+1-606-423-4462,"San Francisco, CA",2026-01-11,Inactive
CUST-01669,Joseph Torres,Prism Dynamics,Healthcare & Life Sciences,joseph.torres1669@prismdynamic.com,+1-611-763-7693,"Sydney, Australia",2025-10-23,Active
CUST-01670,Amanda Carter,Stratosphere Global,Retail & E-Commerce,amanda.carter1670@stratosphere.com,+1-989-571-2730,"Seattle, WA",2025-06-02,Churned
CUST-01671,Kenneth Allen,Horizon Capital,Telecommunications,kenneth.allen1671@horizoncapit.com,+1-614-706-8600,"Chicago, IL",2022-09-04,Inactive
CUST-01672,Andrew Evans,Acro Dynamics,Healthcare & Life Sciences,andrew.evans1672@acrodynamics.com,+1-496-203-9727,"Denver, CO",2024-01-28,Inactive
CUST-01673,Kevin Carter,Acro Logistics,Healthcare & Life Sciences,kevin.carter1673@acrologistic.com,+1-301-592-7850,"Berlin, Germany",2025-02-25,Inactive
CUST-01674,Rebecca Clark,Stratosphere Logistics,SaaS & Cloud Software,rebecca.clark1674@stratosphere.com,+1-430-341-9247,"London, UK",2025-09-15,Churned
CUST-01675,William Hill,Cognitive Digital,Telecommunications,william.hill1675@cognitivedig.com,+1-533-824-5095,"New York, NY",2025-01-11,Churned
CUST-01676,Nancy Torres,Velocity Analytics,Financial Services & FinTech,nancy.torres1676@velocityanal.com,+1-224-815-7378,"Seattle, WA",2022-11-05,Inactive
CUST-01677,Matthew Diaz,Synapse Analytics,Professional Services & Consulting,matthew.diaz1677@synapseanaly.com,+1-446-379-8736,"Sydney, Australia",2024-06-27,Active
CUST-01678,Margaret Lee,Hyperion Enterprises,Financial Services & FinTech,margaret.lee1678@hyperionente.com,+1-412-791-8555,"New York, NY",2022-09-21,Active
CUST-01679,Ryan Thomas,Aura Health,Media & Entertainment,ryan.thomas1679@aurahealth.com,+1-382-672-9195,"Chicago, IL",2024-04-05,Active
CUST-01680,Joseph Phillips,Elevate Partners,Professional Services & Consulting,joseph.phillips1680@elevatepartn.com,+1-451-673-2144,"Austin, TX",2025-06-26,Active
CUST-01681,James Mitchell,Nexus Logistics,Telecommunications,james.mitchell1681@nexuslogisti.com,+1-682-594-2152,"Toronto, Canada",2025-06-07,Inactive
CUST-01682,Rebecca Taylor,Zenith Capital,Financial Services & FinTech,rebecca.taylor1682@zenithcapita.com,+1-822-862-9751,"Sydney, Australia",2025-07-15,Inactive
CUST-01683,Patricia Lewis,Meridian Partners,SaaS & Cloud Software,patricia.lewis1683@meridianpart.com,+1-608-240-6953,"Boston, MA",2025-11-22,Active
CUST-01684,Stephanie Rivera,Solstice Logistics,Media & Entertainment,stephanie.rivera1684@solsticelogi.com,+1-328-306-3391,"Denver, CO",2024-02-08,Churned
CUST-01685,Dorothy Carter,Cognitive Labs,Financial Services & FinTech,dorothy.carter1685@cognitivelab.com,+1-374-575-7764,"Sydney, Australia",2022-10-06,Active
CUST-01686,Carol Martinez,Vanguard Labs,Media & Entertainment,carol.martinez1686@vanguardlabs.com,+1-471-299-6407,"Chicago, IL",2023-01-12,Inactive
CUST-01687,Elizabeth Robinson,Zenith Analytics,Manufacturing & Industrial,elizabeth.robinson1687@zenithanalyt.com,+1-551-502-8285,"Boston, MA",2024-06-15,Inactive
CUST-01688,Kevin Gomez,Acro Digital,Retail & E-Commerce,kevin.gomez1688@acrodigital.com,+1-482-808-1585,"London, UK",2023-02-02,At-Risk
CUST-01689,Sarah Martinez,Solstice Enterprises,SaaS & Cloud Software,sarah.martinez1689@solsticeente.com,+1-580-777-6942,"Chicago, IL",2026-02-02,Active
CUST-01690,Emily Martin,Zenith Dynamics,Retail & E-Commerce,emily.martin1690@zenithdynami.com,+1-931-650-5831,"Atlanta, GA",2024-01-27,Churned
CUST-01691,Karen Mitchell,Zenith Dynamics,Healthcare & Life Sciences,karen.mitchell1691@zenithdynami.com,+1-500-593-5215,"London, UK",2025-05-03,Active
CUST-01692,Sandra Johnson,Stratosphere Health,Retail & E-Commerce,sandra.johnson1692@stratosphere.com,+1-799-212-5250,"Austin, TX",2025-12-02,Active
CUST-01693,George Campbell,Solstice Digital,Telecommunications,george.campbell1693@solsticedigi.com,+1-834-374-6639,"Atlanta, GA",2023-07-31,Inactive
CUST-01694,Karen Nguyen,Solstice Innovations,Professional Services & Consulting,karen.nguyen1694@solsticeinno.com,+1-697-863-3770,"Denver, CO",2024-09-21,Active
CUST-01695,Kathleen Lopez,Meridian Global,SaaS & Cloud Software,kathleen.lopez1695@meridianglob.com,+1-267-550-4683,"Berlin, Germany",2023-10-22,At-Risk
CUST-01696,Donna Wilson,Vanguard Dynamics,Retail & E-Commerce,donna.wilson1696@vanguarddyna.com,+1-947-322-4226,"London, UK",2022-12-20,At-Risk
CUST-01697,Amanda Young,Acro Health,SaaS & Cloud Software,amanda.young1697@acrohealth.com,+1-737-433-4318,"Sydney, Australia",2024-04-08,Active
CUST-01698,George Nelson,Nexus Global,Financial Services & FinTech,george.nelson1698@nexusglobal.com,+1-720-268-5447,"Seattle, WA",2022-12-31,Active
CUST-01699,William Phillips,Nexus Analytics,Manufacturing & Industrial,william.phillips1699@nexusanalyti.com,+1-463-387-5015,"Chicago, IL",2022-08-29,Inactive
CUST-01700,Sandra Hall,Zenith Analytics,Healthcare & Life Sciences,sandra.hall1700@zenithanalyt.com,+1-824-472-5546,"New York, NY",2025-08-19,At-Risk
CUST-01701,Barbara Mitchell,Stratosphere Digital,Financial Services & FinTech,barbara.mitchell1701@stratosphere.com,+1-736-510-1997,"Austin, TX",2022-12-29,Inactive
CUST-01702,Anthony Anderson,Vanguard Health,Media & Entertainment,anthony.anderson1702@vanguardheal.com,+1-301-749-1836,"Atlanta, GA",2023-01-17,At-Risk
CUST-01703,Kenneth Gomez,Velocity Solutions,Manufacturing & Industrial,kenneth.gomez1703@velocitysolu.com,+1-320-652-2366,"Atlanta, GA",2024-05-22,At-Risk
CUST-01704,Jacob Gonzalez,Quantum Capital,Manufacturing & Industrial,jacob.gonzalez1704@quantumcapit.com,+1-699-507-1157,"London, UK",2026-03-22,Active
CUST-01705,Sharon Parker,Quantum Digital,Media & Entertainment,sharon.parker1705@quantumdigit.com,+1-400-803-8475,"Berlin, Germany",2025-11-12,Active
CUST-01706,James Taylor,Starlight Global,Retail & E-Commerce,james.taylor1706@starlightglo.com,+1-847-380-6384,"Atlanta, GA",2023-04-11,At-Risk
CUST-01707,Kathleen Allen,Prism Logistics,Retail & E-Commerce,kathleen.allen1707@prismlogisti.com,+1-745-454-6589,"Boston, MA",2025-06-24,Active
CUST-01708,Kimberly Baker,Horizon Capital,Retail & E-Commerce,kimberly.baker1708@horizoncapit.com,+1-651-314-3984,"Berlin, Germany",2023-06-22,Inactive
CUST-01709,Gary Smith,Aegis Capital,Media & Entertainment,gary.smith1709@aegiscapital.com,+1-368-383-2074,"Atlanta, GA",2026-06-03,Active
CUST-01710,Sharon Baker,Prism Solutions,Media & Entertainment,sharon.baker1710@prismsolutio.com,+1-854-751-3992,"Seattle, WA",2026-02-19,Active
CUST-01711,Matthew Roberts,Quantum Labs,Manufacturing & Industrial,matthew.roberts1711@quantumlabs.com,+1-515-713-6003,"Chicago, IL",2022-11-20,At-Risk
CUST-01712,Kenneth Roberts,Solstice Analytics,Financial Services & FinTech,kenneth.roberts1712@solsticeanal.com,+1-508-824-4445,"Berlin, Germany",2025-07-24,Active
CUST-01713,Karen Lee,Synapse Systems,Telecommunications,karen.lee1713@synapsesyste.com,+1-362-824-3574,"Austin, TX",2025-05-24,Churned
CUST-01714,Michelle King,Meridian Logistics,Telecommunications,michelle.king1714@meridianlogi.com,+1-476-434-5306,"Sydney, Australia",2025-09-24,At-Risk
CUST-01715,Jacob Diaz,Prism Innovations,Healthcare & Life Sciences,jacob.diaz1715@prisminnovat.com,+1-542-562-6166,"Boston, MA",2022-08-12,Inactive
CUST-01716,Laura Martin,Pinnacle Health,Telecommunications,laura.martin1716@pinnacleheal.com,+1-206-613-1906,"Denver, CO",2024-12-02,Inactive
CUST-01717,Timothy Thompson,Velocity Labs,Healthcare & Life Sciences,timothy.thompson1717@velocitylabs.com,+1-986-480-1319,"Atlanta, GA",2025-01-11,At-Risk
CUST-01718,Margaret Wilson,Aura Digital,Retail & E-Commerce,margaret.wilson1718@auradigital.com,+1-583-224-6273,"Boston, MA",2025-12-03,At-Risk
CUST-01719,Jason Gomez,Beacon Innovations,Manufacturing & Industrial,jason.gomez1719@beaconinnova.com,+1-833-715-8210,"Chicago, IL",2026-02-23,Inactive
CUST-01720,Kimberly Miller,Vertex Systems,Healthcare & Life Sciences,kimberly.miller1720@vertexsystem.com,+1-941-691-8698,"Seattle, WA",2024-02-19,Active
CUST-01721,Jennifer Roberts,Aura Global,Media & Entertainment,jennifer.roberts1721@auraglobal.com,+1-487-821-7144,"Chicago, IL",2023-06-16,Active
CUST-01722,Linda Miller,Nexus Logistics,Professional Services & Consulting,linda.miller1722@nexuslogisti.com,+1-751-578-8178,"Boston, MA",2024-10-21,Inactive
CUST-01723,Andrew Davis,Meridian Dynamics,Financial Services & FinTech,andrew.davis1723@meridiandyna.com,+1-951-623-3486,"Seattle, WA",2026-03-04,Active
CUST-01724,Karen Nguyen,Prism Health,Manufacturing & Industrial,karen.nguyen1724@prismhealth.com,+1-291-648-5017,"Toronto, Canada",2025-07-20,Active
CUST-01725,Michelle Torres,Horizon Labs,Retail & E-Commerce,michelle.torres1725@horizonlabs.com,+1-744-498-1358,"Toronto, Canada",2025-08-21,Active
CUST-01726,Sarah Roberts,Starlight Solutions,Professional Services & Consulting,sarah.roberts1726@starlightsol.com,+1-657-419-4016,"Seattle, WA",2022-08-02,Active
CUST-01727,Michelle Robinson,Vanguard Analytics,Professional Services & Consulting,michelle.robinson1727@vanguardanal.com,+1-404-893-5243,"Seattle, WA",2025-09-07,At-Risk
CUST-01728,Steven Hill,CoreTech Technologies,Healthcare & Life Sciences,steven.hill1728@coretechtech.com,+1-858-620-8001,"San Francisco, CA",2025-03-19,Inactive
CUST-01729,Ronald Phillips,Meridian Labs,SaaS & Cloud Software,ronald.phillips1729@meridianlabs.com,+1-262-724-7119,"Toronto, Canada",2024-04-12,Churned
CUST-01730,Robert Torres,Pinnacle Technologies,Professional Services & Consulting,robert.torres1730@pinnacletech.com,+1-704-489-6468,"Toronto, Canada",2026-05-08,Active
CUST-01731,David Mitchell,Vertex Health,Financial Services & FinTech,david.mitchell1731@vertexhealth.com,+1-316-744-3592,"Toronto, Canada",2023-08-29,Inactive
CUST-01732,Barbara Torres,Acro Health,Manufacturing & Industrial,barbara.torres1732@acrohealth.com,+1-986-641-5536,"San Francisco, CA",2025-08-11,Active
CUST-01733,Cynthia Lewis,CoreTech Dynamics,Professional Services & Consulting,cynthia.lewis1733@coretechdyna.com,+1-387-863-6567,"San Francisco, CA",2025-11-04,Active
CUST-01734,Ryan King,Starlight Digital,Telecommunications,ryan.king1734@starlightdig.com,+1-612-788-5813,"New York, NY",2024-02-17,Active
CUST-01735,James Flores,Beacon Technologies,SaaS & Cloud Software,james.flores1735@beacontechno.com,+1-531-637-3465,"Chicago, IL",2022-04-04,Active
CUST-01736,Dorothy Diaz,Vanguard Health,Professional Services & Consulting,dorothy.diaz1736@vanguardheal.com,+1-669-869-4282,"Toronto, Canada",2026-03-10,At-Risk
CUST-01737,Amanda Rivera,Cognitive Dynamics,Manufacturing & Industrial,amanda.rivera1737@cognitivedyn.com,+1-412-515-3975,"Austin, TX",2025-07-26,Active
CUST-01738,Richard Johnson,Horizon Health,SaaS & Cloud Software,richard.johnson1738@horizonhealt.com,+1-754-556-2134,"Austin, TX",2023-05-16,At-Risk
CUST-01739,Michelle Parker,Aegis Systems,Manufacturing & Industrial,michelle.parker1739@aegissystems.com,+1-511-367-7951,"Chicago, IL",2022-11-19,At-Risk
CUST-01740,Paul Anderson,Stratosphere Labs,Professional Services & Consulting,paul.anderson1740@stratosphere.com,+1-341-650-3017,"New York, NY",2024-03-23,At-Risk
CUST-01741,Edward Johnson,Acro Partners,Manufacturing & Industrial,edward.johnson1741@acropartners.com,+1-251-657-8185,"Denver, CO",2023-11-05,Churned
CUST-01742,Stephanie Gonzalez,Stratosphere Labs,Telecommunications,stephanie.gonzalez1742@stratosphere.com,+1-328-295-3868,"London, UK",2023-12-05,Churned
CUST-01743,Jessica Hernandez,Starlight Systems,Financial Services & FinTech,jessica.hernandez1743@starlightsys.com,+1-959-819-6871,"Atlanta, GA",2025-09-04,Churned
CUST-01744,Kenneth Clark,Stratosphere Systems,Financial Services & FinTech,kenneth.clark1744@stratosphere.com,+1-569-689-5182,"Toronto, Canada",2022-10-13,Inactive
CUST-01745,Joseph Robinson,Apex Technologies,Telecommunications,joseph.robinson1745@apextechnolo.com,+1-610-302-6811,"Denver, CO",2024-04-21,Active
CUST-01746,George Martin,Vertex Global,Retail & E-Commerce,george.martin1746@vertexglobal.com,+1-919-286-7384,"Chicago, IL",2023-09-27,At-Risk
CUST-01747,Jacob Johnson,Omni Digital,Professional Services & Consulting,jacob.johnson1747@omnidigital.com,+1-345-454-3905,"New York, NY",2021-11-07,Active
CUST-01748,Mary Rodriguez,Solstice Dynamics,Healthcare & Life Sciences,mary.rodriguez1748@solsticedyna.com,+1-682-239-2002,"Sydney, Australia",2023-05-24,Inactive
CUST-01749,Anthony Parker,CoreTech Logistics,Retail & E-Commerce,anthony.parker1749@coretechlogi.com,+1-833-624-3580,"Seattle, WA",2024-02-10,Churned
CUST-01750,Rebecca Lopez,Synapse Capital,Healthcare & Life Sciences,rebecca.lopez1750@synapsecapit.com,+1-885-385-6981,"Sydney, Australia",2024-07-12,Active
CUST-01751,Joseph Gomez,Synapse Technologies,Media & Entertainment,joseph.gomez1751@synapsetechn.com,+1-514-613-7114,"Chicago, IL",2025-12-24,At-Risk
CUST-01752,Dorothy Flores,Aegis Technologies,SaaS & Cloud Software,dorothy.flores1752@aegistechnol.com,+1-230-681-1560,"Seattle, WA",2024-10-21,At-Risk
CUST-01753,Charles Clark,Nexus Capital,Telecommunications,charles.clark1753@nexuscapital.com,+1-940-737-3781,"London, UK",2025-07-22,Active
CUST-01754,Christopher Miller,Apex Innovations,Manufacturing & Industrial,christopher.miller1754@apexinnovati.com,+1-630-267-2841,"San Francisco, CA",2025-05-18,At-Risk
CUST-01755,Jacob Robinson,Pinnacle Partners,Media & Entertainment,jacob.robinson1755@pinnaclepart.com,+1-818-852-1011,"Austin, TX",2025-10-03,Inactive
CUST-01756,Donna Walker,Meridian Enterprises,Healthcare & Life Sciences,donna.walker1756@meridianente.com,+1-873-752-6989,"Seattle, WA",2024-11-03,Churned
CUST-01757,Richard Walker,Meridian Digital,Manufacturing & Industrial,richard.walker1757@meridiandigi.com,+1-425-727-3126,"Austin, TX",2023-01-17,Inactive
CUST-01758,Charles Anderson,Aura Solutions,Financial Services & FinTech,charles.anderson1758@aurasolution.com,+1-614-489-2724,"Sydney, Australia",2023-08-24,Inactive
CUST-01759,Ashley Anderson,Omni Dynamics,Retail & E-Commerce,ashley.anderson1759@omnidynamics.com,+1-928-673-9518,"Seattle, WA",2022-03-14,Inactive
CUST-01760,Paul Carter,Hyperion Innovations,Telecommunications,paul.carter1760@hyperioninno.com,+1-878-348-1560,"Seattle, WA",2026-01-01,At-Risk
CUST-01761,Deborah Green,Nexus Labs,Manufacturing & Industrial,deborah.green1761@nexuslabs.com,+1-215-346-1558,"Austin, TX",2024-01-26,Active
CUST-01762,Donald Hernandez,Beacon Innovations,SaaS & Cloud Software,donald.hernandez1762@beaconinnova.com,+1-693-695-6634,"London, UK",2025-06-06,Churned
CUST-01763,Matthew Green,Cognitive Global,Media & Entertainment,matthew.green1763@cognitiveglo.com,+1-665-836-5305,"Chicago, IL",2022-11-02,Inactive
CUST-01764,Jeffrey Davis,CoreTech Enterprises,Professional Services & Consulting,jeffrey.davis1764@coretechente.com,+1-391-461-6586,"Seattle, WA",2023-06-25,Active
CUST-01765,Gary Roberts,Horizon Analytics,Financial Services & FinTech,gary.roberts1765@horizonanaly.com,+1-551-731-5306,"Berlin, Germany",2025-07-07,Active
CUST-01766,David Gomez,Catalyst Global,SaaS & Cloud Software,david.gomez1766@catalystglob.com,+1-330-296-4721,"Toronto, Canada",2023-01-16,Inactive
CUST-01767,Ryan Turner,Quantum Solutions,Retail & E-Commerce,ryan.turner1767@quantumsolut.com,+1-556-514-8414,"Austin, TX",2024-03-31,Churned
CUST-01768,Sharon Scott,Vertex Partners,Healthcare & Life Sciences,sharon.scott1768@vertexpartne.com,+1-724-399-3321,"Denver, CO",2025-05-24,Inactive
CUST-01769,Mark Roberts,Apex Systems,Professional Services & Consulting,mark.roberts1769@apexsystems.com,+1-816-355-9692,"Toronto, Canada",2025-06-13,Active
CUST-01770,Michael Phillips,Horizon Innovations,Manufacturing & Industrial,michael.phillips1770@horizoninnov.com,+1-744-370-7135,"Sydney, Australia",2022-11-15,Inactive
CUST-01771,Christopher Miller,Aura Dynamics,Manufacturing & Industrial,christopher.miller1771@auradynamics.com,+1-356-753-7947,"Sydney, Australia",2023-09-03,Active
CUST-01772,Margaret Moore,Nexus Global,Retail & E-Commerce,margaret.moore1772@nexusglobal.com,+1-735-631-8807,"Denver, CO",2025-03-02,Churned
CUST-01773,Cynthia Lee,Hyperion Digital,Retail & E-Commerce,cynthia.lee1773@hyperiondigi.com,+1-277-457-6105,"New York, NY",2023-09-17,Inactive
CUST-01774,Anthony Campbell,Elevate Health,Financial Services & FinTech,anthony.campbell1774@elevatehealt.com,+1-974-620-3298,"New York, NY",2024-04-25,Inactive
CUST-01775,Charles Walker,Synapse Labs,Manufacturing & Industrial,charles.walker1775@synapselabs.com,+1-364-861-7865,"Denver, CO",2024-12-08,Churned
CUST-01776,Ronald Nguyen,Stratosphere Systems,Professional Services & Consulting,ronald.nguyen1776@stratosphere.com,+1-432-482-3300,"San Francisco, CA",2024-06-22,At-Risk
CUST-01777,Stephanie Davis,CoreTech Digital,Healthcare & Life Sciences,stephanie.davis1777@coretechdigi.com,+1-655-345-5513,"Chicago, IL",2026-04-06,Active
CUST-01778,Michelle Smith,Velocity Solutions,Retail & E-Commerce,michelle.smith1778@velocitysolu.com,+1-306-843-8718,"Toronto, Canada",2023-03-22,Active
CUST-01779,Sandra Nelson,Acro Enterprises,Financial Services & FinTech,sandra.nelson1779@acroenterpri.com,+1-961-824-8444,"Toronto, Canada",2023-02-07,Inactive
CUST-01780,Karen Jones,Starlight Digital,Professional Services & Consulting,karen.jones1780@starlightdig.com,+1-242-590-5185,"Boston, MA",2023-08-30,Churned
CUST-01781,Joseph Green,Acro Global,Healthcare & Life Sciences,joseph.green1781@acroglobal.com,+1-909-698-5769,"Sydney, Australia",2023-08-20,Active
CUST-01782,Mark King,Quantum Solutions,Professional Services & Consulting,mark.king1782@quantumsolut.com,+1-881-706-8085,"Chicago, IL",2024-07-27,Inactive
CUST-01783,Rebecca Brown,Velocity Solutions,Retail & E-Commerce,rebecca.brown1783@velocitysolu.com,+1-951-482-5123,"Sydney, Australia",2024-12-01,At-Risk
CUST-01784,Kevin Clark,Aura Partners,Retail & E-Commerce,kevin.clark1784@aurapartners.com,+1-286-213-2656,"Seattle, WA",2026-05-09,Active
CUST-01785,Gary Thomas,Cognitive Analytics,Manufacturing & Industrial,gary.thomas1785@cognitiveana.com,+1-645-881-5354,"London, UK",2025-07-10,At-Risk
CUST-01786,Susan Roberts,Zenith Analytics,Telecommunications,susan.roberts1786@zenithanalyt.com,+1-732-883-7268,"London, UK",2022-09-15,Inactive
CUST-01787,Jennifer Hill,Quantum Health,Financial Services & FinTech,jennifer.hill1787@quantumhealt.com,+1-298-320-4909,"London, UK",2025-07-30,Inactive
CUST-01788,George Nguyen,Aura Digital,Telecommunications,george.nguyen1788@auradigital.com,+1-936-240-6690,"Denver, CO",2025-09-21,At-Risk
CUST-01789,Jeffrey Diaz,Acro Health,SaaS & Cloud Software,jeffrey.diaz1789@acrohealth.com,+1-844-642-1420,"Denver, CO",2022-05-01,Active
CUST-01790,Betty Torres,Synapse Technologies,Professional Services & Consulting,betty.torres1790@synapsetechn.com,+1-500-622-1464,"San Francisco, CA",2025-06-24,Active
CUST-01791,Ryan Diaz,Omni Innovations,Professional Services & Consulting,ryan.diaz1791@omniinnovati.com,+1-455-483-8307,"Seattle, WA",2022-07-02,Inactive
CUST-01792,Michael Lee,Acro Digital,Retail & E-Commerce,michael.lee1792@acrodigital.com,+1-415-771-9966,"Austin, TX",2025-07-18,Churned
CUST-01793,Michelle Mitchell,Beacon Labs,Professional Services & Consulting,michelle.mitchell1793@beaconlabs.com,+1-712-291-6468,"Austin, TX",2025-10-27,Active
CUST-01794,Amanda Flores,Horizon Digital,Manufacturing & Industrial,amanda.flores1794@horizondigit.com,+1-514-303-2481,"Seattle, WA",2025-11-15,Active
CUST-01795,Stephanie Lee,Elevate Analytics,Healthcare & Life Sciences,stephanie.lee1795@elevateanaly.com,+1-408-471-8953,"Denver, CO",2021-10-02,Active
CUST-01796,Brian Perez,Acro Innovations,Healthcare & Life Sciences,brian.perez1796@acroinnovati.com,+1-531-216-2826,"Austin, TX",2022-12-25,Active
CUST-01797,Matthew Nguyen,Prism Capital,Retail & E-Commerce,matthew.nguyen1797@prismcapital.com,+1-752-382-7520,"Toronto, Canada",2024-08-03,Churned
CUST-01798,Elizabeth Gonzalez,Vertex Solutions,Telecommunications,elizabeth.gonzalez1798@vertexsoluti.com,+1-350-548-9729,"Boston, MA",2025-10-31,Active
CUST-01799,Amanda Sanchez,Hyperion Global,Financial Services & FinTech,amanda.sanchez1799@hyperionglob.com,+1-501-828-2346,"Sydney, Australia",2024-05-05,At-Risk
CUST-01800,Michelle Anderson,Acro Partners,SaaS & Cloud Software,michelle.anderson1800@acropartners.com,+1-762-358-5485,"Chicago, IL",2023-12-26,At-Risk
CUST-01801,Patricia Young,Vanguard Partners,Manufacturing & Industrial,patricia.young1801@vanguardpart.com,+1-432-650-4538,"Chicago, IL",2024-03-31,Inactive
CUST-01802,Charles Smith,Prism Systems,SaaS & Cloud Software,charles.smith1802@prismsystems.com,+1-695-649-7791,"London, UK",2023-11-12,Churned
CUST-01803,Matthew Clark,Synapse Partners,Telecommunications,matthew.clark1803@synapsepartn.com,+1-790-596-5284,"Berlin, Germany",2025-07-12,At-Risk
CUST-01804,George Phillips,Omni Global,Professional Services & Consulting,george.phillips1804@omniglobal.com,+1-441-527-9853,"Seattle, WA",2024-05-04,At-Risk
CUST-01805,Amanda Jones,Zenith Dynamics,Professional Services & Consulting,amanda.jones1805@zenithdynami.com,+1-453-751-3109,"Sydney, Australia",2023-08-02,Inactive
CUST-01806,Richard Gomez,Solstice Digital,Media & Entertainment,richard.gomez1806@solsticedigi.com,+1-522-307-4732,"Toronto, Canada",2025-02-14,Churned
CUST-01807,Brian Rivera,Zenith Logistics,Manufacturing & Industrial,brian.rivera1807@zenithlogist.com,+1-476-788-1871,"Atlanta, GA",2025-07-21,Active
CUST-01808,Ryan Flores,Acro Analytics,Telecommunications,ryan.flores1808@acroanalytic.com,+1-376-222-8347,"San Francisco, CA",2022-06-10,Inactive
CUST-01809,Linda Thompson,Meridian Partners,Healthcare & Life Sciences,linda.thompson1809@meridianpart.com,+1-899-562-2071,"San Francisco, CA",2025-08-25,Active
CUST-01810,Kimberly Torres,Omni Digital,SaaS & Cloud Software,kimberly.torres1810@omnidigital.com,+1-813-702-8058,"Sydney, Australia",2022-12-02,Active
CUST-01811,Sarah Sanchez,Stratosphere Logistics,Media & Entertainment,sarah.sanchez1811@stratosphere.com,+1-752-890-5991,"Boston, MA",2025-10-03,At-Risk
CUST-01812,Kevin Anderson,Cognitive Labs,Telecommunications,kevin.anderson1812@cognitivelab.com,+1-985-752-6152,"Austin, TX",2024-08-08,Churned
CUST-01813,James Flores,Nexus Digital,Professional Services & Consulting,james.flores1813@nexusdigital.com,+1-323-272-2042,"London, UK",2026-01-31,Active
CUST-01814,Timothy Campbell,Synapse Digital,Manufacturing & Industrial,timothy.campbell1814@synapsedigit.com,+1-816-383-3969,"Chicago, IL",2022-07-14,Inactive
CUST-01815,Patricia Adams,Meridian Digital,Financial Services & FinTech,patricia.adams1815@meridiandigi.com,+1-292-296-7611,"Seattle, WA",2024-05-12,At-Risk
CUST-01816,Deborah Phillips,Pinnacle Global,Media & Entertainment,deborah.phillips1816@pinnacleglob.com,+1-552-387-2570,"Austin, TX",2026-04-05,At-Risk
CUST-01817,Donna Thompson,Synapse Digital,Telecommunications,donna.thompson1817@synapsedigit.com,+1-712-292-4023,"Boston, MA",2023-12-31,Inactive
CUST-01818,Dorothy Sanchez,Stratosphere Systems,Professional Services & Consulting,dorothy.sanchez1818@stratosphere.com,+1-849-283-6565,"Berlin, Germany",2024-11-29,Churned
CUST-01819,Laura Carter,Quantum Capital,Retail & E-Commerce,laura.carter1819@quantumcapit.com,+1-821-262-1969,"New York, NY",2026-07-02,Active
CUST-01820,Melissa Miller,Synapse Technologies,SaaS & Cloud Software,melissa.miller1820@synapsetechn.com,+1-535-593-6017,"New York, NY",2024-02-23,At-Risk
CUST-01821,Patricia Phillips,Cognitive Health,Professional Services & Consulting,patricia.phillips1821@cognitivehea.com,+1-377-393-9162,"San Francisco, CA",2022-08-24,At-Risk
CUST-01822,Lisa Wright,Stratosphere Innovations,Financial Services & FinTech,lisa.wright1822@stratosphere.com,+1-359-814-7130,"Berlin, Germany",2022-08-05,Active
CUST-01823,Daniel Lewis,Zenith Partners,Healthcare & Life Sciences,daniel.lewis1823@zenithpartne.com,+1-353-655-1497,"Toronto, Canada",2025-11-24,Active
CUST-01824,John Wright,Quantum Labs,Retail & E-Commerce,john.wright1824@quantumlabs.com,+1-311-557-3955,"Boston, MA",2025-11-15,Churned
CUST-01825,Nancy Miller,Meridian Systems,Healthcare & Life Sciences,nancy.miller1825@meridiansyst.com,+1-546-665-9978,"London, UK",2025-12-09,Active
CUST-01826,Deborah Gomez,Acro Solutions,Financial Services & FinTech,deborah.gomez1826@acrosolution.com,+1-453-574-3316,"Seattle, WA",2025-09-25,Active
CUST-01827,Donald Evans,Meridian Systems,Telecommunications,donald.evans1827@meridiansyst.com,+1-567-260-8871,"New York, NY",2022-11-13,At-Risk
CUST-01828,Richard Diaz,Solstice Solutions,Professional Services & Consulting,richard.diaz1828@solsticesolu.com,+1-777-788-9715,"Toronto, Canada",2025-01-04,Inactive
CUST-01829,Ronald Carter,Horizon Logistics,Manufacturing & Industrial,ronald.carter1829@horizonlogis.com,+1-529-338-8338,"Boston, MA",2024-01-07,Churned
CUST-01830,Margaret Jackson,Velocity Global,Telecommunications,margaret.jackson1830@velocityglob.com,+1-587-284-9035,"Denver, CO",2025-05-05,At-Risk
CUST-01831,Patricia Young,Quantum Innovations,Media & Entertainment,patricia.young1831@quantuminnov.com,+1-599-513-9152,"London, UK",2022-09-12,Inactive
CUST-01832,Andrew Roberts,Aura Digital,SaaS & Cloud Software,andrew.roberts1832@auradigital.com,+1-243-392-2461,"Toronto, Canada",2026-03-15,Active
CUST-01833,Donna Nguyen,CoreTech Health,Healthcare & Life Sciences,donna.nguyen1833@coretechheal.com,+1-522-249-9753,"Berlin, Germany",2025-11-28,Active
CUST-01834,Patricia Brown,Prism Global,Manufacturing & Industrial,patricia.brown1834@prismglobal.com,+1-751-253-8107,"Seattle, WA",2025-06-19,Churned
CUST-01835,Daniel Allen,Catalyst Logistics,SaaS & Cloud Software,daniel.allen1835@catalystlogi.com,+1-302-668-4042,"Chicago, IL",2025-05-25,Churned
CUST-01836,Mark Rivera,Aegis Solutions,Manufacturing & Industrial,mark.rivera1836@aegissolutio.com,+1-412-784-1255,"Atlanta, GA",2026-04-25,Active
CUST-01837,Jennifer Harris,Stratosphere Digital,Financial Services & FinTech,jennifer.harris1837@stratosphere.com,+1-205-446-6419,"Boston, MA",2024-10-17,Active
CUST-01838,Daniel Harris,Vanguard Innovations,Telecommunications,daniel.harris1838@vanguardinno.com,+1-360-345-5033,"New York, NY",2024-09-12,At-Risk
CUST-01839,Dorothy Ramirez,Aura Health,Retail & E-Commerce,dorothy.ramirez1839@aurahealth.com,+1-870-479-7704,"Chicago, IL",2024-11-13,Inactive
CUST-01840,Mary Clark,Pinnacle Global,Retail & E-Commerce,mary.clark1840@pinnacleglob.com,+1-700-459-1170,"Chicago, IL",2024-03-21,At-Risk
CUST-01841,Ronald Williams,Zenith Labs,Media & Entertainment,ronald.williams1841@zenithlabs.com,+1-879-428-2155,"Austin, TX",2024-01-04,Active
CUST-01842,Joseph Davis,Synapse Labs,Media & Entertainment,joseph.davis1842@synapselabs.com,+1-388-749-6363,"San Francisco, CA",2024-09-02,At-Risk
CUST-01843,Nancy Mitchell,Omni Logistics,Telecommunications,nancy.mitchell1843@omnilogistic.com,+1-750-493-5664,"Boston, MA",2025-07-14,At-Risk
CUST-01844,Dorothy Miller,Starlight Solutions,Telecommunications,dorothy.miller1844@starlightsol.com,+1-289-768-9158,"Chicago, IL",2025-09-19,At-Risk
CUST-01845,Margaret Rodriguez,Solstice Technologies,Media & Entertainment,margaret.rodriguez1845@solsticetech.com,+1-312-314-4746,"Atlanta, GA",2025-10-21,Inactive
CUST-01846,John Turner,Beacon Dynamics,Financial Services & FinTech,john.turner1846@beacondynami.com,+1-270-447-8142,"Sydney, Australia",2023-11-09,Inactive
CUST-01847,Melissa Lewis,CoreTech Dynamics,Media & Entertainment,melissa.lewis1847@coretechdyna.com,+1-988-242-9251,"London, UK",2024-06-26,At-Risk
CUST-01848,Matthew Roberts,Stratosphere Digital,Professional Services & Consulting,matthew.roberts1848@stratosphere.com,+1-783-214-3502,"New York, NY",2023-07-11,Active
CUST-01849,Carol Parker,Omni Dynamics,Professional Services & Consulting,carol.parker1849@omnidynamics.com,+1-406-859-1924,"Atlanta, GA",2023-11-21,Inactive
CUST-01850,Ronald Harris,Hyperion Enterprises,Financial Services & FinTech,ronald.harris1850@hyperionente.com,+1-389-842-4184,"Chicago, IL",2025-10-20,At-Risk
CUST-01851,Kevin Nelson,CoreTech Analytics,SaaS & Cloud Software,kevin.nelson1851@coretechanal.com,+1-272-451-9659,"Atlanta, GA",2024-11-04,At-Risk
CUST-01852,Andrew Scott,Synapse Dynamics,Professional Services & Consulting,andrew.scott1852@synapsedynam.com,+1-315-266-7716,"New York, NY",2026-01-07,Churned
CUST-01853,Robert Flores,CoreTech Dynamics,Professional Services & Consulting,robert.flores1853@coretechdyna.com,+1-240-346-2700,"Seattle, WA",2025-02-28,Inactive
CUST-01854,Sandra Smith,Beacon Technologies,SaaS & Cloud Software,sandra.smith1854@beacontechno.com,+1-988-780-2960,"Denver, CO",2024-12-24,Churned
CUST-01855,Mark Carter,Velocity Technologies,Financial Services & FinTech,mark.carter1855@velocitytech.com,+1-865-687-7325,"New York, NY",2023-03-10,Inactive
CUST-01856,Andrew Baker,Elevate Global,Media & Entertainment,andrew.baker1856@elevategloba.com,+1-444-899-9037,"Sydney, Australia",2023-06-28,Inactive
CUST-01857,Steven Thompson,Velocity Analytics,Media & Entertainment,steven.thompson1857@velocityanal.com,+1-666-749-6900,"Austin, TX",2024-12-10,Churned
CUST-01858,Mark Martinez,Prism Logistics,Healthcare & Life Sciences,mark.martinez1858@prismlogisti.com,+1-464-364-7030,"Denver, CO",2025-09-09,At-Risk
CUST-01859,Robert Ramirez,Prism Dynamics,SaaS & Cloud Software,robert.ramirez1859@prismdynamic.com,+1-621-754-4718,"Atlanta, GA",2023-08-27,Churned
CUST-01860,Stephanie Rodriguez,Velocity Innovations,Manufacturing & Industrial,stephanie.rodriguez1860@velocityinno.com,+1-632-627-8546,"Denver, CO",2023-12-14,Churned
CUST-01861,Laura Lewis,Beacon Analytics,Professional Services & Consulting,laura.lewis1861@beaconanalyt.com,+1-534-881-7535,"Seattle, WA",2024-10-12,Churned
CUST-01862,Sarah Campbell,Solstice Systems,Manufacturing & Industrial,sarah.campbell1862@solsticesyst.com,+1-930-395-4188,"Chicago, IL",2026-05-16,Active
CUST-01863,George Robinson,Horizon Partners,Telecommunications,george.robinson1863@horizonpartn.com,+1-860-514-4498,"Seattle, WA",2024-12-25,Active
CUST-01864,Ronald Martinez,Meridian Solutions,Media & Entertainment,ronald.martinez1864@meridiansolu.com,+1-839-622-1833,"Boston, MA",2026-07-02,Active
CUST-01865,Margaret Wilson,Aegis Capital,Healthcare & Life Sciences,margaret.wilson1865@aegiscapital.com,+1-594-729-8074,"Berlin, Germany",2023-03-23,Inactive
CUST-01866,Lisa Lewis,Apex Digital,Manufacturing & Industrial,lisa.lewis1866@apexdigital.com,+1-782-883-3823,"Denver, CO",2025-04-10,Inactive
CUST-01867,Paul Mitchell,Aura Health,Healthcare & Life Sciences,paul.mitchell1867@aurahealth.com,+1-612-788-4240,"Berlin, Germany",2023-07-16,Active
CUST-01868,Karen Clark,Aegis Analytics,Manufacturing & Industrial,karen.clark1868@aegisanalyti.com,+1-334-698-6180,"Sydney, Australia",2021-10-30,At-Risk
CUST-01869,John Baker,Quantum Labs,Financial Services & FinTech,john.baker1869@quantumlabs.com,+1-222-208-1864,"San Francisco, CA",2023-05-05,At-Risk
CUST-01870,Kevin Diaz,Vertex Innovations,Professional Services & Consulting,kevin.diaz1870@vertexinnova.com,+1-962-354-4489,"Chicago, IL",2024-12-07,Churned
CUST-01871,Donna Turner,Vertex Innovations,Professional Services & Consulting,donna.turner1871@vertexinnova.com,+1-658-686-6547,"London, UK",2025-12-19,Churned
CUST-01872,Daniel Jackson,Prism Solutions,Healthcare & Life Sciences,daniel.jackson1872@prismsolutio.com,+1-368-625-2940,"Austin, TX",2023-10-01,Active
CUST-01873,Timothy Hernandez,Horizon Capital,Media & Entertainment,timothy.hernandez1873@horizoncapit.com,+1-488-455-2857,"Sydney, Australia",2026-05-19,Active
CUST-01874,Charles Lewis,Quantum Labs,SaaS & Cloud Software,charles.lewis1874@quantumlabs.com,+1-591-684-7215,"Austin, TX",2025-08-28,Churned
CUST-01875,Kathleen Hernandez,Starlight Technologies,Professional Services & Consulting,kathleen.hernandez1875@starlighttec.com,+1-799-785-3979,"Atlanta, GA",2023-10-20,Churned
CUST-01876,Laura Johnson,Meridian Logistics,Professional Services & Consulting,laura.johnson1876@meridianlogi.com,+1-288-578-2128,"Seattle, WA",2026-02-06,Active
CUST-01877,Daniel Rodriguez,Elevate Enterprises,Telecommunications,daniel.rodriguez1877@elevateenter.com,+1-314-884-4229,"Austin, TX",2025-11-16,Active
CUST-01878,Michelle Jackson,Zenith Labs,Financial Services & FinTech,michelle.jackson1878@zenithlabs.com,+1-818-706-1261,"Seattle, WA",2025-09-27,Active
CUST-01879,Rebecca Hernandez,Catalyst Partners,Retail & E-Commerce,rebecca.hernandez1879@catalystpart.com,+1-726-486-9526,"Chicago, IL",2024-09-05,At-Risk
CUST-01880,Patricia Young,Aegis Dynamics,SaaS & Cloud Software,patricia.young1880@aegisdynamic.com,+1-445-513-5310,"Berlin, Germany",2026-04-15,Active
CUST-01881,Laura Ramirez,Aegis Technologies,Retail & E-Commerce,laura.ramirez1881@aegistechnol.com,+1-978-872-8505,"Sydney, Australia",2026-04-01,Active
CUST-01882,William Perez,Horizon Technologies,Healthcare & Life Sciences,william.perez1882@horizontechn.com,+1-211-787-1314,"London, UK",2024-05-27,Inactive
CUST-01883,Joshua Harris,Stratosphere Analytics,Telecommunications,joshua.harris1883@stratosphere.com,+1-237-888-5428,"Denver, CO",2026-04-07,Active
CUST-01884,Edward Perez,Catalyst Labs,Telecommunications,edward.perez1884@catalystlabs.com,+1-925-550-3168,"Denver, CO",2024-03-03,Churned
CUST-01885,Brian Campbell,Omni Capital,Manufacturing & Industrial,brian.campbell1885@omnicapital.com,+1-489-473-2364,"Atlanta, GA",2021-12-31,Active
CUST-01886,Laura Nelson,Vertex Labs,Professional Services & Consulting,laura.nelson1886@vertexlabs.com,+1-317-223-3105,"Toronto, Canada",2024-10-11,Inactive
CUST-01887,Susan Thomas,Vertex Dynamics,Professional Services & Consulting,susan.thomas1887@vertexdynami.com,+1-358-785-4882,"San Francisco, CA",2024-05-16,Active
CUST-01888,Barbara Parker,Vertex Technologies,SaaS & Cloud Software,barbara.parker1888@vertextechno.com,+1-550-832-2153,"Sydney, Australia",2025-11-02,At-Risk
CUST-01889,Karen Nguyen,Velocity Partners,Media & Entertainment,karen.nguyen1889@velocitypart.com,+1-539-880-2733,"Berlin, Germany",2024-03-18,Churned
CUST-01890,Jessica Brown,Zenith Dynamics,Manufacturing & Industrial,jessica.brown1890@zenithdynami.com,+1-284-390-2502,"Sydney, Australia",2026-05-23,At-Risk
CUST-01891,Barbara Smith,Pinnacle Labs,Manufacturing & Industrial,barbara.smith1891@pinnaclelabs.com,+1-252-281-7338,"Chicago, IL",2025-10-05,Active
CUST-01892,Michelle Green,Solstice Systems,Media & Entertainment,michelle.green1892@solsticesyst.com,+1-926-707-4048,"Chicago, IL",2023-03-08,Inactive
CUST-01893,Jacob Jackson,CoreTech Logistics,SaaS & Cloud Software,jacob.jackson1893@coretechlogi.com,+1-390-719-1103,"Atlanta, GA",2025-06-22,Churned
CUST-01894,William Lopez,Stratosphere Enterprises,Healthcare & Life Sciences,william.lopez1894@stratosphere.com,+1-790-393-3031,"Toronto, Canada",2024-11-23,At-Risk
CUST-01895,Elizabeth Gonzalez,Synapse Partners,Professional Services & Consulting,elizabeth.gonzalez1895@synapsepartn.com,+1-367-604-5861,"Chicago, IL",2026-04-15,Active
CUST-01896,Timothy Allen,Velocity Enterprises,Manufacturing & Industrial,timothy.allen1896@velocityente.com,+1-457-553-4944,"Denver, CO",2024-05-08,Churned
CUST-01897,James Adams,Aura Enterprises,Retail & E-Commerce,james.adams1897@auraenterpri.com,+1-267-263-2028,"Austin, TX",2025-08-30,At-Risk
CUST-01898,Amy Thompson,CoreTech Technologies,Telecommunications,amy.thompson1898@coretechtech.com,+1-891-656-1196,"San Francisco, CA",2024-07-21,Active
CUST-01899,Barbara Lee,Cognitive Labs,Professional Services & Consulting,barbara.lee1899@cognitivelab.com,+1-898-820-2079,"Sydney, Australia",2026-02-12,Active
CUST-01900,Dorothy Campbell,Aegis Analytics,Professional Services & Consulting,dorothy.campbell1900@aegisanalyti.com,+1-692-579-9187,"Sydney, Australia",2023-07-10,Churned
CUST-01901,Joshua Carter,Meridian Innovations,Manufacturing & Industrial,joshua.carter1901@meridianinno.com,+1-802-374-1699,"Chicago, IL",2025-06-16,Inactive
CUST-01902,Amanda Clark,Acro Analytics,Professional Services & Consulting,amanda.clark1902@acroanalytic.com,+1-675-675-8408,"Denver, CO",2025-10-20,Active
CUST-01903,Karen Martinez,CoreTech Labs,Telecommunications,karen.martinez1903@coretechlabs.com,+1-226-342-6189,"Denver, CO",2024-10-09,Churned
CUST-01904,Edward Parker,Velocity Dynamics,Telecommunications,edward.parker1904@velocitydyna.com,+1-215-644-3830,"Seattle, WA",2021-12-07,Inactive
CUST-01905,Karen Nguyen,Synapse Systems,Financial Services & FinTech,karen.nguyen1905@synapsesyste.com,+1-601-683-3455,"New York, NY",2025-10-20,Churned
CUST-01906,Paul Perez,Stratosphere Technologies,Media & Entertainment,paul.perez1906@stratosphere.com,+1-363-510-5549,"Denver, CO",2026-02-09,At-Risk
CUST-01907,Sandra Gonzalez,Meridian Health,Media & Entertainment,sandra.gonzalez1907@meridianheal.com,+1-646-363-8984,"Denver, CO",2024-03-12,Inactive
CUST-01908,Linda Thompson,Quantum Solutions,Professional Services & Consulting,linda.thompson1908@quantumsolut.com,+1-689-822-5740,"Sydney, Australia",2024-08-29,At-Risk
CUST-01909,Charles Thomas,Solstice Analytics,Manufacturing & Industrial,charles.thomas1909@solsticeanal.com,+1-703-213-6046,"Denver, CO",2023-11-25,Inactive
CUST-01910,Christopher Perez,Velocity Enterprises,Telecommunications,christopher.perez1910@velocityente.com,+1-325-813-3120,"London, UK",2025-06-12,Active
CUST-01911,Andrew Perez,CoreTech Innovations,Healthcare & Life Sciences,andrew.perez1911@coretechinno.com,+1-779-684-2034,"Seattle, WA",2026-02-02,Active
CUST-01912,Robert Lewis,Catalyst Global,Manufacturing & Industrial,robert.lewis1912@catalystglob.com,+1-535-439-6120,"Chicago, IL",2024-08-11,Inactive
CUST-01913,Jacob Gomez,Omni Capital,Professional Services & Consulting,jacob.gomez1913@omnicapital.com,+1-540-399-3082,"London, UK",2026-04-02,At-Risk
CUST-01914,Michelle Gomez,Velocity Health,Manufacturing & Industrial,michelle.gomez1914@velocityheal.com,+1-808-824-4883,"Sydney, Australia",2025-03-12,Inactive
CUST-01915,Ashley Young,Cognitive Analytics,SaaS & Cloud Software,ashley.young1915@cognitiveana.com,+1-724-297-7293,"Seattle, WA",2022-09-27,Inactive
CUST-01916,Charles Flores,Aegis Solutions,Media & Entertainment,charles.flores1916@aegissolutio.com,+1-818-472-2096,"Atlanta, GA",2025-09-01,Churned
CUST-01917,Laura Harris,Starlight Systems,Retail & E-Commerce,laura.harris1917@starlightsys.com,+1-347-572-1967,"Sydney, Australia",2025-02-28,Inactive
CUST-01918,Jacob Thomas,Vanguard Logistics,SaaS & Cloud Software,jacob.thomas1918@vanguardlogi.com,+1-565-835-8906,"Seattle, WA",2025-06-20,At-Risk
CUST-01919,Charles Gomez,Omni Innovations,Media & Entertainment,charles.gomez1919@omniinnovati.com,+1-820-749-4277,"Seattle, WA",2023-08-13,Active
CUST-01920,Matthew Hill,Elevate Solutions,Retail & E-Commerce,matthew.hill1920@elevatesolut.com,+1-263-399-9577,"Sydney, Australia",2026-03-24,Active
CUST-01921,Andrew Thomas,Beacon Global,SaaS & Cloud Software,andrew.thomas1921@beaconglobal.com,+1-468-409-3360,"Boston, MA",2026-01-15,Active
CUST-01922,Emily Johnson,Apex Logistics,Telecommunications,emily.johnson1922@apexlogistic.com,+1-578-676-3418,"San Francisco, CA",2022-06-26,At-Risk
CUST-01923,Laura Green,Beacon Capital,Healthcare & Life Sciences,laura.green1923@beaconcapita.com,+1-655-521-2765,"London, UK",2025-08-25,Active
CUST-01924,Kimberly Robinson,Omni Systems,Media & Entertainment,kimberly.robinson1924@omnisystems.com,+1-367-800-3105,"Boston, MA",2025-07-02,At-Risk
CUST-01925,Michelle Johnson,Quantum Technologies,Professional Services & Consulting,michelle.johnson1925@quantumtechn.com,+1-689-577-3322,"Toronto, Canada",2025-08-03,Churned
CUST-01926,Kenneth Turner,CoreTech Global,SaaS & Cloud Software,kenneth.turner1926@coretechglob.com,+1-645-861-6306,"Berlin, Germany",2024-01-23,Active
CUST-01927,Ronald Lopez,Aegis Health,SaaS & Cloud Software,ronald.lopez1927@aegishealth.com,+1-490-531-1645,"Berlin, Germany",2025-10-02,Inactive
CUST-01928,Linda Campbell,Zenith Digital,Healthcare & Life Sciences,linda.campbell1928@zenithdigita.com,+1-266-269-3292,"Atlanta, GA",2026-05-28,Active
CUST-01929,Karen Miller,Solstice Dynamics,Manufacturing & Industrial,karen.miller1929@solsticedyna.com,+1-973-568-6850,"San Francisco, CA",2026-05-11,Active
CUST-01930,Carol Garcia,Pinnacle Innovations,Financial Services & FinTech,carol.garcia1930@pinnacleinno.com,+1-611-758-2018,"Atlanta, GA",2024-02-29,Active
CUST-01931,Rebecca Adams,Beacon Digital,Healthcare & Life Sciences,rebecca.adams1931@beacondigita.com,+1-292-412-8348,"Toronto, Canada",2025-07-27,Active
CUST-01932,Christopher Davis,Starlight Partners,Retail & E-Commerce,christopher.davis1932@starlightpar.com,+1-446-257-1396,"Chicago, IL",2025-07-31,Active
CUST-01933,Michael Adams,Zenith Systems,Media & Entertainment,michael.adams1933@zenithsystem.com,+1-244-424-4811,"New York, NY",2026-05-04,Active
CUST-01934,Karen Parker,Hyperion Capital,Professional Services & Consulting,karen.parker1934@hyperioncapi.com,+1-597-849-7484,"Seattle, WA",2026-04-08,Active
CUST-01935,Robert Allen,Starlight Enterprises,Media & Entertainment,robert.allen1935@starlightent.com,+1-886-624-2113,"New York, NY",2025-10-19,At-Risk
CUST-01936,Jennifer Gonzalez,Cognitive Technologies,Manufacturing & Industrial,jennifer.gonzalez1936@cognitivetec.com,+1-797-703-1117,"Chicago, IL",2025-08-20,Churned
CUST-01937,Brian Hall,Vertex Health,Professional Services & Consulting,brian.hall1937@vertexhealth.com,+1-369-606-4486,"Toronto, Canada",2023-05-27,At-Risk
CUST-01938,Karen Wright,Apex Logistics,Retail & E-Commerce,karen.wright1938@apexlogistic.com,+1-770-583-9370,"Boston, MA",2024-01-10,Churned
CUST-01939,Deborah Hernandez,Stratosphere Labs,Retail & E-Commerce,deborah.hernandez1939@stratosphere.com,+1-401-534-5265,"Seattle, WA",2023-12-21,Inactive
CUST-01940,Ronald Davis,Velocity Enterprises,Media & Entertainment,ronald.davis1940@velocityente.com,+1-657-817-9385,"New York, NY",2023-12-19,Active
CUST-01941,Stephanie Wilson,Synapse Solutions,SaaS & Cloud Software,stephanie.wilson1941@synapsesolut.com,+1-310-410-4279,"Denver, CO",2022-09-13,At-Risk
CUST-01942,Joshua Turner,Zenith Logistics,Manufacturing & Industrial,joshua.turner1942@zenithlogist.com,+1-511-569-8598,"London, UK",2026-04-18,At-Risk
CUST-01943,Michael Adams,Velocity Systems,Retail & E-Commerce,michael.adams1943@velocitysyst.com,+1-724-224-6077,"Chicago, IL",2023-07-11,Churned
CUST-01944,Mary Wilson,Synapse Partners,Professional Services & Consulting,mary.wilson1944@synapsepartn.com,+1-712-597-6363,"Chicago, IL",2023-12-20,Churned
CUST-01945,Ryan Sanchez,Elevate Labs,Healthcare & Life Sciences,ryan.sanchez1945@elevatelabs.com,+1-692-774-5675,"Atlanta, GA",2024-10-28,Churned
CUST-01946,Ashley Jones,Elevate Solutions,SaaS & Cloud Software,ashley.jones1946@elevatesolut.com,+1-835-251-1183,"New York, NY",2025-09-02,At-Risk
CUST-01947,Kimberly Smith,Prism Analytics,Telecommunications,kimberly.smith1947@prismanalyti.com,+1-782-363-2593,"Sydney, Australia",2024-02-14,Inactive
CUST-01948,Michael White,Stratosphere Logistics,Manufacturing & Industrial,michael.white1948@stratosphere.com,+1-960-581-2246,"Denver, CO",2024-03-09,Active
CUST-01949,Kimberly Clark,Velocity Technologies,Retail & E-Commerce,kimberly.clark1949@velocitytech.com,+1-323-509-3323,"New York, NY",2026-05-12,At-Risk
CUST-01950,Dorothy Robinson,Stratosphere Solutions,SaaS & Cloud Software,dorothy.robinson1950@stratosphere.com,+1-379-214-2844,"Atlanta, GA",2024-04-29,At-Risk
CUST-01951,Barbara Campbell,Vanguard Analytics,Retail & E-Commerce,barbara.campbell1951@vanguardanal.com,+1-224-776-8859,"Boston, MA",2023-02-14,Inactive
CUST-01952,David Campbell,Zenith Dynamics,Manufacturing & Industrial,david.campbell1952@zenithdynami.com,+1-608-894-7183,"San Francisco, CA",2023-06-17,At-Risk
CUST-01953,Patricia Williams,Meridian Global,Media & Entertainment,patricia.williams1953@meridianglob.com,+1-380-213-1721,"Denver, CO",2025-08-24,At-Risk
CUST-01954,David Roberts,Omni Digital,Retail & E-Commerce,david.roberts1954@omnidigital.com,+1-691-407-5379,"Sydney, Australia",2025-07-13,Churned
CUST-01955,Patricia Nelson,Omni Partners,Manufacturing & Industrial,patricia.nelson1955@omnipartners.com,+1-907-658-1031,"Chicago, IL",2024-08-16,Inactive
CUST-01956,Jennifer Parker,Cognitive Partners,Telecommunications,jennifer.parker1956@cognitivepar.com,+1-920-700-4793,"Toronto, Canada",2025-07-28,Inactive
CUST-01957,Michael Jackson,Catalyst Solutions,Professional Services & Consulting,michael.jackson1957@catalystsolu.com,+1-684-757-3685,"Atlanta, GA",2025-10-20,At-Risk
CUST-01958,Melissa Nelson,Catalyst Digital,Healthcare & Life Sciences,melissa.nelson1958@catalystdigi.com,+1-953-854-6681,"Seattle, WA",2024-12-18,Inactive
CUST-01959,Timothy Lopez,Cognitive Global,Professional Services & Consulting,timothy.lopez1959@cognitiveglo.com,+1-556-499-3418,"Atlanta, GA",2026-05-13,Active
CUST-01960,Amy Baker,Horizon Global,Professional Services & Consulting,amy.baker1960@horizongloba.com,+1-289-816-5148,"Denver, CO",2025-03-13,Churned
CUST-01961,Sarah Perez,Catalyst Logistics,Media & Entertainment,sarah.perez1961@catalystlogi.com,+1-972-752-3691,"Atlanta, GA",2022-11-11,Inactive
CUST-01962,Jennifer Perez,Solstice Partners,Healthcare & Life Sciences,jennifer.perez1962@solsticepart.com,+1-550-753-3612,"London, UK",2025-08-08,Active
CUST-01963,Sarah Evans,Stratosphere Partners,Telecommunications,sarah.evans1963@stratosphere.com,+1-630-314-9214,"San Francisco, CA",2023-11-05,Churned
CUST-01964,Jennifer King,Quantum Health,SaaS & Cloud Software,jennifer.king1964@quantumhealt.com,+1-764-880-3698,"Boston, MA",2023-06-08,At-Risk
CUST-01965,Sandra Baker,Zenith Labs,Professional Services & Consulting,sandra.baker1965@zenithlabs.com,+1-320-533-7116,"Atlanta, GA",2026-03-10,Active
CUST-01966,Ronald King,Aura Partners,Telecommunications,ronald.king1966@aurapartners.com,+1-791-559-7684,"Chicago, IL",2026-05-14,Active
CUST-01967,Susan Anderson,Velocity Logistics,Media & Entertainment,susan.anderson1967@velocitylogi.com,+1-911-392-1009,"Austin, TX",2022-05-02,At-Risk
CUST-01968,Susan Young,Hyperion Solutions,Retail & E-Commerce,susan.young1968@hyperionsolu.com,+1-974-615-5962,"Chicago, IL",2024-10-21,Inactive
CUST-01969,Anthony Wright,Velocity Solutions,Manufacturing & Industrial,anthony.wright1969@velocitysolu.com,+1-217-231-5846,"New York, NY",2024-10-26,At-Risk
CUST-01970,Jessica Wilson,Synapse Partners,Financial Services & FinTech,jessica.wilson1970@synapsepartn.com,+1-460-663-2948,"San Francisco, CA",2025-05-06,Active
CUST-01971,Jason Thompson,Aura Global,SaaS & Cloud Software,jason.thompson1971@auraglobal.com,+1-812-507-6622,"Sydney, Australia",2022-12-25,Inactive
CUST-01972,Deborah White,Stratosphere Enterprises,Telecommunications,deborah.white1972@stratosphere.com,+1-804-689-1686,"London, UK",2023-12-21,Churned
CUST-01973,Gary Williams,Meridian Innovations,Professional Services & Consulting,gary.williams1973@meridianinno.com,+1-462-684-7287,"New York, NY",2025-01-19,At-Risk
CUST-01974,Richard Ramirez,Zenith Health,Professional Services & Consulting,richard.ramirez1974@zenithhealth.com,+1-703-227-7225,"Berlin, Germany",2026-05-06,Active
CUST-01975,John Young,Starlight Solutions,Media & Entertainment,john.young1975@starlightsol.com,+1-757-294-2359,"Boston, MA",2025-01-28,Inactive
CUST-01976,Ashley Campbell,Zenith Logistics,Financial Services & FinTech,ashley.campbell1976@zenithlogist.com,+1-589-545-4954,"Atlanta, GA",2023-06-09,Inactive
CUST-01977,Jacob Williams,Aegis Enterprises,Media & Entertainment,jacob.williams1977@aegisenterpr.com,+1-829-620-2555,"Chicago, IL",2025-08-23,Active
CUST-01978,Mary Baker,Hyperion Health,SaaS & Cloud Software,mary.baker1978@hyperionheal.com,+1-656-270-9225,"Toronto, Canada",2023-05-07,Inactive
CUST-01979,Lisa Robinson,Omni Digital,Telecommunications,lisa.robinson1979@omnidigital.com,+1-870-249-5148,"Toronto, Canada",2023-12-27,Inactive
CUST-01980,Jessica Hall,Solstice Analytics,Healthcare & Life Sciences,jessica.hall1980@solsticeanal.com,+1-501-366-1652,"Atlanta, GA",2025-06-18,Churned
CUST-01981,Emily Hill,Aegis Global,Financial Services & FinTech,emily.hill1981@aegisglobal.com,+1-359-278-4262,"Berlin, Germany",2024-09-15,At-Risk
CUST-01982,Kathleen Young,Vanguard Technologies,Telecommunications,kathleen.young1982@vanguardtech.com,+1-870-380-7172,"Sydney, Australia",2023-08-11,Churned
CUST-01983,Jennifer Martin,Synapse Systems,Professional Services & Consulting,jennifer.martin1983@synapsesyste.com,+1-798-705-4747,"Berlin, Germany",2024-02-02,Inactive
CUST-01984,Jeffrey Phillips,Zenith Solutions,Financial Services & FinTech,jeffrey.phillips1984@zenithsoluti.com,+1-343-335-1387,"Austin, TX",2025-03-09,Inactive
CUST-01985,Jeffrey Young,Catalyst Labs,Telecommunications,jeffrey.young1985@catalystlabs.com,+1-926-737-7034,"New York, NY",2022-07-30,Active
CUST-01986,Susan Clark,Meridian Technologies,Retail & E-Commerce,susan.clark1986@meridiantech.com,+1-771-632-2096,"Denver, CO",2025-04-07,At-Risk
CUST-01987,David Garcia,Omni Logistics,Professional Services & Consulting,david.garcia1987@omnilogistic.com,+1-611-719-4985,"Atlanta, GA",2025-05-08,Churned
CUST-01988,Sarah Davis,Apex Dynamics,Financial Services & FinTech,sarah.davis1988@apexdynamics.com,+1-392-880-4219,"London, UK",2022-12-31,Inactive
CUST-01989,Laura Nelson,Horizon Innovations,Retail & E-Commerce,laura.nelson1989@horizoninnov.com,+1-269-872-4039,"Atlanta, GA",2022-11-21,Active
CUST-01990,Timothy Davis,Horizon Technologies,Manufacturing & Industrial,timothy.davis1990@horizontechn.com,+1-351-507-3182,"Chicago, IL",2024-01-17,Churned
CUST-01991,Ronald Smith,Catalyst Technologies,SaaS & Cloud Software,ronald.smith1991@catalysttech.com,+1-738-881-5356,"San Francisco, CA",2024-11-22,Churned
CUST-01992,Mary Martin,Hyperion Innovations,Manufacturing & Industrial,mary.martin1992@hyperioninno.com,+1-419-393-8778,"Atlanta, GA",2022-08-23,Active
CUST-01993,Kathleen Walker,Stratosphere Solutions,Healthcare & Life Sciences,kathleen.walker1993@stratosphere.com,+1-767-848-9870,"Denver, CO",2026-01-11,Active
CUST-01994,Elizabeth Martinez,Aura Dynamics,Healthcare & Life Sciences,elizabeth.martinez1994@auradynamics.com,+1-690-725-2189,"San Francisco, CA",2023-09-08,Active
CUST-01995,Nancy Thomas,Velocity Labs,Telecommunications,nancy.thomas1995@velocitylabs.com,+1-571-430-5300,"Berlin, Germany",2025-03-17,Churned
CUST-01996,Timothy Brown,Starlight Global,SaaS & Cloud Software,timothy.brown1996@starlightglo.com,+1-605-228-4155,"Seattle, WA",2025-06-20,Inactive
CUST-01997,Melissa Sanchez,Acro Health,Manufacturing & Industrial,melissa.sanchez1997@acrohealth.com,+1-331-690-9348,"Sydney, Australia",2023-03-26,Inactive
CUST-01998,Timothy Adams,Starlight Logistics,Healthcare & Life Sciences,timothy.adams1998@starlightlog.com,+1-814-733-5712,"Chicago, IL",2024-12-08,At-Risk
CUST-01999,Amy Roberts,Vertex Global,SaaS & Cloud Software,amy.roberts1999@vertexglobal.com,+1-268-775-2390,"Denver, CO",2023-02-12,Active
CUST-02000,Charles Roberts,Velocity Technologies,Professional Services & Consulting,charles.roberts2000@velocitytech.com,+1-603-487-8610,"Boston, MA",2026-04-10,Active
CUST-02001,Carol Martin,Horizon Health,Professional Services & Consulting,carol.martin2001@horizonhealt.com,+1-682-723-8991,"Boston, MA",2024-03-29,Inactive
CUST-02002,Deborah Carter,Zenith Health,Healthcare & Life Sciences,deborah.carter2002@zenithhealth.com,+1-546-293-9022,"Atlanta, GA",2026-03-16,At-Risk
CUST-02003,Carol Wright,Solstice Health,Financial Services & FinTech,carol.wright2003@solsticeheal.com,+1-845-474-5444,"Boston, MA",2023-04-25,Inactive
CUST-02004,Andrew Hill,Solstice Systems,Professional Services & Consulting,andrew.hill2004@solsticesyst.com,+1-446-779-4133,"Seattle, WA",2024-06-17,Inactive
CUST-02005,Brian Martin,Stratosphere Partners,Professional Services & Consulting,brian.martin2005@stratosphere.com,+1-893-621-5563,"Toronto, Canada",2025-02-17,Active
CUST-02006,Dorothy Hill,Pinnacle Logistics,Manufacturing & Industrial,dorothy.hill2006@pinnaclelogi.com,+1-343-502-4112,"London, UK",2024-10-23,Churned
CUST-02007,George Rivera,Horizon Capital,Professional Services & Consulting,george.rivera2007@horizoncapit.com,+1-674-795-9521,"Chicago, IL",2024-11-17,Active
CUST-02008,Daniel Davis,CoreTech Digital,Retail & E-Commerce,daniel.davis2008@coretechdigi.com,+1-453-410-6527,"Berlin, Germany",2024-12-29,Churned
CUST-02009,Lisa Adams,Meridian Innovations,Manufacturing & Industrial,lisa.adams2009@meridianinno.com,+1-696-477-8521,"Denver, CO",2023-02-18,At-Risk
CUST-02010,Carol Martinez,Omni Health,Financial Services & FinTech,carol.martinez2010@omnihealth.com,+1-328-585-7440,"Boston, MA",2024-05-28,Active
CUST-02011,James Jones,Stratosphere Labs,Retail & E-Commerce,james.jones2011@stratosphere.com,+1-666-763-5539,"Atlanta, GA",2025-03-03,Active
CUST-02012,Rebecca Gonzalez,Omni Technologies,Telecommunications,rebecca.gonzalez2012@omnitechnolo.com,+1-702-809-2770,"Berlin, Germany",2022-09-19,Active
CUST-02013,Jacob Ramirez,Beacon Innovations,Financial Services & FinTech,jacob.ramirez2013@beaconinnova.com,+1-386-325-6920,"Austin, TX",2026-03-29,At-Risk
CUST-02014,Michael Williams,Vertex Enterprises,Financial Services & FinTech,michael.williams2014@vertexenterp.com,+1-749-474-3087,"Toronto, Canada",2022-02-24,Active
CUST-02015,Richard Mitchell,Aura Global,Manufacturing & Industrial,richard.mitchell2015@auraglobal.com,+1-877-780-1981,"New York, NY",2025-12-25,Active
CUST-02016,Mary Davis,Aegis Health,Retail & E-Commerce,mary.davis2016@aegishealth.com,+1-641-446-4776,"Boston, MA",2025-02-19,Active
CUST-02017,Mark Flores,Elevate Health,Retail & E-Commerce,mark.flores2017@elevatehealt.com,+1-563-442-3485,"Toronto, Canada",2024-08-10,At-Risk
CUST-02018,Robert Scott,Cognitive Innovations,Manufacturing & Industrial,robert.scott2018@cognitiveinn.com,+1-593-408-9875,"Austin, TX",2025-07-27,Inactive
CUST-02019,Robert Hernandez,Vertex Health,Retail & E-Commerce,robert.hernandez2019@vertexhealth.com,+1-328-297-5033,"Atlanta, GA",2022-10-12,At-Risk
CUST-02020,Timothy Anderson,Vanguard Analytics,Healthcare & Life Sciences,timothy.anderson2020@vanguardanal.com,+1-426-486-2759,"Austin, TX",2026-03-13,Active
CUST-02021,James Thomas,Aura Enterprises,Telecommunications,james.thomas2021@auraenterpri.com,+1-815-595-8309,"London, UK",2025-03-05,Inactive
CUST-02022,Betty Anderson,Quantum Partners,Financial Services & FinTech,betty.anderson2022@quantumpartn.com,+1-930-654-8250,"Denver, CO",2026-02-22,Active
CUST-02023,Karen Mitchell,Beacon Partners,Telecommunications,karen.mitchell2023@beaconpartne.com,+1-755-478-4360,"New York, NY",2023-11-17,Inactive
CUST-02024,Gary Ramirez,Solstice Innovations,Professional Services & Consulting,gary.ramirez2024@solsticeinno.com,+1-712-719-7355,"New York, NY",2025-07-08,Active
CUST-02025,Jeffrey Hill,Stratosphere Innovations,Healthcare & Life Sciences,jeffrey.hill2025@stratosphere.com,+1-280-815-7187,"Sydney, Australia",2023-01-30,Inactive
CUST-02026,Nancy Gomez,Beacon Systems,Manufacturing & Industrial,nancy.gomez2026@beaconsystem.com,+1-562-614-5491,"Seattle, WA",2024-09-08,At-Risk
CUST-02027,Ashley Rivera,Prism Systems,Telecommunications,ashley.rivera2027@prismsystems.com,+1-681-224-4998,"London, UK",2024-01-04,Churned
CUST-02028,David Lewis,Zenith Labs,SaaS & Cloud Software,david.lewis2028@zenithlabs.com,+1-786-553-6890,"Denver, CO",2025-01-08,Inactive
CUST-02029,Edward Johnson,Meridian Global,Media & Entertainment,edward.johnson2029@meridianglob.com,+1-292-647-5176,"Denver, CO",2025-08-19,At-Risk
CUST-02030,Brian Anderson,Omni Innovations,Retail & E-Commerce,brian.anderson2030@omniinnovati.com,+1-362-372-4590,"Atlanta, GA",2026-06-18,Active
CUST-02031,Margaret Diaz,Nexus Global,Professional Services & Consulting,margaret.diaz2031@nexusglobal.com,+1-979-434-2474,"New York, NY",2023-05-04,Active
CUST-02032,Christopher Garcia,Elevate Digital,SaaS & Cloud Software,christopher.garcia2032@elevatedigit.com,+1-282-737-5180,"Boston, MA",2026-01-12,Active
CUST-02033,Laura Martinez,Prism Dynamics,Telecommunications,laura.martinez2033@prismdynamic.com,+1-391-434-7708,"Boston, MA",2022-12-10,At-Risk
CUST-02034,Donna Hernandez,Solstice Solutions,Manufacturing & Industrial,donna.hernandez2034@solsticesolu.com,+1-836-253-3882,"San Francisco, CA",2023-05-20,Inactive
CUST-02035,Andrew Scott,Meridian Global,Healthcare & Life Sciences,andrew.scott2035@meridianglob.com,+1-218-400-2262,"Chicago, IL",2025-09-20,At-Risk
CUST-02036,David Roberts,Quantum Enterprises,Healthcare & Life Sciences,david.roberts2036@quantumenter.com,+1-328-673-7044,"Toronto, Canada",2023-07-04,Inactive
CUST-02037,Daniel Martinez,Horizon Dynamics,Manufacturing & Industrial,daniel.martinez2037@horizondynam.com,+1-534-375-5461,"New York, NY",2023-07-19,Active
CUST-02038,Robert Allen,Solstice Technologies,Telecommunications,robert.allen2038@solsticetech.com,+1-372-249-8685,"Austin, TX",2024-02-02,At-Risk
CUST-02039,Karen Diaz,Hyperion Systems,Professional Services & Consulting,karen.diaz2039@hyperionsyst.com,+1-486-673-5027,"London, UK",2023-04-22,Inactive
CUST-02040,Ryan Lopez,Zenith Solutions,Manufacturing & Industrial,ryan.lopez2040@zenithsoluti.com,+1-856-820-1692,"Austin, TX",2026-02-18,Active
CUST-02041,David Harris,Hyperion Technologies,Retail & E-Commerce,david.harris2041@hyperiontech.com,+1-742-701-7471,"Atlanta, GA",2024-02-09,Inactive
CUST-02042,Stephanie King,Acro Logistics,Professional Services & Consulting,stephanie.king2042@acrologistic.com,+1-792-614-5119,"London, UK",2025-11-20,Active
CUST-02043,Timothy Hernandez,Solstice Partners,Media & Entertainment,timothy.hernandez2043@solsticepart.com,+1-238-411-2202,"Austin, TX",2025-11-04,Active
CUST-02044,Melissa Turner,Prism Solutions,Telecommunications,melissa.turner2044@prismsolutio.com,+1-585-506-7121,"Denver, CO",2024-09-24,Active
CUST-02045,Patricia Lee,Meridian Systems,SaaS & Cloud Software,patricia.lee2045@meridiansyst.com,+1-646-853-3411,"Chicago, IL",2023-12-19,Inactive
CUST-02046,Laura Parker,Cognitive Labs,Healthcare & Life Sciences,laura.parker2046@cognitivelab.com,+1-510-605-5005,"Berlin, Germany",2024-05-16,Churned
CUST-02047,Charles Johnson,Vanguard Analytics,Retail & E-Commerce,charles.johnson2047@vanguardanal.com,+1-609-677-8621,"Atlanta, GA",2023-08-14,Active
CUST-02048,Melissa Wilson,Acro Dynamics,Telecommunications,melissa.wilson2048@acrodynamics.com,+1-452-349-2659,"New York, NY",2023-08-11,Churned
CUST-02049,Emily White,Nexus Innovations,Media & Entertainment,emily.white2049@nexusinnovat.com,+1-870-643-2279,"Denver, CO",2026-04-10,Active
CUST-02050,Emily Thompson,Solstice Capital,Media & Entertainment,emily.thompson2050@solsticecapi.com,+1-691-269-6775,"New York, NY",2025-05-23,Active
CUST-02051,Kevin Gonzalez,Prism Capital,Healthcare & Life Sciences,kevin.gonzalez2051@prismcapital.com,+1-304-349-5417,"New York, NY",2025-05-16,Inactive
CUST-02052,Linda Johnson,Solstice Systems,Professional Services & Consulting,linda.johnson2052@solsticesyst.com,+1-660-613-6472,"New York, NY",2024-03-16,Inactive
CUST-02053,Ryan Thompson,Elevate Innovations,Retail & E-Commerce,ryan.thompson2053@elevateinnov.com,+1-253-729-3020,"Seattle, WA",2024-07-21,Active
CUST-02054,Jeffrey Carter,Meridian Global,SaaS & Cloud Software,jeffrey.carter2054@meridianglob.com,+1-762-779-9289,"Berlin, Germany",2023-09-15,Inactive
CUST-02055,David Martinez,Beacon Innovations,Media & Entertainment,david.martinez2055@beaconinnova.com,+1-940-850-5376,"Sydney, Australia",2024-01-26,Churned
CUST-02056,Charles Martinez,Starlight Systems,Financial Services & FinTech,charles.martinez2056@starlightsys.com,+1-594-482-7461,"London, UK",2025-11-13,Inactive
CUST-02057,Mark Williams,Nexus Enterprises,SaaS & Cloud Software,mark.williams2057@nexusenterpr.com,+1-400-628-4172,"Austin, TX",2025-01-30,Inactive
CUST-02058,Rebecca Phillips,Hyperion Global,Retail & E-Commerce,rebecca.phillips2058@hyperionglob.com,+1-201-267-3677,"Chicago, IL",2024-12-22,Inactive
CUST-02059,John Taylor,CoreTech Analytics,Financial Services & FinTech,john.taylor2059@coretechanal.com,+1-680-369-9085,"Chicago, IL",2025-12-20,Active
CUST-02060,Joseph Garcia,Aura Analytics,Professional Services & Consulting,joseph.garcia2060@auraanalytic.com,+1-946-581-8682,"London, UK",2025-07-19,Active
CUST-02061,Dorothy Torres,Horizon Capital,Professional Services & Consulting,dorothy.torres2061@horizoncapit.com,+1-881-534-9629,"Berlin, Germany",2022-10-25,Active
CUST-02062,Karen Nelson,Aura Partners,Retail & E-Commerce,karen.nelson2062@aurapartners.com,+1-452-431-1364,"London, UK",2025-06-12,At-Risk
CUST-02063,Sharon Walker,Omni Innovations,Retail & E-Commerce,sharon.walker2063@omniinnovati.com,+1-942-614-1840,"Atlanta, GA",2025-11-19,Churned
CUST-02064,Joshua Phillips,Omni Solutions,Healthcare & Life Sciences,joshua.phillips2064@omnisolution.com,+1-429-424-5075,"Toronto, Canada",2023-03-14,Inactive
CUST-02065,Cynthia Martinez,Quantum Digital,Professional Services & Consulting,cynthia.martinez2065@quantumdigit.com,+1-961-609-7869,"Denver, CO",2025-02-15,Active
CUST-02066,Kevin Martin,Vertex Systems,Healthcare & Life Sciences,kevin.martin2066@vertexsystem.com,+1-693-878-2086,"London, UK",2023-06-13,Churned
CUST-02067,Kenneth Brown,Pinnacle Global,Telecommunications,kenneth.brown2067@pinnacleglob.com,+1-625-684-1501,"Austin, TX",2025-01-27,Inactive
CUST-02068,Kevin White,Quantum Enterprises,Manufacturing & Industrial,kevin.white2068@quantumenter.com,+1-704-605-4506,"Atlanta, GA",2025-04-19,Inactive
CUST-02069,Stephanie Ramirez,Vanguard Enterprises,Manufacturing & Industrial,stephanie.ramirez2069@vanguardente.com,+1-369-544-3608,"London, UK",2023-07-06,Active
CUST-02070,Michelle Nguyen,Beacon Partners,Financial Services & FinTech,michelle.nguyen2070@beaconpartne.com,+1-285-284-1139,"San Francisco, CA",2023-09-22,At-Risk
CUST-02071,Karen Wright,Pinnacle Analytics,Financial Services & FinTech,karen.wright2071@pinnacleanal.com,+1-864-355-1841,"Sydney, Australia",2025-10-27,Churned
CUST-02072,James Walker,Synapse Technologies,Healthcare & Life Sciences,james.walker2072@synapsetechn.com,+1-576-895-6853,"Boston, MA",2026-04-24,Active
CUST-02073,Barbara Williams,Synapse Enterprises,Professional Services & Consulting,barbara.williams2073@synapseenter.com,+1-240-796-2349,"San Francisco, CA",2023-07-15,Inactive
CUST-02074,Jennifer Flores,Apex Partners,Manufacturing & Industrial,jennifer.flores2074@apexpartners.com,+1-601-702-2761,"Austin, TX",2022-11-20,Inactive
CUST-02075,Paul Nguyen,Prism Health,Financial Services & FinTech,paul.nguyen2075@prismhealth.com,+1-492-341-2064,"London, UK",2025-12-20,Inactive
CUST-02076,Cynthia Hill,Omni Dynamics,Financial Services & FinTech,cynthia.hill2076@omnidynamics.com,+1-822-429-5648,"Atlanta, GA",2023-07-27,Inactive
CUST-02077,John Sanchez,Aegis Logistics,Healthcare & Life Sciences,john.sanchez2077@aegislogisti.com,+1-685-663-6877,"Sydney, Australia",2023-02-12,Inactive
CUST-02078,Donna Jackson,Velocity Digital,Telecommunications,donna.jackson2078@velocitydigi.com,+1-441-516-6351,"Denver, CO",2023-08-05,Active
CUST-02079,Anthony Thomas,Acro Dynamics,Healthcare & Life Sciences,anthony.thomas2079@acrodynamics.com,+1-282-260-2928,"New York, NY",2025-07-19,Inactive
CUST-02080,Charles Miller,Acro Dynamics,Healthcare & Life Sciences,charles.miller2080@acrodynamics.com,+1-276-489-6451,"Sydney, Australia",2024-10-27,Churned
CUST-02081,Kenneth Nguyen,Vanguard Digital,Media & Entertainment,kenneth.nguyen2081@vanguarddigi.com,+1-620-325-5956,"Denver, CO",2024-09-05,Active
CUST-02082,Anthony Walker,Velocity Technologies,Professional Services & Consulting,anthony.walker2082@velocitytech.com,+1-601-396-6653,"Austin, TX",2022-11-19,Active
CUST-02083,David Brown,Nexus Partners,Retail & E-Commerce,david.brown2083@nexuspartner.com,+1-392-709-8594,"Denver, CO",2026-02-27,Active
CUST-02084,Ronald Gomez,Zenith Partners,Professional Services & Consulting,ronald.gomez2084@zenithpartne.com,+1-337-534-7919,"Atlanta, GA",2024-08-12,Inactive
CUST-02085,Kenneth Carter,Cognitive Partners,Healthcare & Life Sciences,kenneth.carter2085@cognitivepar.com,+1-369-456-7812,"New York, NY",2026-06-25,Active
CUST-02086,Barbara Young,Aegis Dynamics,SaaS & Cloud Software,barbara.young2086@aegisdynamic.com,+1-446-725-9115,"Austin, TX",2025-03-04,At-Risk
CUST-02087,Kimberly Gonzalez,CoreTech Dynamics,Telecommunications,kimberly.gonzalez2087@coretechdyna.com,+1-210-846-6910,"New York, NY",2023-04-11,At-Risk
CUST-02088,Carol Phillips,Elevate Innovations,Professional Services & Consulting,carol.phillips2088@elevateinnov.com,+1-308-694-9209,"New York, NY",2025-09-06,At-Risk
CUST-02089,Margaret Wilson,Hyperion Innovations,Retail & E-Commerce,margaret.wilson2089@hyperioninno.com,+1-601-741-4222,"Toronto, Canada",2026-02-06,Churned
CUST-02090,Sharon Roberts,CoreTech Labs,SaaS & Cloud Software,sharon.roberts2090@coretechlabs.com,+1-937-805-9964,"Atlanta, GA",2023-04-14,Inactive
CUST-02091,Emily Wright,Starlight Analytics,SaaS & Cloud Software,emily.wright2091@starlightana.com,+1-541-218-7673,"Boston, MA",2025-07-25,Churned
CUST-02092,David Walker,Pinnacle Analytics,Manufacturing & Industrial,david.walker2092@pinnacleanal.com,+1-806-428-8360,"Seattle, WA",2025-01-03,Inactive
CUST-02093,Dorothy Martin,Velocity Partners,SaaS & Cloud Software,dorothy.martin2093@velocitypart.com,+1-885-793-5163,"Chicago, IL",2024-07-15,Inactive
CUST-02094,Ronald Taylor,Apex Capital,Manufacturing & Industrial,ronald.taylor2094@apexcapital.com,+1-428-660-4915,"New York, NY",2025-07-30,At-Risk
CUST-02095,Ronald Smith,Pinnacle Technologies,Financial Services & FinTech,ronald.smith2095@pinnacletech.com,+1-749-759-7828,"Boston, MA",2023-04-01,Inactive
CUST-02096,Robert Allen,CoreTech Labs,Retail & E-Commerce,robert.allen2096@coretechlabs.com,+1-880-252-9136,"London, UK",2026-01-20,Churned
CUST-02097,Betty Wright,Aura Capital,Retail & E-Commerce,betty.wright2097@auracapital.com,+1-441-598-6383,"San Francisco, CA",2026-01-02,Active
CUST-02098,Daniel Wright,Velocity Systems,SaaS & Cloud Software,daniel.wright2098@velocitysyst.com,+1-640-281-6386,"Berlin, Germany",2026-01-17,Active
CUST-02099,Ashley Walker,Apex Solutions,Healthcare & Life Sciences,ashley.walker2099@apexsolution.com,+1-949-464-3769,"Sydney, Australia",2023-06-11,Churned
CUST-02100,Emily Nelson,Omni Global,Healthcare & Life Sciences,emily.nelson2100@omniglobal.com,+1-409-367-6921,"Denver, CO",2024-01-01,Active
CUST-02101,Richard Carter,Prism Enterprises,Financial Services & FinTech,richard.carter2101@prismenterpr.com,+1-360-324-1054,"San Francisco, CA",2024-09-19,Inactive
CUST-02102,Donald Jones,Starlight Labs,Retail & E-Commerce,donald.jones2102@starlightlab.com,+1-317-662-6530,"Austin, TX",2025-11-15,Active
CUST-02103,Jessica Allen,Starlight Partners,Media & Entertainment,jessica.allen2103@starlightpar.com,+1-326-692-5559,"Toronto, Canada",2023-09-14,Active
CUST-02104,William Thompson,Vertex Innovations,Healthcare & Life Sciences,william.thompson2104@vertexinnova.com,+1-394-758-5100,"Denver, CO",2025-08-02,Active
CUST-02105,Robert Flores,Starlight Solutions,Financial Services & FinTech,robert.flores2105@starlightsol.com,+1-350-550-3627,"Austin, TX",2024-10-07,Churned
CUST-02106,Matthew Walker,Starlight Logistics,Professional Services & Consulting,matthew.walker2106@starlightlog.com,+1-549-598-8084,"New York, NY",2024-05-18,Inactive
CUST-02107,Susan Phillips,Solstice Labs,Telecommunications,susan.phillips2107@solsticelabs.com,+1-372-394-8920,"Chicago, IL",2022-08-12,Inactive
CUST-02108,David Mitchell,Vanguard Partners,Media & Entertainment,david.mitchell2108@vanguardpart.com,+1-669-596-6279,"Toronto, Canada",2024-12-01,Inactive
CUST-02109,Melissa Gonzalez,Nexus Technologies,Media & Entertainment,melissa.gonzalez2109@nexustechnol.com,+1-204-784-6823,"Chicago, IL",2024-03-06,Inactive
CUST-02110,Robert Nelson,Catalyst Logistics,Professional Services & Consulting,robert.nelson2110@catalystlogi.com,+1-968-207-6163,"Denver, CO",2024-10-24,Inactive
CUST-02111,Cynthia Garcia,Hyperion Partners,Financial Services & FinTech,cynthia.garcia2111@hyperionpart.com,+1-734-774-2908,"London, UK",2024-11-26,Active
CUST-02112,Sarah Walker,Meridian Capital,Professional Services & Consulting,sarah.walker2112@meridiancapi.com,+1-840-233-6194,"San Francisco, CA",2022-11-19,Inactive
CUST-02113,Ashley Martin,Horizon Partners,Telecommunications,ashley.martin2113@horizonpartn.com,+1-240-309-1899,"Boston, MA",2025-02-11,Active
CUST-02114,Joshua Nelson,Hyperion Digital,Retail & E-Commerce,joshua.nelson2114@hyperiondigi.com,+1-357-487-6569,"Denver, CO",2025-12-17,Inactive
CUST-02115,Timothy Jones,Solstice Innovations,Financial Services & FinTech,timothy.jones2115@solsticeinno.com,+1-516-507-7666,"Atlanta, GA",2026-06-01,Active
CUST-02116,Robert Johnson,Prism Innovations,Healthcare & Life Sciences,robert.johnson2116@prisminnovat.com,+1-296-340-9600,"Sydney, Australia",2024-10-25,At-Risk
CUST-02117,Richard White,Quantum Solutions,Retail & E-Commerce,richard.white2117@quantumsolut.com,+1-526-326-3992,"Seattle, WA",2023-01-13,At-Risk
CUST-02118,Betty Nguyen,Vertex Systems,SaaS & Cloud Software,betty.nguyen2118@vertexsystem.com,+1-519-763-9868,"Boston, MA",2025-12-06,Active
CUST-02119,William Phillips,Zenith Capital,Retail & E-Commerce,william.phillips2119@zenithcapita.com,+1-874-504-2645,"Toronto, Canada",2023-04-05,Inactive
CUST-02120,Stephanie Carter,Nexus Enterprises,Telecommunications,stephanie.carter2120@nexusenterpr.com,+1-874-541-5408,"San Francisco, CA",2023-07-17,Inactive
CUST-02121,Michael Rodriguez,Vertex Solutions,SaaS & Cloud Software,michael.rodriguez2121@vertexsoluti.com,+1-689-243-8687,"San Francisco, CA",2024-06-12,Churned
CUST-02122,George Sanchez,Horizon Solutions,Retail & E-Commerce,george.sanchez2122@horizonsolut.com,+1-806-774-5056,"Austin, TX",2026-05-09,Active
CUST-02123,William Perez,Synapse Dynamics,Financial Services & FinTech,william.perez2123@synapsedynam.com,+1-218-681-4578,"Berlin, Germany",2025-10-21,Inactive
CUST-02124,Thomas Hernandez,CoreTech Partners,Manufacturing & Industrial,thomas.hernandez2124@coretechpart.com,+1-206-897-9568,"Denver, CO",2023-01-30,Active
CUST-02125,Paul Torres,CoreTech Labs,Manufacturing & Industrial,paul.torres2125@coretechlabs.com,+1-761-443-1972,"Atlanta, GA",2023-07-23,Inactive
CUST-02126,Sharon Wilson,Elevate Logistics,Telecommunications,sharon.wilson2126@elevatelogis.com,+1-741-499-6640,"Chicago, IL",2025-11-04,At-Risk
CUST-02127,Sarah Sanchez,Cognitive Global,Retail & E-Commerce,sarah.sanchez2127@cognitiveglo.com,+1-456-831-3042,"Boston, MA",2025-11-09,Active
CUST-02128,Rebecca Taylor,Velocity Health,Media & Entertainment,rebecca.taylor2128@velocityheal.com,+1-318-615-4132,"New York, NY",2023-03-25,Active
CUST-02129,Steven Hall,Hyperion Health,Healthcare & Life Sciences,steven.hall2129@hyperionheal.com,+1-795-322-5076,"Berlin, Germany",2023-11-28,Inactive
CUST-02130,Thomas Rivera,Nexus Systems,Manufacturing & Industrial,thomas.rivera2130@nexussystems.com,+1-248-273-7467,"Sydney, Australia",2023-03-30,Inactive
CUST-02131,Sarah Wilson,Omni Solutions,SaaS & Cloud Software,sarah.wilson2131@omnisolution.com,+1-416-313-1225,"Berlin, Germany",2024-05-02,Active
CUST-02132,Timothy Miller,Aegis Systems,Media & Entertainment,timothy.miller2132@aegissystems.com,+1-351-863-3019,"Austin, TX",2023-12-12,Active
CUST-02133,Melissa Lee,Pinnacle Global,Retail & E-Commerce,melissa.lee2133@pinnacleglob.com,+1-880-406-3390,"Atlanta, GA",2026-02-26,At-Risk
CUST-02134,Anthony Harris,Catalyst Systems,Manufacturing & Industrial,anthony.harris2134@catalystsyst.com,+1-701-480-8167,"Atlanta, GA",2025-11-17,At-Risk
CUST-02135,Michael Taylor,Apex Global,Media & Entertainment,michael.taylor2135@apexglobal.com,+1-263-261-8516,"Austin, TX",2025-04-03,Churned
CUST-02136,Emily Wilson,Pinnacle Solutions,Retail & E-Commerce,emily.wilson2136@pinnaclesolu.com,+1-491-486-3900,"Austin, TX",2023-12-31,Inactive
CUST-02137,Jason Roberts,Apex Analytics,Financial Services & FinTech,jason.roberts2137@apexanalytic.com,+1-666-556-5967,"London, UK",2022-06-30,Active
CUST-02138,Mark Lewis,Stratosphere Digital,Retail & E-Commerce,mark.lewis2138@stratosphere.com,+1-600-476-3628,"Atlanta, GA",2023-07-12,Churned
CUST-02139,Kathleen Anderson,Acro Dynamics,SaaS & Cloud Software,kathleen.anderson2139@acrodynamics.com,+1-861-697-7300,"Chicago, IL",2022-07-23,At-Risk
CUST-02140,Mark Scott,Solstice Logistics,Healthcare & Life Sciences,mark.scott2140@solsticelogi.com,+1-475-579-9552,"San Francisco, CA",2024-05-08,Inactive
CUST-02141,Steven Hall,Quantum Enterprises,Retail & E-Commerce,steven.hall2141@quantumenter.com,+1-614-220-2031,"Sydney, Australia",2025-08-27,Churned
CUST-02142,Susan Thomas,Prism Enterprises,Manufacturing & Industrial,susan.thomas2142@prismenterpr.com,+1-770-828-9682,"Berlin, Germany",2026-05-06,Active
CUST-02143,Lisa Green,Meridian Capital,SaaS & Cloud Software,lisa.green2143@meridiancapi.com,+1-221-535-7876,"Austin, TX",2024-03-11,Churned
CUST-02144,Carol Smith,Meridian Systems,Healthcare & Life Sciences,carol.smith2144@meridiansyst.com,+1-951-513-7960,"San Francisco, CA",2025-09-17,At-Risk
CUST-02145,Steven Hall,Omni Health,Manufacturing & Industrial,steven.hall2145@omnihealth.com,+1-612-885-6847,"Berlin, Germany",2026-03-01,At-Risk
CUST-02146,Richard Harris,Meridian Health,Manufacturing & Industrial,richard.harris2146@meridianheal.com,+1-533-246-6507,"Chicago, IL",2023-09-07,Churned
CUST-02147,Amanda Walker,Starlight Systems,Professional Services & Consulting,amanda.walker2147@starlightsys.com,+1-434-641-1269,"Atlanta, GA",2024-06-06,Active
CUST-02148,Elizabeth Miller,Cognitive Dynamics,Manufacturing & Industrial,elizabeth.miller2148@cognitivedyn.com,+1-245-409-8652,"Denver, CO",2026-03-27,Active
CUST-02149,Timothy Wright,CoreTech Solutions,Financial Services & FinTech,timothy.wright2149@coretechsolu.com,+1-762-651-3223,"Berlin, Germany",2022-11-26,Active
CUST-02150,Mark Mitchell,Stratosphere Systems,Professional Services & Consulting,mark.mitchell2150@stratosphere.com,+1-238-462-1191,"San Francisco, CA",2025-07-21,Churned
CUST-02151,Timothy Davis,Omni Logistics,Media & Entertainment,timothy.davis2151@omnilogistic.com,+1-296-548-4878,"Chicago, IL",2025-09-11,At-Risk
CUST-02152,Jessica Garcia,Omni Labs,Manufacturing & Industrial,jessica.garcia2152@omnilabs.com,+1-688-483-9864,"New York, NY",2022-06-24,Active
CUST-02153,Nancy Nelson,Starlight Digital,SaaS & Cloud Software,nancy.nelson2153@starlightdig.com,+1-422-621-6418,"Atlanta, GA",2025-03-18,Churned
CUST-02154,Richard Garcia,Solstice Health,Manufacturing & Industrial,richard.garcia2154@solsticeheal.com,+1-485-200-7997,"London, UK",2025-12-29,Churned
CUST-02155,Brian Thompson,Starlight Analytics,Healthcare & Life Sciences,brian.thompson2155@starlightana.com,+1-957-299-1349,"New York, NY",2024-09-05,Inactive
CUST-02156,Kimberly Gonzalez,Synapse Partners,Healthcare & Life Sciences,kimberly.gonzalez2156@synapsepartn.com,+1-956-246-3939,"Chicago, IL",2025-11-06,At-Risk
CUST-02157,Margaret Evans,Stratosphere Systems,Healthcare & Life Sciences,margaret.evans2157@stratosphere.com,+1-672-262-8364,"Boston, MA",2025-06-05,At-Risk
CUST-02158,Mark Flores,Hyperion Technologies,Financial Services & FinTech,mark.flores2158@hyperiontech.com,+1-942-409-7007,"Sydney, Australia",2025-04-15,Active
CUST-02159,Joshua Turner,Aura Global,Healthcare & Life Sciences,joshua.turner2159@auraglobal.com,+1-265-362-8761,"Sydney, Australia",2022-11-27,Inactive
CUST-02160,Edward Smith,Synapse Innovations,SaaS & Cloud Software,edward.smith2160@synapseinnov.com,+1-380-630-2778,"Toronto, Canada",2023-06-07,Churned
CUST-02161,William Carter,Synapse Systems,Financial Services & FinTech,william.carter2161@synapsesyste.com,+1-626-311-8120,"Austin, TX",2026-04-28,At-Risk
CUST-02162,Sandra Hall,Synapse Enterprises,Professional Services & Consulting,sandra.hall2162@synapseenter.com,+1-362-808-9730,"Atlanta, GA",2025-11-18,Active
CUST-02163,Betty Lewis,Pinnacle Dynamics,Media & Entertainment,betty.lewis2163@pinnacledyna.com,+1-524-466-4508,"Boston, MA",2025-12-23,At-Risk
CUST-02164,Robert Gonzalez,Beacon Enterprises,Telecommunications,robert.gonzalez2164@beaconenterp.com,+1-677-293-2889,"Toronto, Canada",2025-08-03,Churned
CUST-02165,Thomas Brown,Vanguard Digital,Financial Services & FinTech,thomas.brown2165@vanguarddigi.com,+1-691-604-3215,"Toronto, Canada",2025-06-10,Active
CUST-02166,Michael King,Synapse Capital,Manufacturing & Industrial,michael.king2166@synapsecapit.com,+1-447-251-9329,"Austin, TX",2025-04-03,Inactive
CUST-02167,Elizabeth Thomas,Horizon Capital,Financial Services & FinTech,elizabeth.thomas2167@horizoncapit.com,+1-738-750-2532,"Seattle, WA",2025-09-11,At-Risk
CUST-02168,Dorothy Taylor,Aegis Capital,Healthcare & Life Sciences,dorothy.taylor2168@aegiscapital.com,+1-246-637-9036,"Austin, TX",2021-10-25,At-Risk
CUST-02169,Anthony Rodriguez,Vanguard Digital,Financial Services & FinTech,anthony.rodriguez2169@vanguarddigi.com,+1-352-839-8247,"Toronto, Canada",2025-08-08,Active
CUST-02170,Elizabeth Ramirez,CoreTech Logistics,Financial Services & FinTech,elizabeth.ramirez2170@coretechlogi.com,+1-979-529-8551,"Sydney, Australia",2023-12-28,Active
CUST-02171,Nancy Baker,Omni Partners,Professional Services & Consulting,nancy.baker2171@omnipartners.com,+1-234-211-1447,"New York, NY",2025-10-18,Active
CUST-02172,Patricia Parker,CoreTech Technologies,Financial Services & FinTech,patricia.parker2172@coretechtech.com,+1-369-852-2328,"Seattle, WA",2025-01-18,Active
CUST-02173,William Hall,Stratosphere Analytics,Financial Services & FinTech,william.hall2173@stratosphere.com,+1-752-863-7087,"Atlanta, GA",2025-06-16,Active
CUST-02174,Linda Gomez,Velocity Digital,SaaS & Cloud Software,linda.gomez2174@velocitydigi.com,+1-354-561-6125,"Sydney, Australia",2024-05-18,Inactive
CUST-02175,Edward Baker,Quantum Labs,Retail & E-Commerce,edward.baker2175@quantumlabs.com,+1-468-363-2393,"Boston, MA",2026-03-06,Active
CUST-02176,Charles Hill,Aura Health,Media & Entertainment,charles.hill2176@aurahealth.com,+1-703-734-2255,"Boston, MA",2024-10-21,Churned
CUST-02177,Karen Lopez,Starlight Enterprises,SaaS & Cloud Software,karen.lopez2177@starlightent.com,+1-589-680-1661,"Seattle, WA",2024-07-31,Inactive
CUST-02178,Sharon Robinson,Apex Technologies,SaaS & Cloud Software,sharon.robinson2178@apextechnolo.com,+1-878-467-5024,"New York, NY",2026-04-17,Active
CUST-02179,Edward Thompson,Velocity Innovations,Financial Services & FinTech,edward.thompson2179@velocityinno.com,+1-942-728-5506,"Seattle, WA",2026-04-04,Active
CUST-02180,Karen Sanchez,Beacon Health,Financial Services & FinTech,karen.sanchez2180@beaconhealth.com,+1-623-352-5414,"Chicago, IL",2026-04-08,Active
CUST-02181,Sandra Lee,Catalyst Logistics,SaaS & Cloud Software,sandra.lee2181@catalystlogi.com,+1-518-374-7149,"Seattle, WA",2024-04-13,At-Risk
CUST-02182,Jennifer Scott,Zenith Technologies,Media & Entertainment,jennifer.scott2182@zenithtechno.com,+1-617-412-4938,"New York, NY",2025-06-30,At-Risk
CUST-02183,Timothy Hill,Elevate Capital,Media & Entertainment,timothy.hill2183@elevatecapit.com,+1-564-217-9615,"London, UK",2023-05-21,Active
CUST-02184,Lisa Rodriguez,Vertex Technologies,Retail & E-Commerce,lisa.rodriguez2184@vertextechno.com,+1-326-601-5142,"New York, NY",2024-10-05,At-Risk
CUST-02185,Jessica Scott,Solstice Digital,SaaS & Cloud Software,jessica.scott2185@solsticedigi.com,+1-841-464-3907,"Boston, MA",2026-05-12,Active
CUST-02186,Jacob Young,Vanguard Capital,Manufacturing & Industrial,jacob.young2186@vanguardcapi.com,+1-936-392-9656,"Denver, CO",2023-05-30,Inactive
CUST-02187,David Sanchez,Omni Systems,Healthcare & Life Sciences,david.sanchez2187@omnisystems.com,+1-268-344-7554,"Berlin, Germany",2022-10-03,Inactive
CUST-02188,Emily Campbell,Synapse Capital,Retail & E-Commerce,emily.campbell2188@synapsecapit.com,+1-505-362-1339,"Denver, CO",2023-10-26,Churned
CUST-02189,Ashley Clark,Starlight Digital,Healthcare & Life Sciences,ashley.clark2189@starlightdig.com,+1-940-741-8059,"Seattle, WA",2025-09-02,Churned
CUST-02190,Betty Miller,Prism Labs,Retail & E-Commerce,betty.miller2190@prismlabs.com,+1-674-241-7392,"San Francisco, CA",2026-04-25,Active
CUST-02191,Emily Green,Beacon Dynamics,Professional Services & Consulting,emily.green2191@beacondynami.com,+1-976-497-1693,"Seattle, WA",2023-01-09,Inactive
CUST-02192,Lisa Sanchez,Vanguard Digital,Professional Services & Consulting,lisa.sanchez2192@vanguarddigi.com,+1-757-899-4063,"Seattle, WA",2022-10-13,Inactive
CUST-02193,Emily Gonzalez,CoreTech Technologies,Financial Services & FinTech,emily.gonzalez2193@coretechtech.com,+1-587-515-7736,"Atlanta, GA",2025-10-20,At-Risk
CUST-02194,Kimberly Parker,Prism Capital,SaaS & Cloud Software,kimberly.parker2194@prismcapital.com,+1-949-311-7035,"Chicago, IL",2025-09-11,At-Risk
CUST-02195,Donald Scott,Zenith Capital,Healthcare & Life Sciences,donald.scott2195@zenithcapita.com,+1-540-337-8629,"Boston, MA",2022-12-26,Active
CUST-02196,Linda Baker,Zenith Innovations,SaaS & Cloud Software,linda.baker2196@zenithinnova.com,+1-904-854-1942,"Boston, MA",2023-09-19,At-Risk
CUST-02197,Emily Thomas,Stratosphere Systems,Manufacturing & Industrial,emily.thomas2197@stratosphere.com,+1-399-738-5222,"Seattle, WA",2023-06-28,At-Risk
CUST-02198,Kenneth Rivera,Quantum Global,Manufacturing & Industrial,kenneth.rivera2198@quantumgloba.com,+1-305-292-2549,"Austin, TX",2024-06-13,Inactive
CUST-02199,Ryan King,Acro Digital,Financial Services & FinTech,ryan.king2199@acrodigital.com,+1-250-821-4254,"Toronto, Canada",2026-03-19,Active
CUST-02200,Donald Nguyen,Vertex Logistics,Manufacturing & Industrial,donald.nguyen2200@vertexlogist.com,+1-422-337-7635,"Atlanta, GA",2023-02-08,Inactive
CUST-02201,Michelle Anderson,Nexus Global,SaaS & Cloud Software,michelle.anderson2201@nexusglobal.com,+1-279-285-9272,"Sydney, Australia",2023-03-31,Inactive
CUST-02202,Amy Carter,Aegis Global,Financial Services & FinTech,amy.carter2202@aegisglobal.com,+1-713-616-9592,"Atlanta, GA",2024-12-05,Active
CUST-02203,Mary Smith,Synapse Systems,SaaS & Cloud Software,mary.smith2203@synapsesyste.com,+1-801-309-6481,"New York, NY",2024-10-05,Inactive
CUST-02204,Rebecca Davis,Horizon Dynamics,SaaS & Cloud Software,rebecca.davis2204@horizondynam.com,+1-905-586-6469,"Chicago, IL",2021-10-05,Active
CUST-02205,Jacob Green,Zenith Analytics,Retail & E-Commerce,jacob.green2205@zenithanalyt.com,+1-491-810-2961,"Sydney, Australia",2024-06-22,Churned
CUST-02206,Rebecca Smith,Elevate Logistics,Manufacturing & Industrial,rebecca.smith2206@elevatelogis.com,+1-577-824-6665,"Denver, CO",2024-12-11,Inactive
CUST-02207,Sarah Brown,Vertex Enterprises,Financial Services & FinTech,sarah.brown2207@vertexenterp.com,+1-739-854-5699,"San Francisco, CA",2026-05-11,At-Risk
CUST-02208,Susan Wright,Prism Systems,Manufacturing & Industrial,susan.wright2208@prismsystems.com,+1-743-688-6618,"Denver, CO",2023-06-20,Inactive
CUST-02209,Patricia Nguyen,Hyperion Labs,Telecommunications,patricia.nguyen2209@hyperionlabs.com,+1-375-361-4532,"Chicago, IL",2025-12-07,Active
CUST-02210,Charles Jones,Vanguard Analytics,Retail & E-Commerce,charles.jones2210@vanguardanal.com,+1-546-628-2257,"Seattle, WA",2024-04-02,Inactive
CUST-02211,Barbara Taylor,Nexus Digital,Retail & E-Commerce,barbara.taylor2211@nexusdigital.com,+1-733-748-7672,"Austin, TX",2025-08-09,Churned
CUST-02212,Jennifer Turner,Catalyst Logistics,SaaS & Cloud Software,jennifer.turner2212@catalystlogi.com,+1-444-704-7479,"Seattle, WA",2023-06-29,Churned
CUST-02213,Jason Ramirez,CoreTech Technologies,Financial Services & FinTech,jason.ramirez2213@coretechtech.com,+1-965-331-7988,"San Francisco, CA",2024-01-27,Active
CUST-02214,Robert Williams,Stratosphere Partners,SaaS & Cloud Software,robert.williams2214@stratosphere.com,+1-409-569-7399,"Toronto, Canada",2023-03-04,Inactive
CUST-02215,Ronald Hill,Vertex Partners,SaaS & Cloud Software,ronald.hill2215@vertexpartne.com,+1-358-666-2190,"Denver, CO",2024-10-26,Churned
CUST-02216,Michelle Mitchell,Stratosphere Solutions,Healthcare & Life Sciences,michelle.mitchell2216@stratosphere.com,+1-461-548-6829,"Chicago, IL",2025-12-16,At-Risk
CUST-02217,Michael Evans,Pinnacle Capital,Healthcare & Life Sciences,michael.evans2217@pinnaclecapi.com,+1-786-311-8952,"Denver, CO",2024-11-01,Churned
CUST-02218,Gary Ramirez,Starlight Capital,Healthcare & Life Sciences,gary.ramirez2218@starlightcap.com,+1-416-737-5321,"London, UK",2023-07-28,At-Risk
CUST-02219,Emily Mitchell,Nexus Solutions,Manufacturing & Industrial,emily.mitchell2219@nexussolutio.com,+1-768-205-9647,"Boston, MA",2024-09-14,Inactive
CUST-02220,Laura Roberts,Stratosphere Innovations,Retail & E-Commerce,laura.roberts2220@stratosphere.com,+1-689-883-9660,"Chicago, IL",2024-08-07,At-Risk
CUST-02221,Sarah Clark,Nexus Systems,Manufacturing & Industrial,sarah.clark2221@nexussystems.com,+1-584-829-3033,"Berlin, Germany",2025-05-21,Churned
CUST-02222,Michael Miller,Aura Innovations,Media & Entertainment,michael.miller2222@aurainnovati.com,+1-911-218-1778,"Sydney, Australia",2025-12-28,At-Risk
CUST-02223,Melissa Torres,Cognitive Digital,Financial Services & FinTech,melissa.torres2223@cognitivedig.com,+1-493-787-3978,"Boston, MA",2023-01-20,At-Risk
CUST-02224,Robert Rivera,Acro Enterprises,Healthcare & Life Sciences,robert.rivera2224@acroenterpri.com,+1-975-812-7893,"Denver, CO",2024-06-23,Inactive
CUST-02225,Edward Parker,Starlight Logistics,Retail & E-Commerce,edward.parker2225@starlightlog.com,+1-858-819-8474,"Toronto, Canada",2025-01-22,Active
CUST-02226,Barbara King,Prism Dynamics,Professional Services & Consulting,barbara.king2226@prismdynamic.com,+1-594-852-5066,"London, UK",2025-01-21,At-Risk
CUST-02227,Charles Perez,Cognitive Solutions,Retail & E-Commerce,charles.perez2227@cognitivesol.com,+1-713-517-4185,"New York, NY",2025-08-05,At-Risk
CUST-02228,Daniel Gonzalez,Quantum Dynamics,Manufacturing & Industrial,daniel.gonzalez2228@quantumdynam.com,+1-345-640-7622,"Boston, MA",2026-06-05,Active
CUST-02229,Linda Clark,Elevate Digital,SaaS & Cloud Software,linda.clark2229@elevatedigit.com,+1-685-358-7520,"Toronto, Canada",2023-07-24,At-Risk
CUST-02230,Jessica Robinson,Starlight Global,SaaS & Cloud Software,jessica.robinson2230@starlightglo.com,+1-653-378-4537,"Berlin, Germany",2024-11-21,Active
CUST-02231,Donna Scott,CoreTech Systems,Manufacturing & Industrial,donna.scott2231@coretechsyst.com,+1-887-878-6927,"Seattle, WA",2024-04-10,Churned
CUST-02232,Ashley King,Hyperion Logistics,SaaS & Cloud Software,ashley.king2232@hyperionlogi.com,+1-204-552-7676,"Boston, MA",2024-07-27,Inactive
CUST-02233,Jessica Martinez,Zenith Health,Telecommunications,jessica.martinez2233@zenithhealth.com,+1-231-762-3412,"Seattle, WA",2023-05-06,Inactive
CUST-02234,Stephanie Nguyen,Starlight Innovations,Healthcare & Life Sciences,stephanie.nguyen2234@starlightinn.com,+1-877-472-2531,"Denver, CO",2024-07-29,Inactive
CUST-02235,Edward Torres,Beacon Innovations,Telecommunications,edward.torres2235@beaconinnova.com,+1-275-421-1244,"Berlin, Germany",2026-02-16,Active
CUST-02236,Kathleen Phillips,Pinnacle Solutions,Healthcare & Life Sciences,kathleen.phillips2236@pinnaclesolu.com,+1-742-521-6518,"Chicago, IL",2026-04-29,Active
CUST-02237,Jessica Taylor,Stratosphere Labs,Retail & E-Commerce,jessica.taylor2237@stratosphere.com,+1-755-352-4942,"Denver, CO",2024-06-24,Inactive
CUST-02238,Donna Diaz,Solstice Enterprises,SaaS & Cloud Software,donna.diaz2238@solsticeente.com,+1-369-689-4665,"New York, NY",2025-01-29,Active
CUST-02239,James Smith,Aura Partners,Telecommunications,james.smith2239@aurapartners.com,+1-601-598-2025,"London, UK",2023-12-23,At-Risk
CUST-02240,Linda Davis,Starlight Global,Manufacturing & Industrial,linda.davis2240@starlightglo.com,+1-284-884-4167,"San Francisco, CA",2024-02-27,Active
CUST-02241,Kevin Evans,Apex Technologies,Financial Services & FinTech,kevin.evans2241@apextechnolo.com,+1-741-257-5575,"Denver, CO",2024-09-13,Churned
CUST-02242,William Jackson,Velocity Health,Financial Services & FinTech,william.jackson2242@velocityheal.com,+1-530-255-8424,"Sydney, Australia",2022-06-20,Active
CUST-02243,Timothy Roberts,Synapse Partners,Manufacturing & Industrial,timothy.roberts2243@synapsepartn.com,+1-654-857-7736,"London, UK",2025-09-05,At-Risk
CUST-02244,Charles Brown,CoreTech Innovations,Manufacturing & Industrial,charles.brown2244@coretechinno.com,+1-487-476-1275,"Berlin, Germany",2023-05-21,Inactive
CUST-02245,Amy Lewis,Acro Health,Retail & E-Commerce,amy.lewis2245@acrohealth.com,+1-367-259-8356,"Denver, CO",2024-12-18,Inactive
CUST-02246,Sarah Campbell,Beacon Labs,Telecommunications,sarah.campbell2246@beaconlabs.com,+1-334-810-3247,"Berlin, Germany",2025-06-18,At-Risk
CUST-02247,Brian Johnson,Horizon Labs,Financial Services & FinTech,brian.johnson2247@horizonlabs.com,+1-704-840-8768,"Sydney, Australia",2024-08-19,Active
CUST-02248,Deborah Brown,Synapse Health,Financial Services & FinTech,deborah.brown2248@synapsehealt.com,+1-224-606-9584,"Boston, MA",2026-01-12,Churned
CUST-02249,Dorothy Jones,Stratosphere Systems,Manufacturing & Industrial,dorothy.jones2249@stratosphere.com,+1-438-291-3173,"Atlanta, GA",2026-07-01,Active
CUST-02250,Kenneth Thompson,Zenith Dynamics,Manufacturing & Industrial,kenneth.thompson2250@zenithdynami.com,+1-611-311-8654,"Seattle, WA",2022-03-15,At-Risk
CUST-02251,William Robinson,Apex Systems,Healthcare & Life Sciences,william.robinson2251@apexsystems.com,+1-305-280-3676,"Berlin, Germany",2023-10-29,Active
CUST-02252,James Harris,Quantum Systems,Telecommunications,james.harris2252@quantumsyste.com,+1-726-885-6206,"Chicago, IL",2024-03-30,Inactive
CUST-02253,Thomas Robinson,Meridian Capital,Professional Services & Consulting,thomas.robinson2253@meridiancapi.com,+1-325-394-4575,"Denver, CO",2025-08-25,Active
CUST-02254,Laura Jones,Aura Capital,Retail & E-Commerce,laura.jones2254@auracapital.com,+1-471-806-1805,"Boston, MA",2025-02-15,Churned
CUST-02255,Nancy Parker,Cognitive Innovations,SaaS & Cloud Software,nancy.parker2255@cognitiveinn.com,+1-606-501-9360,"Austin, TX",2025-02-08,Inactive
CUST-02256,Jennifer Evans,Quantum Global,Retail & E-Commerce,jennifer.evans2256@quantumgloba.com,+1-255-442-8401,"Boston, MA",2026-06-10,Active
CUST-02257,Anthony Baker,Omni Partners,Financial Services & FinTech,anthony.baker2257@omnipartners.com,+1-682-747-2774,"Denver, CO",2025-11-12,At-Risk
CUST-02258,Charles Robinson,CoreTech Labs,Media & Entertainment,charles.robinson2258@coretechlabs.com,+1-726-374-4058,"Berlin, Germany",2024-02-10,Inactive
CUST-02259,Elizabeth Smith,Synapse Logistics,Financial Services & FinTech,elizabeth.smith2259@synapselogis.com,+1-804-749-3988,"Atlanta, GA",2025-07-14,Active
CUST-02260,Susan Green,Stratosphere Enterprises,Telecommunications,susan.green2260@stratosphere.com,+1-787-759-6572,"Austin, TX",2022-09-01,Active
CUST-02261,Gary Gomez,CoreTech Logistics,Media & Entertainment,gary.gomez2261@coretechlogi.com,+1-977-636-4795,"Chicago, IL",2026-01-01,Churned
CUST-02262,Ashley Davis,Solstice Dynamics,Professional Services & Consulting,ashley.davis2262@solsticedyna.com,+1-230-546-4750,"Denver, CO",2025-06-22,Active
CUST-02263,Laura Mitchell,Apex Analytics,Telecommunications,laura.mitchell2263@apexanalytic.com,+1-898-321-8431,"Denver, CO",2024-05-22,Inactive
CUST-02264,Kathleen Hall,Nexus Global,Media & Entertainment,kathleen.hall2264@nexusglobal.com,+1-615-730-3400,"Chicago, IL",2025-10-22,Active
CUST-02265,Mary White,Starlight Technologies,Telecommunications,mary.white2265@starlighttec.com,+1-348-286-3800,"Toronto, Canada",2026-06-03,Active
CUST-02266,Lisa Anderson,Velocity Innovations,Professional Services & Consulting,lisa.anderson2266@velocityinno.com,+1-364-288-7444,"Berlin, Germany",2025-07-12,Active
CUST-02267,George Smith,Starlight Innovations,Media & Entertainment,george.smith2267@starlightinn.com,+1-904-471-7634,"San Francisco, CA",2026-05-06,Active
CUST-02268,Karen Campbell,Vertex Capital,Healthcare & Life Sciences,karen.campbell2268@vertexcapita.com,+1-785-342-6363,"San Francisco, CA",2023-09-06,Churned
CUST-02269,Ronald Robinson,Starlight Health,SaaS & Cloud Software,ronald.robinson2269@starlighthea.com,+1-805-747-5399,"Toronto, Canada",2023-11-12,At-Risk
CUST-02270,Donald Ramirez,Elevate Health,Retail & E-Commerce,donald.ramirez2270@elevatehealt.com,+1-217-362-3078,"Toronto, Canada",2026-03-19,Active
CUST-02271,John Diaz,Aegis Labs,SaaS & Cloud Software,john.diaz2271@aegislabs.com,+1-909-435-9884,"London, UK",2022-07-10,Active
CUST-02272,Sharon Campbell,Elevate Digital,Retail & E-Commerce,sharon.campbell2272@elevatedigit.com,+1-499-863-3129,"Toronto, Canada",2024-12-21,At-Risk
CUST-02273,Joshua Hill,Aegis Partners,Financial Services & FinTech,joshua.hill2273@aegispartner.com,+1-287-490-6681,"Berlin, Germany",2024-01-12,Active
CUST-02274,Laura Green,Horizon Capital,Media & Entertainment,laura.green2274@horizoncapit.com,+1-912-870-8231,"New York, NY",2025-07-19,At-Risk
CUST-02275,Barbara Thompson,Synapse Systems,Telecommunications,barbara.thompson2275@synapsesyste.com,+1-600-689-4211,"Atlanta, GA",2026-03-20,At-Risk
CUST-02276,Lisa Johnson,Elevate Analytics,Retail & E-Commerce,lisa.johnson2276@elevateanaly.com,+1-280-828-2040,"Denver, CO",2025-08-21,Active
CUST-02277,Cynthia Young,Elevate Capital,Media & Entertainment,cynthia.young2277@elevatecapit.com,+1-755-353-8151,"Denver, CO",2023-11-25,Churned
CUST-02278,Amy Rivera,Hyperion Partners,Healthcare & Life Sciences,amy.rivera2278@hyperionpart.com,+1-729-790-4213,"Seattle, WA",2026-06-09,Active
CUST-02279,Amy Mitchell,Nexus Labs,Professional Services & Consulting,amy.mitchell2279@nexuslabs.com,+1-737-200-7530,"Berlin, Germany",2026-01-25,Active
CUST-02280,Lisa Baker,Velocity Labs,Manufacturing & Industrial,lisa.baker2280@velocitylabs.com,+1-254-475-1489,"Seattle, WA",2024-03-20,Active
CUST-02281,George Carter,Beacon Global,Professional Services & Consulting,george.carter2281@beaconglobal.com,+1-668-782-1627,"Berlin, Germany",2023-04-23,Inactive
CUST-02282,Patricia Baker,Quantum Dynamics,Retail & E-Commerce,patricia.baker2282@quantumdynam.com,+1-381-550-7136,"Toronto, Canada",2025-01-18,Active
CUST-02283,Paul Taylor,Synapse Capital,Telecommunications,paul.taylor2283@synapsecapit.com,+1-808-603-4213,"Atlanta, GA",2024-07-01,Active
CUST-02284,Sarah Thompson,Elevate Enterprises,Healthcare & Life Sciences,sarah.thompson2284@elevateenter.com,+1-453-849-3180,"Berlin, Germany",2023-10-27,Active
CUST-02285,Paul Gomez,Beacon Partners,Manufacturing & Industrial,paul.gomez2285@beaconpartne.com,+1-760-786-2689,"Chicago, IL",2022-10-23,Active
CUST-02286,Carol Sanchez,Synapse Enterprises,Financial Services & FinTech,carol.sanchez2286@synapseenter.com,+1-897-535-4057,"Berlin, Germany",2025-07-19,Active
CUST-02287,Carol Campbell,Meridian Dynamics,Professional Services & Consulting,carol.campbell2287@meridiandyna.com,+1-372-789-3815,"Denver, CO",2022-10-01,Inactive
CUST-02288,Stephanie Nguyen,Vanguard Partners,Manufacturing & Industrial,stephanie.nguyen2288@vanguardpart.com,+1-743-822-7062,"Seattle, WA",2023-12-19,Active
CUST-02289,Susan Anderson,Solstice Solutions,Telecommunications,susan.anderson2289@solsticesolu.com,+1-575-226-9022,"Seattle, WA",2024-06-17,Inactive
CUST-02290,Dorothy Harris,Horizon Innovations,SaaS & Cloud Software,dorothy.harris2290@horizoninnov.com,+1-529-699-5707,"London, UK",2025-01-03,Active
CUST-02291,Dorothy Anderson,Apex Systems,Retail & E-Commerce,dorothy.anderson2291@apexsystems.com,+1-839-322-9393,"Berlin, Germany",2026-02-10,Active
CUST-02292,Elizabeth Turner,Quantum Analytics,Media & Entertainment,elizabeth.turner2292@quantumanaly.com,+1-249-403-9544,"Austin, TX",2025-05-09,At-Risk
CUST-02293,Kevin Nguyen,Vanguard Enterprises,SaaS & Cloud Software,kevin.nguyen2293@vanguardente.com,+1-573-415-7463,"San Francisco, CA",2023-02-27,Inactive
CUST-02294,Donna Garcia,Aegis Enterprises,Media & Entertainment,donna.garcia2294@aegisenterpr.com,+1-535-535-4314,"San Francisco, CA",2025-11-13,At-Risk
CUST-02295,Susan Wilson,CoreTech Dynamics,Professional Services & Consulting,susan.wilson2295@coretechdyna.com,+1-420-629-8796,"London, UK",2025-02-08,Active
CUST-02296,Richard Thomas,Pinnacle Analytics,Professional Services & Consulting,richard.thomas2296@pinnacleanal.com,+1-217-835-5354,"New York, NY",2022-11-18,Active
CUST-02297,Karen Hall,Velocity Labs,Financial Services & FinTech,karen.hall2297@velocitylabs.com,+1-989-289-1576,"Boston, MA",2022-10-23,Inactive
CUST-02298,Amanda Lopez,Acro Global,Financial Services & FinTech,amanda.lopez2298@acroglobal.com,+1-806-736-8747,"Sydney, Australia",2023-12-30,Active
CUST-02299,Linda Hill,CoreTech Partners,Healthcare & Life Sciences,linda.hill2299@coretechpart.com,+1-207-478-6914,"Atlanta, GA",2023-12-01,Active
CUST-02300,Thomas Thomas,Solstice Capital,Professional Services & Consulting,thomas.thomas2300@solsticecapi.com,+1-367-340-6421,"Denver, CO",2025-10-13,Active
CUST-02301,Jason Clark,Nexus Innovations,Telecommunications,jason.clark2301@nexusinnovat.com,+1-752-652-5579,"Atlanta, GA",2023-10-23,Churned
CUST-02302,Joshua Parker,Synapse Dynamics,Media & Entertainment,joshua.parker2302@synapsedynam.com,+1-546-722-6526,"Sydney, Australia",2026-03-19,Active
CUST-02303,Kimberly Wright,Velocity Innovations,Telecommunications,kimberly.wright2303@velocityinno.com,+1-525-828-5719,"Seattle, WA",2025-06-21,Active
CUST-02304,Daniel Allen,Hyperion Enterprises,Financial Services & FinTech,daniel.allen2304@hyperionente.com,+1-910-638-6444,"San Francisco, CA",2024-10-20,At-Risk
CUST-02305,Patricia Rodriguez,Apex Technologies,SaaS & Cloud Software,patricia.rodriguez2305@apextechnolo.com,+1-515-581-4761,"Austin, TX",2025-04-02,Inactive
CUST-02306,Sandra Jones,Vanguard Dynamics,Financial Services & FinTech,sandra.jones2306@vanguarddyna.com,+1-525-270-4413,"Seattle, WA",2024-06-02,Active
CUST-02307,James Lee,Aegis Analytics,SaaS & Cloud Software,james.lee2307@aegisanalyti.com,+1-409-848-7974,"Toronto, Canada",2025-04-18,Active
CUST-02308,Lisa Baker,Quantum Enterprises,Retail & E-Commerce,lisa.baker2308@quantumenter.com,+1-733-737-7276,"Boston, MA",2025-06-29,At-Risk
CUST-02309,Deborah Nguyen,Elevate Digital,Media & Entertainment,deborah.nguyen2309@elevatedigit.com,+1-712-427-7931,"Austin, TX",2025-06-13,Active
CUST-02310,Laura Green,Acro Digital,Retail & E-Commerce,laura.green2310@acrodigital.com,+1-624-353-1104,"Berlin, Germany",2024-02-19,Inactive
CUST-02311,Thomas White,Solstice Digital,Healthcare & Life Sciences,thomas.white2311@solsticedigi.com,+1-495-414-2140,"Seattle, WA",2026-02-19,Active
CUST-02312,Betty Phillips,Synapse Digital,Financial Services & FinTech,betty.phillips2312@synapsedigit.com,+1-337-394-2030,"Sydney, Australia",2024-09-16,Inactive
CUST-02313,Thomas Gonzalez,Elevate Dynamics,SaaS & Cloud Software,thomas.gonzalez2313@elevatedynam.com,+1-513-839-2517,"Berlin, Germany",2025-01-29,At-Risk
CUST-02314,Linda Harris,CoreTech Technologies,Financial Services & FinTech,linda.harris2314@coretechtech.com,+1-451-625-5299,"Toronto, Canada",2025-04-24,Churned
CUST-02315,Gary Hernandez,Stratosphere Digital,Media & Entertainment,gary.hernandez2315@stratosphere.com,+1-225-745-3704,"Seattle, WA",2023-10-03,Inactive
CUST-02316,Jacob Sanchez,Solstice Digital,Financial Services & FinTech,jacob.sanchez2316@solsticedigi.com,+1-667-381-3960,"Berlin, Germany",2022-01-12,Active
CUST-02317,Brian Walker,Acro Innovations,Retail & E-Commerce,brian.walker2317@acroinnovati.com,+1-572-775-5352,"Sydney, Australia",2025-06-01,At-Risk
CUST-02318,Kathleen Rodriguez,Beacon Dynamics,SaaS & Cloud Software,kathleen.rodriguez2318@beacondynami.com,+1-346-833-2478,"Seattle, WA",2023-08-11,Inactive
CUST-02319,Ryan Harris,Aura Capital,Manufacturing & Industrial,ryan.harris2319@auracapital.com,+1-305-601-1869,"Sydney, Australia",2023-12-15,At-Risk
CUST-02320,Lisa Rivera,Acro Solutions,Media & Entertainment,lisa.rivera2320@acrosolution.com,+1-265-668-4523,"Austin, TX",2023-07-29,Inactive
CUST-02321,Margaret Lewis,Zenith Digital,Manufacturing & Industrial,margaret.lewis2321@zenithdigita.com,+1-872-796-4049,"London, UK",2025-02-06,Inactive
CUST-02322,Patricia Lee,Synapse Dynamics,Healthcare & Life Sciences,patricia.lee2322@synapsedynam.com,+1-781-829-4507,"London, UK",2024-09-30,Churned
CUST-02323,Timothy Hernandez,Quantum Digital,Telecommunications,timothy.hernandez2323@quantumdigit.com,+1-874-799-2234,"Seattle, WA",2025-12-09,At-Risk
CUST-02324,Joshua Thomas,Horizon Capital,Healthcare & Life Sciences,joshua.thomas2324@horizoncapit.com,+1-371-532-6958,"Chicago, IL",2024-09-23,Inactive
CUST-02325,Ashley Gomez,Cognitive Partners,Manufacturing & Industrial,ashley.gomez2325@cognitivepar.com,+1-770-515-5370,"Seattle, WA",2025-11-05,Churned
CUST-02326,Rebecca Davis,Meridian Digital,Media & Entertainment,rebecca.davis2326@meridiandigi.com,+1-962-704-4585,"Sydney, Australia",2022-12-17,Inactive
CUST-02327,Christopher Phillips,Beacon Enterprises,Manufacturing & Industrial,christopher.phillips2327@beaconenterp.com,+1-785-540-5276,"New York, NY",2024-01-17,Churned
CUST-02328,Steven Torres,Starlight Analytics,Financial Services & FinTech,steven.torres2328@starlightana.com,+1-658-818-8189,"Austin, TX",2022-07-28,Inactive
CUST-02329,James Lopez,Cognitive Dynamics,Media & Entertainment,james.lopez2329@cognitivedyn.com,+1-366-256-6424,"San Francisco, CA",2026-05-30,Active
CUST-02330,Ashley Nelson,Elevate Analytics,Media & Entertainment,ashley.nelson2330@elevateanaly.com,+1-316-419-9033,"Sydney, Australia",2022-04-08,At-Risk
CUST-02331,Michelle Rodriguez,Cognitive Capital,Manufacturing & Industrial,michelle.rodriguez2331@cognitivecap.com,+1-353-228-2614,"Austin, TX",2022-08-21,At-Risk
CUST-02332,Sarah Gomez,Catalyst Global,SaaS & Cloud Software,sarah.gomez2332@catalystglob.com,+1-393-377-1616,"Toronto, Canada",2023-05-16,Active
CUST-02333,Jennifer Taylor,Starlight Capital,Media & Entertainment,jennifer.taylor2333@starlightcap.com,+1-903-676-9497,"London, UK",2026-06-13,Active
CUST-02334,Jeffrey Thompson,Aura Systems,Professional Services & Consulting,jeffrey.thompson2334@aurasystems.com,+1-727-565-4025,"Berlin, Germany",2025-08-30,Active
CUST-02335,Donald Green,Horizon Global,SaaS & Cloud Software,donald.green2335@horizongloba.com,+1-407-217-5556,"New York, NY",2022-08-07,At-Risk
CUST-02336,Joshua Thomas,Beacon Logistics,Financial Services & FinTech,joshua.thomas2336@beaconlogist.com,+1-788-528-2793,"London, UK",2023-09-06,At-Risk
CUST-02337,Ryan Jones,Catalyst Partners,Healthcare & Life Sciences,ryan.jones2337@catalystpart.com,+1-946-784-2533,"Chicago, IL",2022-09-10,Inactive
CUST-02338,Robert Roberts,Hyperion Logistics,Healthcare & Life Sciences,robert.roberts2338@hyperionlogi.com,+1-801-556-1393,"Sydney, Australia",2025-07-06,At-Risk
CUST-02339,Barbara Martin,Stratosphere Analytics,Retail & E-Commerce,barbara.martin2339@stratosphere.com,+1-953-723-4159,"Berlin, Germany",2023-12-02,At-Risk
CUST-02340,Linda Flores,Stratosphere Technologies,Telecommunications,linda.flores2340@stratosphere.com,+1-285-415-9189,"Atlanta, GA",2025-10-04,At-Risk
CUST-02341,Barbara Hill,Quantum Dynamics,Telecommunications,barbara.hill2341@quantumdynam.com,+1-849-354-3486,"New York, NY",2023-10-20,Churned
CUST-02342,Joseph Wilson,Synapse Solutions,Media & Entertainment,joseph.wilson2342@synapsesolut.com,+1-678-876-3287,"Denver, CO",2024-03-12,Active
CUST-02343,Michael Davis,Elevate Labs,Financial Services & FinTech,michael.davis2343@elevatelabs.com,+1-316-591-7597,"San Francisco, CA",2025-01-07,At-Risk
CUST-02344,Susan Rodriguez,Synapse Technologies,Financial Services & FinTech,susan.rodriguez2344@synapsetechn.com,+1-939-232-8315,"London, UK",2025-10-12,At-Risk
CUST-02345,Sarah Campbell,Aegis Logistics,Media & Entertainment,sarah.campbell2345@aegislogisti.com,+1-403-837-4507,"Chicago, IL",2026-01-16,Inactive
CUST-02346,John Jackson,Cognitive Systems,Telecommunications,john.jackson2346@cognitivesys.com,+1-546-413-9784,"Denver, CO",2025-10-20,Active
CUST-02347,Mary Nelson,Synapse Analytics,Retail & E-Commerce,mary.nelson2347@synapseanaly.com,+1-307-353-5621,"Toronto, Canada",2026-02-19,Active
CUST-02348,Daniel Miller,Vertex Enterprises,SaaS & Cloud Software,daniel.miller2348@vertexenterp.com,+1-900-604-9598,"Toronto, Canada",2026-06-03,Active
CUST-02349,Sarah Perez,Apex Health,Professional Services & Consulting,sarah.perez2349@apexhealth.com,+1-354-810-5697,"Austin, TX",2025-12-15,At-Risk
CUST-02350,Edward Rodriguez,Apex Partners,Manufacturing & Industrial,edward.rodriguez2350@apexpartners.com,+1-576-558-7234,"Sydney, Australia",2024-09-19,Active
CUST-02351,David Phillips,CoreTech Digital,SaaS & Cloud Software,david.phillips2351@coretechdigi.com,+1-933-882-6656,"Chicago, IL",2026-06-08,Active
CUST-02352,Thomas Roberts,Zenith Health,Media & Entertainment,thomas.roberts2352@zenithhealth.com,+1-300-434-8433,"New York, NY",2025-04-01,Inactive
CUST-02353,Jessica Martinez,Omni Systems,Telecommunications,jessica.martinez2353@omnisystems.com,+1-763-534-9841,"Seattle, WA",2025-11-02,At-Risk
CUST-02354,George Harris,Prism Labs,Healthcare & Life Sciences,george.harris2354@prismlabs.com,+1-228-465-2227,"Chicago, IL",2025-05-04,Inactive
CUST-02355,Karen Johnson,Hyperion Analytics,SaaS & Cloud Software,karen.johnson2355@hyperionanal.com,+1-327-570-3653,"Denver, CO",2023-09-12,Churned
CUST-02356,Kathleen Anderson,Horizon Analytics,Retail & E-Commerce,kathleen.anderson2356@horizonanaly.com,+1-371-813-2007,"New York, NY",2022-11-27,Active
CUST-02357,Jeffrey Campbell,CoreTech Solutions,Telecommunications,jeffrey.campbell2357@coretechsolu.com,+1-805-222-7755,"Denver, CO",2026-03-15,At-Risk
CUST-02358,Sandra Rodriguez,Hyperion Partners,Retail & E-Commerce,sandra.rodriguez2358@hyperionpart.com,+1-866-309-6609,"Toronto, Canada",2024-02-04,Active
CUST-02359,Kenneth Taylor,Synapse Partners,SaaS & Cloud Software,kenneth.taylor2359@synapsepartn.com,+1-919-492-1530,"Chicago, IL",2025-06-29,Inactive
CUST-02360,Ashley Brown,Quantum Technologies,Professional Services & Consulting,ashley.brown2360@quantumtechn.com,+1-709-777-8396,"Denver, CO",2023-10-11,Active
CUST-02361,Melissa Ramirez,Prism Health,Financial Services & FinTech,melissa.ramirez2361@prismhealth.com,+1-654-804-6702,"Seattle, WA",2024-02-22,Active
CUST-02362,Melissa Jackson,Pinnacle Partners,Healthcare & Life Sciences,melissa.jackson2362@pinnaclepart.com,+1-458-691-2743,"Chicago, IL",2025-02-21,Active
CUST-02363,Sarah Turner,Omni Analytics,Telecommunications,sarah.turner2363@omnianalytic.com,+1-314-245-1973,"New York, NY",2024-06-25,At-Risk
CUST-02364,Jessica Phillips,Solstice Solutions,SaaS & Cloud Software,jessica.phillips2364@solsticesolu.com,+1-228-622-4765,"Chicago, IL",2023-08-19,At-Risk
CUST-02365,Richard Lewis,Beacon Enterprises,Financial Services & FinTech,richard.lewis2365@beaconenterp.com,+1-366-633-9458,"Atlanta, GA",2025-06-09,Inactive
CUST-02366,Jennifer Wright,Apex Capital,Financial Services & FinTech,jennifer.wright2366@apexcapital.com,+1-887-575-8336,"Sydney, Australia",2024-01-03,Active
CUST-02367,Susan Martinez,Cognitive Technologies,Financial Services & FinTech,susan.martinez2367@cognitivetec.com,+1-922-262-8593,"Seattle, WA",2024-08-24,At-Risk
CUST-02368,William Gonzalez,Solstice Technologies,Telecommunications,william.gonzalez2368@solsticetech.com,+1-305-452-1882,"Atlanta, GA",2026-06-15,Active
CUST-02369,Cynthia Rivera,Vanguard Innovations,Financial Services & FinTech,cynthia.rivera2369@vanguardinno.com,+1-495-569-9694,"New York, NY",2026-01-28,Active
CUST-02370,Kimberly Young,Prism Systems,Telecommunications,kimberly.young2370@prismsystems.com,+1-317-401-1406,"Austin, TX",2024-11-26,Churned
CUST-02371,Robert Torres,Pinnacle Dynamics,Professional Services & Consulting,robert.torres2371@pinnacledyna.com,+1-741-892-6821,"Toronto, Canada",2025-09-27,At-Risk
CUST-02372,Laura Ramirez,Zenith Global,Retail & E-Commerce,laura.ramirez2372@zenithglobal.com,+1-231-409-2974,"Atlanta, GA",2025-09-16,Churned
CUST-02373,James Perez,Stratosphere Logistics,Manufacturing & Industrial,james.perez2373@stratosphere.com,+1-613-360-8200,"London, UK",2026-01-03,Active
CUST-02374,Steven Turner,Pinnacle Global,Telecommunications,steven.turner2374@pinnacleglob.com,+1-281-561-2049,"Austin, TX",2023-05-02,Inactive
CUST-02375,Donald Turner,Hyperion Digital,Media & Entertainment,donald.turner2375@hyperiondigi.com,+1-233-258-5358,"New York, NY",2025-11-10,Active
CUST-02376,Stephanie Clark,Pinnacle Solutions,Retail & E-Commerce,stephanie.clark2376@pinnaclesolu.com,+1-842-803-1408,"Seattle, WA",2024-07-19,Active
CUST-02377,David Gomez,Quantum Technologies,Media & Entertainment,david.gomez2377@quantumtechn.com,+1-698-882-8657,"London, UK",2025-01-26,Inactive
CUST-02378,Jessica Taylor,Nexus Technologies,Retail & E-Commerce,jessica.taylor2378@nexustechnol.com,+1-442-756-2113,"London, UK",2025-01-07,Churned
CUST-02379,Paul Torres,Apex Innovations,Manufacturing & Industrial,paul.torres2379@apexinnovati.com,+1-925-267-6188,"Berlin, Germany",2024-07-28,At-Risk
CUST-02380,Daniel Williams,Omni Health,SaaS & Cloud Software,daniel.williams2380@omnihealth.com,+1-505-862-9141,"London, UK",2024-04-19,Churned
CUST-02381,Ronald Gomez,Elevate Capital,Media & Entertainment,ronald.gomez2381@elevatecapit.com,+1-430-863-2066,"Berlin, Germany",2024-08-13,Churned
CUST-02382,Margaret Robinson,Cognitive Analytics,Financial Services & FinTech,margaret.robinson2382@cognitiveana.com,+1-592-817-5794,"Denver, CO",2025-09-22,Inactive
CUST-02383,Susan Clark,Beacon Solutions,Healthcare & Life Sciences,susan.clark2383@beaconsoluti.com,+1-697-493-1804,"Chicago, IL",2026-03-01,At-Risk
CUST-02384,Gary Walker,Cognitive Enterprises,Manufacturing & Industrial,gary.walker2384@cognitiveent.com,+1-379-530-8158,"Chicago, IL",2025-02-11,At-Risk
CUST-02385,Lisa Wilson,CoreTech Digital,Retail & E-Commerce,lisa.wilson2385@coretechdigi.com,+1-783-316-8308,"London, UK",2025-11-26,At-Risk
CUST-02386,Mary Jones,Zenith Partners,Retail & E-Commerce,mary.jones2386@zenithpartne.com,+1-642-876-3286,"Austin, TX",2025-11-25,At-Risk
CUST-02387,Patricia Wilson,Acro Technologies,Media & Entertainment,patricia.wilson2387@acrotechnolo.com,+1-376-308-2458,"Toronto, Canada",2024-05-09,Active
CUST-02388,Timothy Brown,Synapse Logistics,SaaS & Cloud Software,timothy.brown2388@synapselogis.com,+1-877-842-5251,"Berlin, Germany",2026-02-26,Active
CUST-02389,Richard Diaz,Horizon Labs,Financial Services & FinTech,richard.diaz2389@horizonlabs.com,+1-579-829-9404,"Chicago, IL",2024-06-19,Churned
CUST-02390,Laura Martinez,Quantum Solutions,Media & Entertainment,laura.martinez2390@quantumsolut.com,+1-949-750-9251,"New York, NY",2026-05-10,Active
CUST-02391,Emily Nelson,Solstice Technologies,Financial Services & FinTech,emily.nelson2391@solsticetech.com,+1-609-466-5982,"Toronto, Canada",2025-01-10,Inactive
CUST-02392,Sarah Hernandez,Starlight Solutions,Media & Entertainment,sarah.hernandez2392@starlightsol.com,+1-735-725-4819,"Seattle, WA",2024-09-22,Active
CUST-02393,Jeffrey Allen,Catalyst Analytics,SaaS & Cloud Software,jeffrey.allen2393@catalystanal.com,+1-377-263-1420,"Toronto, Canada",2023-01-16,Inactive
CUST-02394,Dorothy Wright,Nexus Global,Media & Entertainment,dorothy.wright2394@nexusglobal.com,+1-685-882-2535,"Seattle, WA",2023-02-23,Inactive
CUST-02395,Lisa Turner,Stratosphere Global,Financial Services & FinTech,lisa.turner2395@stratosphere.com,+1-810-612-2499,"Boston, MA",2024-05-31,Inactive
CUST-02396,William Hernandez,Solstice Analytics,Retail & E-Commerce,william.hernandez2396@solsticeanal.com,+1-815-886-7938,"Austin, TX",2025-09-18,At-Risk
CUST-02397,Karen Robinson,CoreTech Labs,Telecommunications,karen.robinson2397@coretechlabs.com,+1-887-688-1819,"London, UK",2025-01-11,Active
CUST-02398,Paul Williams,Cognitive Innovations,Manufacturing & Industrial,paul.williams2398@cognitiveinn.com,+1-321-464-2448,"Sydney, Australia",2022-01-01,At-Risk
CUST-02399,Jason Davis,Catalyst Global,SaaS & Cloud Software,jason.davis2399@catalystglob.com,+1-766-857-5065,"Atlanta, GA",2026-05-16,Active
CUST-02400,Daniel Young,Prism Logistics,Manufacturing & Industrial,daniel.young2400@prismlogisti.com,+1-941-586-6800,"Seattle, WA",2025-06-22,At-Risk
CUST-02401,Susan Roberts,Acro Health,Telecommunications,susan.roberts2401@acrohealth.com,+1-500-855-1740,"Austin, TX",2025-08-11,At-Risk
CUST-02402,Rebecca Hall,Velocity Enterprises,Telecommunications,rebecca.hall2402@velocityente.com,+1-760-454-5338,"Denver, CO",2021-10-11,Active
CUST-02403,Jason Johnson,Omni Analytics,Retail & E-Commerce,jason.johnson2403@omnianalytic.com,+1-267-654-1190,"Austin, TX",2026-01-28,At-Risk
CUST-02404,Karen Scott,Aegis Solutions,Telecommunications,karen.scott2404@aegissolutio.com,+1-364-564-4983,"Austin, TX",2023-09-13,Active
CUST-02405,Timothy Moore,Horizon Capital,Healthcare & Life Sciences,timothy.moore2405@horizoncapit.com,+1-715-787-4637,"New York, NY",2026-06-26,Active
CUST-02406,Paul Wright,Beacon Capital,Manufacturing & Industrial,paul.wright2406@beaconcapita.com,+1-243-646-3252,"London, UK",2026-06-02,Active
CUST-02407,Dorothy Sanchez,Meridian Dynamics,Media & Entertainment,dorothy.sanchez2407@meridiandyna.com,+1-790-269-7961,"London, UK",2025-02-21,At-Risk
CUST-02408,Robert Flores,Vertex Solutions,Retail & E-Commerce,robert.flores2408@vertexsoluti.com,+1-420-315-5067,"San Francisco, CA",2025-09-08,Inactive
CUST-02409,Amanda Nelson,Starlight Health,Healthcare & Life Sciences,amanda.nelson2409@starlighthea.com,+1-932-617-2768,"Chicago, IL",2026-04-04,At-Risk
CUST-02410,Sandra Wilson,Meridian Digital,Telecommunications,sandra.wilson2410@meridiandigi.com,+1-550-391-5073,"New York, NY",2024-03-29,Inactive
CUST-02411,Jennifer Taylor,Aegis Capital,Financial Services & FinTech,jennifer.taylor2411@aegiscapital.com,+1-541-222-3712,"Denver, CO",2026-02-05,Active
CUST-02412,George Moore,Starlight Enterprises,Media & Entertainment,george.moore2412@starlightent.com,+1-469-327-2595,"Austin, TX",2023-11-21,At-Risk
CUST-02413,Jason Lee,Velocity Technologies,Manufacturing & Industrial,jason.lee2413@velocitytech.com,+1-497-480-1462,"Sydney, Australia",2024-04-16,At-Risk
CUST-02414,Rebecca Sanchez,Vertex Analytics,Media & Entertainment,rebecca.sanchez2414@vertexanalyt.com,+1-267-728-3077,"Sydney, Australia",2025-04-26,Active
CUST-02415,Dorothy Hill,Horizon Health,SaaS & Cloud Software,dorothy.hill2415@horizonhealt.com,+1-755-202-7565,"Toronto, Canada",2025-06-12,At-Risk
CUST-02416,Cynthia Turner,Horizon Dynamics,Financial Services & FinTech,cynthia.turner2416@horizondynam.com,+1-282-653-5437,"Boston, MA",2022-09-13,Inactive
CUST-02417,Timothy King,Quantum Labs,Manufacturing & Industrial,timothy.king2417@quantumlabs.com,+1-838-389-7463,"Seattle, WA",2024-01-31,At-Risk
CUST-02418,Edward Taylor,Horizon Global,Manufacturing & Industrial,edward.taylor2418@horizongloba.com,+1-796-605-8214,"Sydney, Australia",2025-04-08,At-Risk
CUST-02419,Donna Allen,Beacon Health,Retail & E-Commerce,donna.allen2419@beaconhealth.com,+1-293-535-6575,"Sydney, Australia",2024-01-11,Active
CUST-02420,Dorothy Lee,Aura Technologies,Financial Services & FinTech,dorothy.lee2420@auratechnolo.com,+1-829-338-3958,"San Francisco, CA",2024-08-03,Inactive
CUST-02421,Linda Diaz,Aura Labs,Media & Entertainment,linda.diaz2421@auralabs.com,+1-453-590-1728,"Seattle, WA",2025-03-30,Active
CUST-02422,Brian Davis,Vertex Analytics,Financial Services & FinTech,brian.davis2422@vertexanalyt.com,+1-900-263-4720,"Denver, CO",2025-02-06,Active
CUST-02423,Ronald Wilson,Pinnacle Innovations,Manufacturing & Industrial,ronald.wilson2423@pinnacleinno.com,+1-927-863-3060,"Denver, CO",2025-09-13,Churned
CUST-02424,Richard Allen,Cognitive Enterprises,Professional Services & Consulting,richard.allen2424@cognitiveent.com,+1-814-257-7209,"Seattle, WA",2025-08-29,At-Risk
CUST-02425,Gary Smith,Nexus Technologies,Retail & E-Commerce,gary.smith2425@nexustechnol.com,+1-506-743-5099,"Austin, TX",2024-03-10,Inactive
CUST-02426,Daniel Brown,Prism Global,Telecommunications,daniel.brown2426@prismglobal.com,+1-481-770-8125,"Berlin, Germany",2025-01-06,Inactive
CUST-02427,Sharon Young,Pinnacle Technologies,Professional Services & Consulting,sharon.young2427@pinnacletech.com,+1-469-365-1235,"Denver, CO",2023-04-28,Active
CUST-02428,Donna Lee,Pinnacle Partners,Professional Services & Consulting,donna.lee2428@pinnaclepart.com,+1-975-653-6569,"Atlanta, GA",2024-08-31,Inactive
CUST-02429,Patricia Torres,Acro Labs,Retail & E-Commerce,patricia.torres2429@acrolabs.com,+1-427-396-9297,"Seattle, WA",2024-04-23,Inactive
CUST-02430,Patricia Ramirez,Hyperion Systems,Professional Services & Consulting,patricia.ramirez2430@hyperionsyst.com,+1-615-590-3143,"Boston, MA",2024-05-25,Inactive
CUST-02431,Lisa Roberts,Pinnacle Innovations,Retail & E-Commerce,lisa.roberts2431@pinnacleinno.com,+1-312-606-6472,"New York, NY",2026-02-26,Active
CUST-02432,Brian Anderson,Nexus Technologies,Telecommunications,brian.anderson2432@nexustechnol.com,+1-392-321-3865,"Austin, TX",2024-09-29,Churned
CUST-02433,Karen Jackson,Synapse Labs,Media & Entertainment,karen.jackson2433@synapselabs.com,+1-690-872-8765,"Denver, CO",2023-12-15,Inactive
CUST-02434,Donna Sanchez,Hyperion Labs,Professional Services & Consulting,donna.sanchez2434@hyperionlabs.com,+1-269-599-1454,"London, UK",2025-01-28,At-Risk
CUST-02435,Susan Garcia,Synapse Enterprises,Financial Services & FinTech,susan.garcia2435@synapseenter.com,+1-582-715-5115,"San Francisco, CA",2024-06-20,Inactive
CUST-02436,Deborah Brown,Apex Labs,SaaS & Cloud Software,deborah.brown2436@apexlabs.com,+1-686-802-9458,"San Francisco, CA",2025-04-14,Inactive
CUST-02437,Ronald Walker,Zenith Analytics,Healthcare & Life Sciences,ronald.walker2437@zenithanalyt.com,+1-282-377-6871,"Chicago, IL",2026-05-06,Active
CUST-02438,Jeffrey Gomez,Apex Labs,Retail & E-Commerce,jeffrey.gomez2438@apexlabs.com,+1-339-618-5310,"Atlanta, GA",2025-12-24,Active
CUST-02439,Nancy Green,Pinnacle Solutions,Healthcare & Life Sciences,nancy.green2439@pinnaclesolu.com,+1-314-368-1876,"Sydney, Australia",2026-05-04,Active
CUST-02440,Anthony King,Omni Systems,Media & Entertainment,anthony.king2440@omnisystems.com,+1-434-640-6664,"Seattle, WA",2025-07-04,Active
CUST-02441,Deborah Parker,Starlight Capital,SaaS & Cloud Software,deborah.parker2441@starlightcap.com,+1-768-558-3765,"Atlanta, GA",2026-04-24,Active
CUST-02442,Melissa Taylor,Solstice Dynamics,Retail & E-Commerce,melissa.taylor2442@solsticedyna.com,+1-327-887-4810,"Austin, TX",2025-08-12,At-Risk
CUST-02443,Michelle Taylor,Catalyst Labs,Retail & E-Commerce,michelle.taylor2443@catalystlabs.com,+1-233-892-8032,"New York, NY",2023-08-22,Churned
CUST-02444,Steven Martin,Velocity Innovations,Retail & E-Commerce,steven.martin2444@velocityinno.com,+1-679-546-3386,"Berlin, Germany",2024-11-05,Churned
CUST-02445,Margaret Diaz,Vertex Solutions,Healthcare & Life Sciences,margaret.diaz2445@vertexsoluti.com,+1-358-658-5677,"Chicago, IL",2023-01-06,Inactive
CUST-02446,Gary Baker,Elevate Digital,Financial Services & FinTech,gary.baker2446@elevatedigit.com,+1-649-607-4379,"Atlanta, GA",2024-12-18,Active
CUST-02447,Ashley Nelson,Prism Logistics,Healthcare & Life Sciences,ashley.nelson2447@prismlogisti.com,+1-374-231-4139,"Atlanta, GA",2026-03-14,At-Risk
CUST-02448,Edward Baker,Synapse Partners,Financial Services & FinTech,edward.baker2448@synapsepartn.com,+1-563-212-9894,"Atlanta, GA",2023-04-28,Active
CUST-02449,Linda Phillips,Vertex Health,Telecommunications,linda.phillips2449@vertexhealth.com,+1-243-461-6389,"Chicago, IL",2025-10-25,Active
CUST-02450,Matthew Williams,Beacon Health,Manufacturing & Industrial,matthew.williams2450@beaconhealth.com,+1-937-758-9241,"Seattle, WA",2022-11-25,Active
CUST-02451,Charles Moore,Elevate Systems,Professional Services & Consulting,charles.moore2451@elevatesyste.com,+1-513-212-1585,"Chicago, IL",2023-02-04,At-Risk
CUST-02452,Susan Allen,Vertex Digital,Telecommunications,susan.allen2452@vertexdigita.com,+1-686-717-5695,"Atlanta, GA",2026-05-09,At-Risk
CUST-02453,David Turner,Pinnacle Innovations,Healthcare & Life Sciences,david.turner2453@pinnacleinno.com,+1-461-460-6889,"Boston, MA",2026-06-01,Active
CUST-02454,Dorothy Taylor,Pinnacle Technologies,Manufacturing & Industrial,dorothy.taylor2454@pinnacletech.com,+1-571-267-8784,"Toronto, Canada",2026-04-03,At-Risk
CUST-02455,Betty Lewis,Zenith Labs,Financial Services & FinTech,betty.lewis2455@zenithlabs.com,+1-858-866-6251,"New York, NY",2026-03-31,Active
CUST-02456,Donald Adams,Elevate Solutions,Healthcare & Life Sciences,donald.adams2456@elevatesolut.com,+1-668-714-9396,"Toronto, Canada",2022-12-13,At-Risk
CUST-02457,Steven Parker,Horizon Digital,Telecommunications,steven.parker2457@horizondigit.com,+1-782-793-7972,"London, UK",2023-12-26,At-Risk
CUST-02458,Karen Carter,Zenith Health,SaaS & Cloud Software,karen.carter2458@zenithhealth.com,+1-523-692-3176,"Boston, MA",2026-04-12,Active
CUST-02459,Kathleen Miller,Omni Partners,Media & Entertainment,kathleen.miller2459@omnipartners.com,+1-341-459-7174,"Berlin, Germany",2023-07-21,Inactive
CUST-02460,Sandra Williams,Vertex Partners,Telecommunications,sandra.williams2460@vertexpartne.com,+1-459-379-5387,"Sydney, Australia",2023-08-03,At-Risk
CUST-02461,Thomas Wilson,Horizon Logistics,Manufacturing & Industrial,thomas.wilson2461@horizonlogis.com,+1-661-366-9543,"London, UK",2026-06-03,Active
CUST-02462,Donald Thomas,Cognitive Labs,Financial Services & FinTech,donald.thomas2462@cognitivelab.com,+1-316-861-9191,"Austin, TX",2023-04-01,Inactive
CUST-02463,Patricia Sanchez,Synapse Health,Manufacturing & Industrial,patricia.sanchez2463@synapsehealt.com,+1-730-727-1808,"Austin, TX",2026-04-09,Active
CUST-02464,Betty Hernandez,Hyperion Solutions,SaaS & Cloud Software,betty.hernandez2464@hyperionsolu.com,+1-216-389-4768,"San Francisco, CA",2025-09-12,At-Risk
CUST-02465,Daniel Smith,Apex Solutions,Telecommunications,daniel.smith2465@apexsolution.com,+1-645-588-2877,"Atlanta, GA",2025-09-28,Active
CUST-02466,Jennifer Johnson,Solstice Partners,Media & Entertainment,jennifer.johnson2466@solsticepart.com,+1-596-324-1183,"Sydney, Australia",2022-09-25,Active
CUST-02467,William Evans,Prism Systems,Professional Services & Consulting,william.evans2467@prismsystems.com,+1-296-495-2011,"Denver, CO",2025-12-11,At-Risk
CUST-02468,Donald Scott,Prism Innovations,Manufacturing & Industrial,donald.scott2468@prisminnovat.com,+1-288-803-9361,"Berlin, Germany",2023-02-13,Active
CUST-02469,Michael Gomez,Meridian Enterprises,Telecommunications,michael.gomez2469@meridianente.com,+1-857-341-4194,"Toronto, Canada",2023-05-02,Inactive
CUST-02470,Kenneth Martin,Pinnacle Partners,Professional Services & Consulting,kenneth.martin2470@pinnaclepart.com,+1-301-235-1059,"Berlin, Germany",2025-10-14,Active
CUST-02471,Margaret Campbell,Starlight Technologies,Media & Entertainment,margaret.campbell2471@starlighttec.com,+1-387-203-7063,"Denver, CO",2026-04-16,Active
CUST-02472,Kimberly Perez,CoreTech Health,Telecommunications,kimberly.perez2472@coretechheal.com,+1-277-539-1320,"Atlanta, GA",2022-09-09,Inactive
CUST-02473,Jennifer Ramirez,Pinnacle Logistics,Telecommunications,jennifer.ramirez2473@pinnaclelogi.com,+1-476-294-2209,"Denver, CO",2022-08-26,Inactive
CUST-02474,Mary Adams,Beacon Innovations,Retail & E-Commerce,mary.adams2474@beaconinnova.com,+1-926-292-4683,"San Francisco, CA",2023-07-31,Churned
CUST-02475,Andrew Smith,Acro Capital,Professional Services & Consulting,andrew.smith2475@acrocapital.com,+1-609-828-5405,"San Francisco, CA",2026-03-01,Active
CUST-02476,Jacob Williams,Solstice Health,SaaS & Cloud Software,jacob.williams2476@solsticeheal.com,+1-776-399-8043,"Seattle, WA",2025-07-20,Inactive
CUST-02477,Rebecca Scott,Stratosphere Enterprises,Healthcare & Life Sciences,rebecca.scott2477@stratosphere.com,+1-748-781-7639,"Denver, CO",2023-12-09,Inactive
CUST-02478,Christopher Harris,Elevate Analytics,SaaS & Cloud Software,christopher.harris2478@elevateanaly.com,+1-440-752-8101,"Toronto, Canada",2023-10-02,Churned
CUST-02479,Jessica Walker,Solstice Logistics,Media & Entertainment,jessica.walker2479@solsticelogi.com,+1-275-572-1501,"London, UK",2023-09-15,Active
CUST-02480,Melissa Phillips,Cognitive Global,Healthcare & Life Sciences,melissa.phillips2480@cognitiveglo.com,+1-665-279-8446,"Seattle, WA",2026-01-03,Churned
CUST-02481,Edward Johnson,Zenith Health,Manufacturing & Industrial,edward.johnson2481@zenithhealth.com,+1-223-289-3174,"Austin, TX",2024-12-22,Active
CUST-02482,Sharon Hall,Starlight Innovations,Media & Entertainment,sharon.hall2482@starlightinn.com,+1-735-791-4060,"Berlin, Germany",2025-08-16,Inactive
CUST-02483,Edward Smith,Prism Solutions,SaaS & Cloud Software,edward.smith2483@prismsolutio.com,+1-578-342-2193,"London, UK",2026-02-27,Inactive
CUST-02484,Cynthia White,Aegis Capital,Professional Services & Consulting,cynthia.white2484@aegiscapital.com,+1-672-698-8486,"San Francisco, CA",2022-02-25,At-Risk
CUST-02485,Emily Rivera,Vertex Logistics,Healthcare & Life Sciences,emily.rivera2485@vertexlogist.com,+1-504-594-4029,"Atlanta, GA",2026-03-22,Active
CUST-02486,Elizabeth Miller,Horizon Logistics,Healthcare & Life Sciences,elizabeth.miller2486@horizonlogis.com,+1-295-823-7599,"Boston, MA",2024-05-07,Inactive
CUST-02487,Sarah Ramirez,Omni Dynamics,Healthcare & Life Sciences,sarah.ramirez2487@omnidynamics.com,+1-818-688-6476,"Austin, TX",2025-11-08,At-Risk
CUST-02488,Elizabeth Lewis,Nexus Labs,Retail & E-Commerce,elizabeth.lewis2488@nexuslabs.com,+1-949-575-5364,"Sydney, Australia",2023-01-06,Inactive
CUST-02489,Thomas Miller,Horizon Innovations,Retail & E-Commerce,thomas.miller2489@horizoninnov.com,+1-698-246-6225,"Seattle, WA",2025-08-07,Active
CUST-02490,Sharon Roberts,Solstice Dynamics,SaaS & Cloud Software,sharon.roberts2490@solsticedyna.com,+1-345-329-7015,"London, UK",2025-06-25,At-Risk
CUST-02491,Amy Turner,Apex Digital,SaaS & Cloud Software,amy.turner2491@apexdigital.com,+1-251-264-7542,"Sydney, Australia",2026-03-22,At-Risk
CUST-02492,Mark Rivera,Aegis Global,Retail & E-Commerce,mark.rivera2492@aegisglobal.com,+1-671-375-4461,"New York, NY",2025-09-23,Active
CUST-02493,Sarah Moore,Meridian Dynamics,Healthcare & Life Sciences,sarah.moore2493@meridiandyna.com,+1-826-535-5587,"Toronto, Canada",2023-11-17,Churned
CUST-02494,James Brown,Vertex Analytics,Healthcare & Life Sciences,james.brown2494@vertexanalyt.com,+1-906-468-8415,"Austin, TX",2025-07-07,At-Risk
CUST-02495,Donald Garcia,Hyperion Global,Financial Services & FinTech,donald.garcia2495@hyperionglob.com,+1-756-582-1102,"Denver, CO",2026-04-23,Active
CUST-02496,Kathleen Jones,Nexus Labs,Professional Services & Consulting,kathleen.jones2496@nexuslabs.com,+1-857-260-2498,"Toronto, Canada",2024-05-18,Inactive
CUST-02497,Joseph Torres,Catalyst Technologies,Healthcare & Life Sciences,joseph.torres2497@catalysttech.com,+1-312-872-2411,"Atlanta, GA",2026-03-11,Active
CUST-02498,Kenneth Lopez,Pinnacle Solutions,SaaS & Cloud Software,kenneth.lopez2498@pinnaclesolu.com,+1-572-432-8218,"Sydney, Australia",2025-07-26,Inactive
CUST-02499,Michael Evans,Cognitive Dynamics,Manufacturing & Industrial,michael.evans2499@cognitivedyn.com,+1-234-673-2161,"New York, NY",2024-02-21,Inactive
CUST-02500,Sharon Nguyen,Aegis Logistics,SaaS & Cloud Software,sharon.nguyen2500@aegislogisti.com,+1-696-462-2419,"New York, NY",2024-03-08,At-Risk
CUST-02501,Donna Scott,Zenith Innovations,Retail & E-Commerce,donna.scott2501@zenithinnova.com,+1-862-344-9550,"Chicago, IL",2024-09-04,Churned
CUST-02502,Cynthia Clark,Cognitive Capital,Manufacturing & Industrial,cynthia.clark2502@cognitivecap.com,+1-553-334-5212,"Denver, CO",2026-01-03,Churned
CUST-02503,Kimberly Walker,Starlight Solutions,Telecommunications,kimberly.walker2503@starlightsol.com,+1-291-839-9432,"Sydney, Australia",2025-09-29,Active
CUST-02504,Charles Walker,Stratosphere Labs,Retail & E-Commerce,charles.walker2504@stratosphere.com,+1-285-418-2158,"Toronto, Canada",2024-02-19,Inactive
CUST-02505,John Taylor,Aegis Technologies,Healthcare & Life Sciences,john.taylor2505@aegistechnol.com,+1-775-879-7607,"Seattle, WA",2025-12-19,Active
CUST-02506,Mark Baker,Synapse Solutions,Media & Entertainment,mark.baker2506@synapsesolut.com,+1-419-568-8173,"Boston, MA",2024-09-29,Active
CUST-02507,Steven King,Starlight Partners,Manufacturing & Industrial,steven.king2507@starlightpar.com,+1-356-630-9682,"Seattle, WA",2025-04-21,Inactive
CUST-02508,Linda Sanchez,Omni Capital,Telecommunications,linda.sanchez2508@omnicapital.com,+1-964-639-8336,"New York, NY",2022-08-07,At-Risk
CUST-02509,Matthew Nguyen,Horizon Systems,Retail & E-Commerce,matthew.nguyen2509@horizonsyste.com,+1-755-715-4198,"Boston, MA",2026-01-06,Churned
CUST-02510,Joshua Lopez,Aegis Labs,Manufacturing & Industrial,joshua.lopez2510@aegislabs.com,+1-846-505-7650,"Denver, CO",2023-09-16,Inactive
CUST-02511,Sarah Wright,Nexus Innovations,Professional Services & Consulting,sarah.wright2511@nexusinnovat.com,+1-657-654-5533,"New York, NY",2024-02-10,Active
CUST-02512,Michael Sanchez,Catalyst Analytics,Professional Services & Consulting,michael.sanchez2512@catalystanal.com,+1-282-572-7505,"Seattle, WA",2024-06-04,Inactive
CUST-02513,Christopher Wilson,Cognitive Dynamics,SaaS & Cloud Software,christopher.wilson2513@cognitivedyn.com,+1-235-753-6460,"London, UK",2022-10-12,At-Risk
CUST-02514,Michelle Miller,Nexus Analytics,Retail & E-Commerce,michelle.miller2514@nexusanalyti.com,+1-229-882-2666,"Sydney, Australia",2025-12-12,At-Risk
CUST-02515,Sandra Miller,Vertex Solutions,Media & Entertainment,sandra.miller2515@vertexsoluti.com,+1-598-297-1312,"Toronto, Canada",2025-10-19,At-Risk
CUST-02516,Charles Perez,Prism Digital,Media & Entertainment,charles.perez2516@prismdigital.com,+1-599-255-3902,"Berlin, Germany",2025-02-03,Inactive
CUST-02517,Nancy Green,Apex Global,Professional Services & Consulting,nancy.green2517@apexglobal.com,+1-523-474-2362,"Chicago, IL",2022-07-21,Active
CUST-02518,Daniel Smith,Vertex Logistics,Healthcare & Life Sciences,daniel.smith2518@vertexlogist.com,+1-649-521-6854,"Austin, TX",2023-08-15,At-Risk
CUST-02519,Linda Smith,Synapse Partners,Telecommunications,linda.smith2519@synapsepartn.com,+1-252-280-6234,"Sydney, Australia",2025-08-14,Inactive
CUST-02520,Joseph Perez,Stratosphere Partners,Healthcare & Life Sciences,joseph.perez2520@stratosphere.com,+1-871-802-5253,"Seattle, WA",2025-06-06,Churned
CUST-02521,Jeffrey Green,Elevate Innovations,SaaS & Cloud Software,jeffrey.green2521@elevateinnov.com,+1-490-244-9066,"Atlanta, GA",2026-02-04,Active
CUST-02522,Richard Carter,Acro Digital,Manufacturing & Industrial,richard.carter2522@acrodigital.com,+1-675-809-1811,"Austin, TX",2021-12-02,Active
CUST-02523,Amanda Rivera,CoreTech Health,Professional Services & Consulting,amanda.rivera2523@coretechheal.com,+1-229-436-2077,"Berlin, Germany",2026-01-17,Active
CUST-02524,Michael Smith,Beacon Enterprises,Manufacturing & Industrial,michael.smith2524@beaconenterp.com,+1-939-212-4330,"Boston, MA",2025-08-01,At-Risk
CUST-02525,Jessica Smith,Omni Innovations,Healthcare & Life Sciences,jessica.smith2525@omniinnovati.com,+1-420-638-1747,"New York, NY",2025-04-02,Churned
CUST-02526,Andrew Jones,Vertex Capital,Retail & E-Commerce,andrew.jones2526@vertexcapita.com,+1-829-296-4627,"Berlin, Germany",2022-08-02,Active
CUST-02527,Carol Flores,Elevate Dynamics,Professional Services & Consulting,carol.flores2527@elevatedynam.com,+1-979-449-7124,"Seattle, WA",2023-02-09,Inactive
CUST-02528,Carol Martinez,Nexus Innovations,Telecommunications,carol.martinez2528@nexusinnovat.com,+1-235-260-7677,"San Francisco, CA",2023-05-18,Inactive
CUST-02529,Gary Torres,Cognitive Technologies,SaaS & Cloud Software,gary.torres2529@cognitivetec.com,+1-785-638-9970,"Denver, CO",2023-01-20,Active
CUST-02530,Linda Jones,Horizon Global,Media & Entertainment,linda.jones2530@horizongloba.com,+1-470-245-4958,"Atlanta, GA",2026-01-23,Inactive
CUST-02531,Kathleen Allen,Omni Digital,Healthcare & Life Sciences,kathleen.allen2531@omnidigital.com,+1-424-878-4175,"Sydney, Australia",2026-05-17,Active
CUST-02532,Andrew Martin,Cognitive Digital,Professional Services & Consulting,andrew.martin2532@cognitivedig.com,+1-222-202-7432,"Chicago, IL",2023-12-07,Churned
CUST-02533,Gary Robinson,Beacon Labs,Healthcare & Life Sciences,gary.robinson2533@beaconlabs.com,+1-536-208-4571,"Seattle, WA",2024-07-12,Inactive
CUST-02534,Christopher Green,Catalyst Partners,SaaS & Cloud Software,christopher.green2534@catalystpart.com,+1-706-417-7217,"San Francisco, CA",2022-12-14,At-Risk
CUST-02535,Kenneth Taylor,Hyperion Global,Healthcare & Life Sciences,kenneth.taylor2535@hyperionglob.com,+1-309-670-9802,"Boston, MA",2023-07-28,Churned
CUST-02536,Steven Lopez,Cognitive Technologies,Healthcare & Life Sciences,steven.lopez2536@cognitivetec.com,+1-787-353-4585,"Berlin, Germany",2025-02-13,Churned
CUST-02537,Mark Martin,Aegis Partners,Financial Services & FinTech,mark.martin2537@aegispartner.com,+1-216-232-1652,"San Francisco, CA",2025-08-17,Churned
CUST-02538,Rebecca Turner,Aura Technologies,Professional Services & Consulting,rebecca.turner2538@auratechnolo.com,+1-206-852-9863,"Chicago, IL",2021-10-01,At-Risk
CUST-02539,Timothy Allen,Omni Systems,SaaS & Cloud Software,timothy.allen2539@omnisystems.com,+1-320-290-7291,"Austin, TX",2025-11-11,Churned
CUST-02540,Ronald Lewis,Vanguard Labs,Healthcare & Life Sciences,ronald.lewis2540@vanguardlabs.com,+1-207-488-6480,"London, UK",2024-07-01,Churned
CUST-02541,Ryan Perez,Starlight Health,Media & Entertainment,ryan.perez2541@starlighthea.com,+1-780-390-2437,"Seattle, WA",2026-03-23,Active
CUST-02542,Nancy Nguyen,CoreTech Health,Telecommunications,nancy.nguyen2542@coretechheal.com,+1-372-604-1760,"Boston, MA",2025-12-22,Churned
CUST-02543,Sandra Turner,Vanguard Global,Healthcare & Life Sciences,sandra.turner2543@vanguardglob.com,+1-911-344-8496,"New York, NY",2025-01-07,Churned
CUST-02544,Melissa Thompson,Solstice Dynamics,Financial Services & FinTech,melissa.thompson2544@solsticedyna.com,+1-674-674-1404,"Boston, MA",2025-07-20,Active
CUST-02545,Thomas Smith,Acro Solutions,Financial Services & FinTech,thomas.smith2545@acrosolution.com,+1-366-431-1100,"Seattle, WA",2024-08-20,Active
CUST-02546,Lisa Gonzalez,Pinnacle Digital,Healthcare & Life Sciences,lisa.gonzalez2546@pinnacledigi.com,+1-863-822-3800,"San Francisco, CA",2024-02-22,Inactive
CUST-02547,David Thompson,Solstice Labs,Financial Services & FinTech,david.thompson2547@solsticelabs.com,+1-787-700-1070,"Toronto, Canada",2025-01-28,Active
CUST-02548,George Torres,Quantum Global,Financial Services & FinTech,george.torres2548@quantumgloba.com,+1-716-647-4464,"San Francisco, CA",2025-06-09,At-Risk
CUST-02549,Melissa Perez,Horizon Capital,Financial Services & FinTech,melissa.perez2549@horizoncapit.com,+1-803-520-8598,"Sydney, Australia",2023-12-25,Inactive
CUST-02550,Jacob Hernandez,Zenith Digital,Financial Services & FinTech,jacob.hernandez2550@zenithdigita.com,+1-770-729-1728,"Denver, CO",2024-02-04,Active
CUST-02551,Michael Carter,Starlight Innovations,Manufacturing & Industrial,michael.carter2551@starlightinn.com,+1-748-818-4538,"Atlanta, GA",2023-08-07,At-Risk
CUST-02552,David Scott,Beacon Health,Healthcare & Life Sciences,david.scott2552@beaconhealth.com,+1-796-691-3824,"Toronto, Canada",2024-07-03,Inactive
CUST-02553,Kimberly Perez,Prism Partners,SaaS & Cloud Software,kimberly.perez2553@prismpartner.com,+1-299-726-3262,"Berlin, Germany",2025-03-10,Churned
CUST-02554,Nancy Campbell,Starlight Analytics,Healthcare & Life Sciences,nancy.campbell2554@starlightana.com,+1-256-381-4502,"New York, NY",2025-09-28,Inactive
CUST-02555,Emily Wright,Hyperion Logistics,Manufacturing & Industrial,emily.wright2555@hyperionlogi.com,+1-879-359-1969,"Austin, TX",2022-10-16,Active
CUST-02556,Steven Garcia,Omni Enterprises,Media & Entertainment,steven.garcia2556@omnienterpri.com,+1-871-416-3157,"Boston, MA",2024-03-02,Inactive
CUST-02557,Joseph Jones,Pinnacle Innovations,Manufacturing & Industrial,joseph.jones2557@pinnacleinno.com,+1-211-889-3073,"Sydney, Australia",2026-03-06,Active
CUST-02558,Mary Rodriguez,Nexus Logistics,Manufacturing & Industrial,mary.rodriguez2558@nexuslogisti.com,+1-484-352-4588,"New York, NY",2024-12-22,Active
CUST-02559,Thomas Rodriguez,Zenith Analytics,Media & Entertainment,thomas.rodriguez2559@zenithanalyt.com,+1-331-305-4992,"Seattle, WA",2025-07-07,Active
CUST-02560,Melissa Rivera,Stratosphere Technologies,Healthcare & Life Sciences,melissa.rivera2560@stratosphere.com,+1-296-627-6496,"Toronto, Canada",2025-06-19,Inactive
CUST-02561,Michael Clark,Omni Global,Manufacturing & Industrial,michael.clark2561@omniglobal.com,+1-899-258-6643,"New York, NY",2026-02-04,Churned
CUST-02562,Sandra Turner,Acro Analytics,Media & Entertainment,sandra.turner2562@acroanalytic.com,+1-608-798-2572,"Seattle, WA",2023-10-30,Churned
CUST-02563,Mark Rodriguez,Starlight Solutions,SaaS & Cloud Software,mark.rodriguez2563@starlightsol.com,+1-366-812-2468,"Berlin, Germany",2022-06-21,At-Risk
CUST-02564,Rebecca Baker,Aura Digital,Financial Services & FinTech,rebecca.baker2564@auradigital.com,+1-506-587-1669,"Atlanta, GA",2023-10-15,Active
CUST-02565,Christopher Nguyen,CoreTech Capital,Manufacturing & Industrial,christopher.nguyen2565@coretechcapi.com,+1-230-469-5062,"San Francisco, CA",2023-12-31,At-Risk
CUST-02566,Kimberly Jones,Elevate Global,Telecommunications,kimberly.jones2566@elevategloba.com,+1-355-781-2329,"Austin, TX",2024-06-06,At-Risk
CUST-02567,Margaret Davis,Pinnacle Analytics,SaaS & Cloud Software,margaret.davis2567@pinnacleanal.com,+1-258-575-7649,"Toronto, Canada",2023-01-11,Inactive
CUST-02568,Melissa Turner,Pinnacle Partners,Telecommunications,melissa.turner2568@pinnaclepart.com,+1-972-241-7277,"Atlanta, GA",2025-02-09,Active
CUST-02569,Sandra Hall,Beacon Dynamics,Financial Services & FinTech,sandra.hall2569@beacondynami.com,+1-725-603-6931,"London, UK",2024-08-16,Churned
CUST-02570,George Brown,Prism Health,Retail & E-Commerce,george.brown2570@prismhealth.com,+1-508-871-1592,"Boston, MA",2023-03-03,Inactive
CUST-02571,Jeffrey Ramirez,Beacon Systems,Retail & E-Commerce,jeffrey.ramirez2571@beaconsystem.com,+1-989-393-4681,"London, UK",2024-05-24,At-Risk
CUST-02572,Rebecca Thompson,Apex Enterprises,Telecommunications,rebecca.thompson2572@apexenterpri.com,+1-665-394-3121,"Austin, TX",2025-07-20,Inactive
CUST-02573,Nancy Harris,Hyperion Global,Financial Services & FinTech,nancy.harris2573@hyperionglob.com,+1-503-350-5189,"San Francisco, CA",2025-09-11,At-Risk
CUST-02574,Betty Gomez,Pinnacle Logistics,Healthcare & Life Sciences,betty.gomez2574@pinnaclelogi.com,+1-552-870-6252,"Sydney, Australia",2024-04-20,Inactive
CUST-02575,Paul Baker,Hyperion Solutions,SaaS & Cloud Software,paul.baker2575@hyperionsolu.com,+1-953-704-2607,"Toronto, Canada",2025-04-17,At-Risk
CUST-02576,Timothy Martinez,Velocity Systems,Retail & E-Commerce,timothy.martinez2576@velocitysyst.com,+1-287-873-7230,"Sydney, Australia",2025-09-03,Inactive
CUST-02577,Dorothy Anderson,Stratosphere Capital,Professional Services & Consulting,dorothy.anderson2577@stratosphere.com,+1-338-488-8551,"Chicago, IL",2024-06-10,Inactive
CUST-02578,Lisa White,Aura Technologies,Professional Services & Consulting,lisa.white2578@auratechnolo.com,+1-442-430-5022,"Toronto, Canada",2025-12-05,Active
CUST-02579,Dorothy Gonzalez,Nexus Labs,Manufacturing & Industrial,dorothy.gonzalez2579@nexuslabs.com,+1-281-574-9667,"San Francisco, CA",2022-08-02,At-Risk
CUST-02580,Amy Sanchez,Apex Innovations,Retail & E-Commerce,amy.sanchez2580@apexinnovati.com,+1-679-599-5400,"Seattle, WA",2025-09-09,At-Risk
CUST-02581,Amy Perez,Acro Global,Retail & E-Commerce,amy.perez2581@acroglobal.com,+1-851-543-4266,"Sydney, Australia",2022-03-06,At-Risk
CUST-02582,George Thomas,Pinnacle Innovations,Media & Entertainment,george.thomas2582@pinnacleinno.com,+1-603-595-9237,"Boston, MA",2024-11-11,Inactive
CUST-02583,Edward Phillips,Vertex Global,Manufacturing & Industrial,edward.phillips2583@vertexglobal.com,+1-330-280-3901,"Boston, MA",2026-05-31,Active
CUST-02584,Carol Jackson,Catalyst Technologies,SaaS & Cloud Software,carol.jackson2584@catalysttech.com,+1-541-833-6019,"London, UK",2024-04-20,Active
CUST-02585,Barbara Evans,Aegis Dynamics,Telecommunications,barbara.evans2585@aegisdynamic.com,+1-347-530-7081,"London, UK",2025-10-06,Active
CUST-02586,Edward Sanchez,Prism Partners,Media & Entertainment,edward.sanchez2586@prismpartner.com,+1-316-445-1221,"Austin, TX",2025-11-19,At-Risk
CUST-02587,Ryan Parker,Omni Dynamics,Manufacturing & Industrial,ryan.parker2587@omnidynamics.com,+1-935-802-2944,"Seattle, WA",2024-05-18,Active
CUST-02588,Paul Lopez,Beacon Solutions,Retail & E-Commerce,paul.lopez2588@beaconsoluti.com,+1-884-471-9920,"New York, NY",2025-11-12,Active
CUST-02589,Margaret Thomas,Synapse Global,Financial Services & FinTech,margaret.thomas2589@synapsegloba.com,+1-525-516-4497,"Boston, MA",2026-04-06,Active
CUST-02590,Linda Lewis,Cognitive Global,Manufacturing & Industrial,linda.lewis2590@cognitiveglo.com,+1-989-668-4702,"Berlin, Germany",2025-11-20,Churned
CUST-02591,Susan Baker,Apex Technologies,Financial Services & FinTech,susan.baker2591@apextechnolo.com,+1-744-564-3736,"Atlanta, GA",2025-08-18,Churned
CUST-02592,Charles Davis,Vertex Innovations,Media & Entertainment,charles.davis2592@vertexinnova.com,+1-771-487-6215,"San Francisco, CA",2025-09-18,Churned
CUST-02593,Christopher Wilson,Catalyst Partners,Retail & E-Commerce,christopher.wilson2593@catalystpart.com,+1-381-643-9281,"Sydney, Australia",2025-10-24,Active
CUST-02594,Ryan Taylor,Omni Partners,Media & Entertainment,ryan.taylor2594@omnipartners.com,+1-316-709-4178,"New York, NY",2026-04-02,Active
CUST-02595,Christopher Parker,Velocity Partners,SaaS & Cloud Software,christopher.parker2595@velocitypart.com,+1-742-620-6594,"Sydney, Australia",2025-02-23,At-Risk
CUST-02596,Charles Anderson,Acro Analytics,Media & Entertainment,charles.anderson2596@acroanalytic.com,+1-792-640-7558,"Austin, TX",2024-01-10,Churned
CUST-02597,Michelle Clark,Stratosphere Systems,Media & Entertainment,michelle.clark2597@stratosphere.com,+1-315-485-2014,"New York, NY",2022-10-10,At-Risk
CUST-02598,Jennifer Carter,Velocity Digital,Professional Services & Consulting,jennifer.carter2598@velocitydigi.com,+1-650-749-2030,"Austin, TX",2023-06-07,Active
CUST-02599,Patricia White,Aegis Logistics,SaaS & Cloud Software,patricia.white2599@aegislogisti.com,+1-226-355-8927,"New York, NY",2023-05-21,Active
CUST-02600,Daniel Campbell,Hyperion Solutions,Retail & E-Commerce,daniel.campbell2600@hyperionsolu.com,+1-528-674-4192,"Austin, TX",2024-03-23,Active
CUST-02601,Jessica Ramirez,Apex Health,Retail & E-Commerce,jessica.ramirez2601@apexhealth.com,+1-788-326-4565,"Chicago, IL",2026-03-12,Active
CUST-02602,Ronald King,Velocity Digital,Financial Services & FinTech,ronald.king2602@velocitydigi.com,+1-369-235-4251,"Atlanta, GA",2022-07-17,Inactive
CUST-02603,Jessica Gonzalez,Beacon Health,Professional Services & Consulting,jessica.gonzalez2603@beaconhealth.com,+1-927-357-9488,"Seattle, WA",2023-12-15,Churned
CUST-02604,Ronald Lopez,CoreTech Technologies,Healthcare & Life Sciences,ronald.lopez2604@coretechtech.com,+1-944-846-8940,"London, UK",2022-10-01,At-Risk
CUST-02605,Ashley Thompson,Hyperion Digital,Professional Services & Consulting,ashley.thompson2605@hyperiondigi.com,+1-561-875-4493,"London, UK",2023-05-22,At-Risk
CUST-02606,Donald Martinez,Synapse Dynamics,Media & Entertainment,donald.martinez2606@synapsedynam.com,+1-917-830-4114,"Chicago, IL",2025-09-14,Active
CUST-02607,Daniel Smith,Prism Innovations,Media & Entertainment,daniel.smith2607@prisminnovat.com,+1-911-427-6800,"Sydney, Australia",2025-01-17,At-Risk
CUST-02608,Mark Rodriguez,Vanguard Global,Telecommunications,mark.rodriguez2608@vanguardglob.com,+1-720-558-1569,"San Francisco, CA",2025-02-04,At-Risk
CUST-02609,Jacob Sanchez,Vertex Technologies,Media & Entertainment,jacob.sanchez2609@vertextechno.com,+1-724-391-7374,"New York, NY",2023-12-04,Churned
CUST-02610,Amy Gomez,Quantum Labs,Healthcare & Life Sciences,amy.gomez2610@quantumlabs.com,+1-591-239-2616,"Chicago, IL",2021-12-01,Inactive
CUST-02611,Mary Young,Quantum Dynamics,Telecommunications,mary.young2611@quantumdynam.com,+1-563-860-4641,"San Francisco, CA",2024-09-24,Churned
CUST-02612,Lisa Rivera,Vertex Partners,Media & Entertainment,lisa.rivera2612@vertexpartne.com,+1-846-645-5294,"Berlin, Germany",2023-05-31,Active
CUST-02613,Dorothy Roberts,Beacon Analytics,Manufacturing & Industrial,dorothy.roberts2613@beaconanalyt.com,+1-654-468-3146,"Seattle, WA",2025-10-03,Active
CUST-02614,Charles Wilson,Stratosphere Digital,Healthcare & Life Sciences,charles.wilson2614@stratosphere.com,+1-366-720-1276,"Austin, TX",2023-06-30,Churned
CUST-02615,Susan Carter,Elevate Enterprises,Retail & E-Commerce,susan.carter2615@elevateenter.com,+1-555-773-3527,"Austin, TX",2025-09-04,Active
CUST-02616,Lisa Lopez,CoreTech Innovations,Telecommunications,lisa.lopez2616@coretechinno.com,+1-587-387-6530,"New York, NY",2024-06-04,Active
CUST-02617,Betty White,Velocity Technologies,Telecommunications,betty.white2617@velocitytech.com,+1-851-690-5008,"Chicago, IL",2023-04-09,Inactive
CUST-02618,David Diaz,Velocity Solutions,SaaS & Cloud Software,david.diaz2618@velocitysolu.com,+1-607-703-5518,"Boston, MA",2024-09-04,Inactive
CUST-02619,Susan Evans,Vanguard Technologies,Media & Entertainment,susan.evans2619@vanguardtech.com,+1-523-434-5995,"Berlin, Germany",2024-07-24,Churned
CUST-02620,Jessica Adams,Horizon Innovations,Healthcare & Life Sciences,jessica.adams2620@horizoninnov.com,+1-876-273-4600,"New York, NY",2024-09-22,Active
CUST-02621,Deborah Lopez,Beacon Logistics,SaaS & Cloud Software,deborah.lopez2621@beaconlogist.com,+1-494-879-7542,"Toronto, Canada",2024-07-08,Churned
CUST-02622,Sandra Torres,CoreTech Analytics,Professional Services & Consulting,sandra.torres2622@coretechanal.com,+1-265-521-5535,"Denver, CO",2023-12-01,Inactive
CUST-02623,Jacob Williams,Catalyst Innovations,Retail & E-Commerce,jacob.williams2623@catalystinno.com,+1-275-378-2102,"London, UK",2022-12-25,Inactive
CUST-02624,Melissa Garcia,Pinnacle Digital,Retail & E-Commerce,melissa.garcia2624@pinnacledigi.com,+1-280-779-6606,"San Francisco, CA",2023-02-14,Inactive
CUST-02625,Kevin Ramirez,Omni Technologies,Financial Services & FinTech,kevin.ramirez2625@omnitechnolo.com,+1-939-584-4465,"London, UK",2023-07-17,Inactive
CUST-02626,Michelle Lewis,Horizon Analytics,Professional Services & Consulting,michelle.lewis2626@horizonanaly.com,+1-262-688-1008,"Austin, TX",2024-02-14,Inactive
CUST-02627,Sarah Johnson,Omni Dynamics,Telecommunications,sarah.johnson2627@omnidynamics.com,+1-883-215-2165,"Austin, TX",2024-12-11,Active
CUST-02628,Amy Miller,Hyperion Digital,Financial Services & FinTech,amy.miller2628@hyperiondigi.com,+1-515-275-4306,"Austin, TX",2025-12-05,Inactive
CUST-02629,Ashley Carter,Zenith Global,Telecommunications,ashley.carter2629@zenithglobal.com,+1-745-780-8436,"Atlanta, GA",2023-02-12,At-Risk
CUST-02630,Stephanie Williams,Cognitive Capital,Media & Entertainment,stephanie.williams2630@cognitivecap.com,+1-276-368-7985,"Chicago, IL",2024-08-24,Inactive
CUST-02631,Gary Walker,Vanguard Solutions,Healthcare & Life Sciences,gary.walker2631@vanguardsolu.com,+1-649-867-7379,"Austin, TX",2025-10-12,Active
CUST-02632,Patricia Robinson,Aegis Digital,Media & Entertainment,patricia.robinson2632@aegisdigital.com,+1-758-630-6773,"Berlin, Germany",2024-05-08,Churned
CUST-02633,Donald Turner,Velocity Systems,Retail & E-Commerce,donald.turner2633@velocitysyst.com,+1-319-817-2502,"Chicago, IL",2024-01-30,Active
CUST-02634,Edward Perez,Prism Systems,SaaS & Cloud Software,edward.perez2634@prismsystems.com,+1-889-792-6486,"Toronto, Canada",2024-02-19,Active
CUST-02635,Lisa Anderson,Quantum Dynamics,SaaS & Cloud Software,lisa.anderson2635@quantumdynam.com,+1-324-800-2134,"Austin, TX",2024-10-03,Churned
CUST-02636,Amanda Turner,Apex Labs,Professional Services & Consulting,amanda.turner2636@apexlabs.com,+1-588-478-5633,"Atlanta, GA",2025-12-12,Active
CUST-02637,Ryan Phillips,Prism Analytics,SaaS & Cloud Software,ryan.phillips2637@prismanalyti.com,+1-252-201-3298,"Sydney, Australia",2024-05-03,Inactive
CUST-02638,Rebecca Scott,Acro Global,Retail & E-Commerce,rebecca.scott2638@acroglobal.com,+1-758-881-8131,"Boston, MA",2023-08-21,Churned
CUST-02639,Amy Sanchez,Prism Health,Media & Entertainment,amy.sanchez2639@prismhealth.com,+1-661-516-2458,"London, UK",2024-07-28,Inactive
CUST-02640,Rebecca Evans,Stratosphere Global,Professional Services & Consulting,rebecca.evans2640@stratosphere.com,+1-908-234-5209,"Denver, CO",2025-12-07,Churned
CUST-02641,Kevin Williams,Apex Global,Manufacturing & Industrial,kevin.williams2641@apexglobal.com,+1-523-425-8704,"Seattle, WA",2026-01-15,At-Risk
CUST-02642,Margaret Williams,Cognitive Digital,Telecommunications,margaret.williams2642@cognitivedig.com,+1-779-636-4055,"Boston, MA",2023-12-27,At-Risk
CUST-02643,Cynthia Lewis,Vertex Solutions,Professional Services & Consulting,cynthia.lewis2643@vertexsoluti.com,+1-783-589-4649,"Austin, TX",2024-07-28,Churned
CUST-02644,Michelle Wilson,Nexus Digital,Professional Services & Consulting,michelle.wilson2644@nexusdigital.com,+1-678-208-3936,"London, UK",2025-09-10,Active
CUST-02645,Melissa Thompson,Quantum Dynamics,Healthcare & Life Sciences,melissa.thompson2645@quantumdynam.com,+1-624-890-4381,"Atlanta, GA",2025-06-22,Active
CUST-02646,Jason Martin,Vanguard Solutions,Professional Services & Consulting,jason.martin2646@vanguardsolu.com,+1-497-737-6495,"London, UK",2025-11-26,Active
CUST-02647,Ronald Thompson,Prism Global,Telecommunications,ronald.thompson2647@prismglobal.com,+1-506-538-5288,"Chicago, IL",2023-08-10,Inactive
CUST-02648,Emily Mitchell,Vanguard Enterprises,Retail & E-Commerce,emily.mitchell2648@vanguardente.com,+1-513-826-2987,"San Francisco, CA",2025-09-07,Active
CUST-02649,Ronald Torres,Elevate Health,Manufacturing & Industrial,ronald.torres2649@elevatehealt.com,+1-449-464-5518,"London, UK",2024-08-11,Active
CUST-02650,Laura Jackson,Vanguard Health,Retail & E-Commerce,laura.jackson2650@vanguardheal.com,+1-471-217-9615,"Denver, CO",2025-04-15,Active
CUST-02651,Nancy Martinez,Vanguard Technologies,Professional Services & Consulting,nancy.martinez2651@vanguardtech.com,+1-631-331-8815,"Toronto, Canada",2025-06-26,At-Risk
CUST-02652,Betty Torres,Aura Partners,Retail & E-Commerce,betty.torres2652@aurapartners.com,+1-456-361-2697,"San Francisco, CA",2024-08-20,Inactive
CUST-02653,Mary Carter,Cognitive Analytics,Healthcare & Life Sciences,mary.carter2653@cognitiveana.com,+1-908-377-2886,"New York, NY",2025-07-16,At-Risk
CUST-02654,Kathleen Carter,Nexus Analytics,Professional Services & Consulting,kathleen.carter2654@nexusanalyti.com,+1-732-556-4157,"Boston, MA",2024-12-30,At-Risk
CUST-02655,Andrew Green,Zenith Labs,Telecommunications,andrew.green2655@zenithlabs.com,+1-545-683-3161,"Seattle, WA",2024-06-23,Churned
CUST-02656,Thomas Williams,Vanguard Technologies,SaaS & Cloud Software,thomas.williams2656@vanguardtech.com,+1-485-780-8091,"Boston, MA",2024-11-06,At-Risk
CUST-02657,Joshua Harris,Vertex Dynamics,Manufacturing & Industrial,joshua.harris2657@vertexdynami.com,+1-256-228-3317,"London, UK",2024-10-15,Churned
CUST-02658,Amanda Miller,Hyperion Labs,Financial Services & FinTech,amanda.miller2658@hyperionlabs.com,+1-952-672-6461,"Chicago, IL",2022-11-08,Inactive
CUST-02659,Ronald Parker,Catalyst Capital,Telecommunications,ronald.parker2659@catalystcapi.com,+1-539-796-6527,"Chicago, IL",2022-08-14,Inactive
CUST-02660,Jacob Smith,Horizon Global,Financial Services & FinTech,jacob.smith2660@horizongloba.com,+1-825-423-2126,"London, UK",2025-06-26,Active
CUST-02661,Dorothy Rivera,Catalyst Capital,Retail & E-Commerce,dorothy.rivera2661@catalystcapi.com,+1-466-535-7497,"Chicago, IL",2025-06-30,At-Risk
CUST-02662,Deborah Anderson,Vertex Solutions,Manufacturing & Industrial,deborah.anderson2662@vertexsoluti.com,+1-764-579-1787,"Toronto, Canada",2024-08-09,Inactive
CUST-02663,Anthony Jackson,Synapse Systems,Telecommunications,anthony.jackson2663@synapsesyste.com,+1-887-338-1548,"Austin, TX",2026-04-25,Active
CUST-02664,Ashley Gonzalez,Prism Analytics,Retail & E-Commerce,ashley.gonzalez2664@prismanalyti.com,+1-472-616-4406,"Austin, TX",2026-05-03,Active
CUST-02665,Susan Johnson,Prism Systems,Media & Entertainment,susan.johnson2665@prismsystems.com,+1-794-625-9264,"Sydney, Australia",2025-10-23,Active
CUST-02666,Ronald Gomez,Horizon Partners,SaaS & Cloud Software,ronald.gomez2666@horizonpartn.com,+1-766-866-6141,"New York, NY",2023-10-12,At-Risk
CUST-02667,Charles Torres,Omni Global,SaaS & Cloud Software,charles.torres2667@omniglobal.com,+1-870-291-8983,"Austin, TX",2025-05-20,Active
CUST-02668,Jeffrey Jackson,Vertex Analytics,Retail & E-Commerce,jeffrey.jackson2668@vertexanalyt.com,+1-239-509-4405,"Chicago, IL",2026-01-07,Active
CUST-02669,Kenneth Brown,Hyperion Systems,Professional Services & Consulting,kenneth.brown2669@hyperionsyst.com,+1-368-365-5592,"New York, NY",2024-03-15,Churned
CUST-02670,Jason Sanchez,Aegis Dynamics,Media & Entertainment,jason.sanchez2670@aegisdynamic.com,+1-948-363-4259,"Seattle, WA",2024-10-28,Inactive
CUST-02671,Margaret Rodriguez,Solstice Dynamics,Manufacturing & Industrial,margaret.rodriguez2671@solsticedyna.com,+1-340-216-3202,"New York, NY",2026-06-17,Active
CUST-02672,Kevin Sanchez,Cognitive Solutions,Manufacturing & Industrial,kevin.sanchez2672@cognitivesol.com,+1-211-435-1359,"Chicago, IL",2025-06-28,At-Risk
CUST-02673,Mark Gonzalez,Omni Global,Media & Entertainment,mark.gonzalez2673@omniglobal.com,+1-270-325-8008,"Atlanta, GA",2024-06-05,Churned
CUST-02674,Ryan White,Apex Analytics,Telecommunications,ryan.white2674@apexanalytic.com,+1-690-824-6691,"Austin, TX",2023-11-06,Active
CUST-02675,Kenneth Thomas,CoreTech Technologies,Healthcare & Life Sciences,kenneth.thomas2675@coretechtech.com,+1-858-579-4450,"Boston, MA",2025-02-25,Inactive
CUST-02676,Linda Garcia,Synapse Systems,Retail & E-Commerce,linda.garcia2676@synapsesyste.com,+1-375-440-1475,"Atlanta, GA",2025-05-27,Active
CUST-02677,Betty Moore,Zenith Labs,Healthcare & Life Sciences,betty.moore2677@zenithlabs.com,+1-331-753-5849,"New York, NY",2025-06-01,At-Risk
CUST-02678,Ryan Jones,Cognitive Labs,SaaS & Cloud Software,ryan.jones2678@cognitivelab.com,+1-666-366-3677,"San Francisco, CA",2025-07-21,Active
CUST-02679,Thomas Jackson,Nexus Innovations,SaaS & Cloud Software,thomas.jackson2679@nexusinnovat.com,+1-940-623-5242,"Atlanta, GA",2024-04-01,Active
CUST-02680,Cynthia Campbell,Starlight Solutions,Media & Entertainment,cynthia.campbell2680@starlightsol.com,+1-852-707-6261,"Berlin, Germany",2025-08-11,At-Risk
CUST-02681,Dorothy Clark,Quantum Health,Healthcare & Life Sciences,dorothy.clark2681@quantumhealt.com,+1-252-595-6894,"Boston, MA",2025-04-12,At-Risk
CUST-02682,Sandra Wright,Acro Dynamics,Media & Entertainment,sandra.wright2682@acrodynamics.com,+1-352-547-9286,"Berlin, Germany",2025-01-12,Churned
CUST-02683,David Lopez,Hyperion Innovations,SaaS & Cloud Software,david.lopez2683@hyperioninno.com,+1-905-551-7312,"London, UK",2022-09-23,Active
CUST-02684,Ronald Carter,Horizon Enterprises,Retail & E-Commerce,ronald.carter2684@horizonenter.com,+1-943-350-5053,"Toronto, Canada",2025-09-21,At-Risk
CUST-02685,Gary Thomas,Velocity Systems,Media & Entertainment,gary.thomas2685@velocitysyst.com,+1-988-278-4052,"London, UK",2023-04-09,Inactive
CUST-02686,Richard Rodriguez,Vertex Solutions,SaaS & Cloud Software,richard.rodriguez2686@vertexsoluti.com,+1-744-668-9413,"San Francisco, CA",2025-03-16,At-Risk
CUST-02687,Jennifer Thomas,Zenith Innovations,Telecommunications,jennifer.thomas2687@zenithinnova.com,+1-829-251-2211,"Sydney, Australia",2024-05-02,Active
CUST-02688,Ryan Diaz,Nexus Partners,Media & Entertainment,ryan.diaz2688@nexuspartner.com,+1-911-236-4695,"Boston, MA",2025-12-05,At-Risk
CUST-02689,Karen Thompson,Quantum Health,Retail & E-Commerce,karen.thompson2689@quantumhealt.com,+1-564-382-6215,"Sydney, Australia",2024-11-10,At-Risk
CUST-02690,Joseph Young,Quantum Dynamics,Healthcare & Life Sciences,joseph.young2690@quantumdynam.com,+1-705-597-5170,"Austin, TX",2023-07-22,Inactive
CUST-02691,Ashley Anderson,Horizon Analytics,Healthcare & Life Sciences,ashley.anderson2691@horizonanaly.com,+1-222-569-5739,"Austin, TX",2026-04-15,Active
CUST-02692,Karen Martinez,Quantum Global,Healthcare & Life Sciences,karen.martinez2692@quantumgloba.com,+1-896-528-5270,"Denver, CO",2026-02-20,Active
CUST-02693,Edward Diaz,Stratosphere Systems,SaaS & Cloud Software,edward.diaz2693@stratosphere.com,+1-753-400-4315,"Sydney, Australia",2024-09-11,Active
CUST-02694,Emily Jackson,Prism Analytics,SaaS & Cloud Software,emily.jackson2694@prismanalyti.com,+1-715-731-9177,"Boston, MA",2025-11-03,At-Risk
CUST-02695,Kevin Smith,Omni Analytics,SaaS & Cloud Software,kevin.smith2695@omnianalytic.com,+1-211-583-7185,"Austin, TX",2025-06-21,Inactive
CUST-02696,Brian Jones,Elevate Labs,Professional Services & Consulting,brian.jones2696@elevatelabs.com,+1-899-658-9140,"Chicago, IL",2025-07-21,At-Risk
CUST-02697,Steven Flores,Zenith Dynamics,Telecommunications,steven.flores2697@zenithdynami.com,+1-850-873-4427,"Denver, CO",2025-08-01,Active
CUST-02698,Christopher Hill,CoreTech Innovations,Telecommunications,christopher.hill2698@coretechinno.com,+1-475-389-8411,"Chicago, IL",2025-05-02,Active
CUST-02699,Amy Walker,Aegis Labs,Healthcare & Life Sciences,amy.walker2699@aegislabs.com,+1-568-780-3516,"Austin, TX",2024-12-06,Churned
CUST-02700,Robert Clark,Vertex Global,Professional Services & Consulting,robert.clark2700@vertexglobal.com,+1-286-345-3192,"Toronto, Canada",2025-04-12,Churned
CUST-02701,Patricia Adams,Catalyst Health,Healthcare & Life Sciences,patricia.adams2701@catalystheal.com,+1-807-492-2917,"Austin, TX",2025-12-31,Active
CUST-02702,Elizabeth Lee,Starlight Global,Manufacturing & Industrial,elizabeth.lee2702@starlightglo.com,+1-356-805-6205,"New York, NY",2024-06-15,Inactive
CUST-02703,Kenneth Carter,Aura Digital,Telecommunications,kenneth.carter2703@auradigital.com,+1-647-450-8590,"Chicago, IL",2022-05-20,At-Risk
CUST-02704,Karen Adams,Pinnacle Dynamics,Retail & E-Commerce,karen.adams2704@pinnacledyna.com,+1-983-384-1700,"Berlin, Germany",2025-06-01,Active
CUST-02705,Sharon Harris,Vertex Innovations,Retail & E-Commerce,sharon.harris2705@vertexinnova.com,+1-727-227-6564,"London, UK",2024-06-14,Churned
CUST-02706,Richard Gonzalez,Stratosphere Digital,Financial Services & FinTech,richard.gonzalez2706@stratosphere.com,+1-871-751-1662,"Chicago, IL",2023-12-12,Churned
CUST-02707,Jennifer Moore,Cognitive Capital,Manufacturing & Industrial,jennifer.moore2707@cognitivecap.com,+1-361-265-2371,"Sydney, Australia",2024-09-09,Active
CUST-02708,Daniel Diaz,Hyperion Solutions,Healthcare & Life Sciences,daniel.diaz2708@hyperionsolu.com,+1-582-503-9378,"San Francisco, CA",2023-06-04,At-Risk
CUST-02709,Joseph Rivera,Catalyst Capital,Healthcare & Life Sciences,joseph.rivera2709@catalystcapi.com,+1-757-627-9778,"Denver, CO",2022-12-03,At-Risk
CUST-02710,Amy Sanchez,Prism Technologies,Financial Services & FinTech,amy.sanchez2710@prismtechnol.com,+1-313-743-6352,"London, UK",2025-05-29,Active
CUST-02711,Dorothy Scott,Horizon Technologies,Telecommunications,dorothy.scott2711@horizontechn.com,+1-513-336-1015,"Boston, MA",2024-03-27,Churned
CUST-02712,Jennifer Gomez,Beacon Dynamics,Media & Entertainment,jennifer.gomez2712@beacondynami.com,+1-854-737-8871,"Atlanta, GA",2026-04-03,Active
CUST-02713,Ashley Turner,Aegis Capital,Professional Services & Consulting,ashley.turner2713@aegiscapital.com,+1-598-853-7581,"Sydney, Australia",2023-07-24,Inactive
CUST-02714,Andrew Parker,Beacon Digital,Retail & E-Commerce,andrew.parker2714@beacondigita.com,+1-322-810-8132,"Sydney, Australia",2023-02-04,Inactive
CUST-02715,Thomas Wilson,Prism Logistics,Healthcare & Life Sciences,thomas.wilson2715@prismlogisti.com,+1-826-344-8145,"San Francisco, CA",2022-01-18,At-Risk
CUST-02716,Charles Lopez,Vertex Systems,Healthcare & Life Sciences,charles.lopez2716@vertexsystem.com,+1-513-265-1745,"New York, NY",2025-12-07,Active
CUST-02717,Andrew Hernandez,Elevate Enterprises,Manufacturing & Industrial,andrew.hernandez2717@elevateenter.com,+1-489-697-9373,"San Francisco, CA",2025-07-04,At-Risk
CUST-02718,Joseph Garcia,Meridian Partners,Media & Entertainment,joseph.garcia2718@meridianpart.com,+1-979-616-5549,"Austin, TX",2023-12-15,Inactive
CUST-02719,Richard Adams,Synapse Capital,Manufacturing & Industrial,richard.adams2719@synapsecapit.com,+1-954-762-1326,"San Francisco, CA",2024-06-29,Churned
CUST-02720,Linda Anderson,Pinnacle Global,Telecommunications,linda.anderson2720@pinnacleglob.com,+1-956-372-1034,"New York, NY",2022-09-27,Active
CUST-02721,Linda Smith,Catalyst Systems,Healthcare & Life Sciences,linda.smith2721@catalystsyst.com,+1-545-398-9912,"Toronto, Canada",2024-01-16,Inactive
CUST-02722,Ronald Gonzalez,Quantum Technologies,Professional Services & Consulting,ronald.gonzalez2722@quantumtechn.com,+1-248-534-3940,"Berlin, Germany",2025-07-08,Churned
CUST-02723,Paul Thomas,Solstice Systems,SaaS & Cloud Software,paul.thomas2723@solsticesyst.com,+1-767-365-7847,"Seattle, WA",2024-03-13,Churned
CUST-02724,Nancy Nelson,Starlight Health,SaaS & Cloud Software,nancy.nelson2724@starlighthea.com,+1-662-607-9748,"New York, NY",2025-03-23,Inactive
CUST-02725,Sharon Hernandez,Acro Labs,Telecommunications,sharon.hernandez2725@acrolabs.com,+1-433-381-4388,"Chicago, IL",2025-05-19,Inactive
CUST-02726,Deborah Baker,Stratosphere Systems,Media & Entertainment,deborah.baker2726@stratosphere.com,+1-965-285-9284,"Denver, CO",2024-05-22,At-Risk
CUST-02727,Carol Green,Quantum Logistics,Telecommunications,carol.green2727@quantumlogis.com,+1-608-665-2716,"Austin, TX",2021-12-22,Inactive
CUST-02728,Ashley Ramirez,Horizon Enterprises,Financial Services & FinTech,ashley.ramirez2728@horizonenter.com,+1-277-394-3540,"New York, NY",2024-11-16,Inactive
CUST-02729,Christopher Gonzalez,Vanguard Digital,Healthcare & Life Sciences,christopher.gonzalez2729@vanguarddigi.com,+1-890-753-9324,"San Francisco, CA",2025-01-28,Active
CUST-02730,Mark Thompson,Synapse Analytics,Financial Services & FinTech,mark.thompson2730@synapseanaly.com,+1-689-533-1324,"Toronto, Canada",2022-07-26,Inactive
CUST-02731,Stephanie Walker,Meridian Global,Financial Services & FinTech,stephanie.walker2731@meridianglob.com,+1-245-632-7065,"Berlin, Germany",2025-04-20,Churned
CUST-02732,Nancy Smith,Velocity Capital,Financial Services & FinTech,nancy.smith2732@velocitycapi.com,+1-473-453-2229,"Berlin, Germany",2024-06-07,Inactive
CUST-02733,Thomas Robinson,Elevate Analytics,Telecommunications,thomas.robinson2733@elevateanaly.com,+1-672-715-2813,"San Francisco, CA",2024-03-14,Active
CUST-02734,Amanda Nguyen,Pinnacle Health,Manufacturing & Industrial,amanda.nguyen2734@pinnacleheal.com,+1-910-506-6733,"Toronto, Canada",2022-10-11,Inactive
CUST-02735,Amy Lopez,CoreTech Logistics,SaaS & Cloud Software,amy.lopez2735@coretechlogi.com,+1-950-354-7402,"Sydney, Australia",2023-08-07,Inactive
CUST-02736,Edward White,Zenith Partners,Telecommunications,edward.white2736@zenithpartne.com,+1-594-374-6798,"Toronto, Canada",2025-07-21,Churned
CUST-02737,Richard Rodriguez,Aegis Analytics,Manufacturing & Industrial,richard.rodriguez2737@aegisanalyti.com,+1-832-719-3662,"Boston, MA",2024-10-04,Inactive
CUST-02738,Carol Lee,Vanguard Health,Retail & E-Commerce,carol.lee2738@vanguardheal.com,+1-646-843-1147,"Berlin, Germany",2026-03-03,Active
CUST-02739,Jeffrey Mitchell,Prism Dynamics,SaaS & Cloud Software,jeffrey.mitchell2739@prismdynamic.com,+1-475-842-8785,"Atlanta, GA",2023-02-10,Inactive
CUST-02740,Charles Carter,Elevate Global,Telecommunications,charles.carter2740@elevategloba.com,+1-512-264-8174,"London, UK",2022-11-27,Inactive
CUST-02741,Ronald Young,Apex Capital,SaaS & Cloud Software,ronald.young2741@apexcapital.com,+1-810-668-6029,"Toronto, Canada",2026-05-30,Active
CUST-02742,Amy Taylor,Horizon Innovations,Retail & E-Commerce,amy.taylor2742@horizoninnov.com,+1-483-277-9340,"Denver, CO",2025-11-08,At-Risk
CUST-02743,Matthew Phillips,Elevate Labs,Retail & E-Commerce,matthew.phillips2743@elevatelabs.com,+1-621-673-4973,"San Francisco, CA",2025-10-26,Active
CUST-02744,Andrew Turner,Acro Capital,Professional Services & Consulting,andrew.turner2744@acrocapital.com,+1-609-795-9788,"Chicago, IL",2023-04-02,At-Risk
CUST-02745,Susan Harris,Prism Labs,SaaS & Cloud Software,susan.harris2745@prismlabs.com,+1-497-523-1161,"Boston, MA",2026-06-26,Active
CUST-02746,Nancy Nelson,Velocity Capital,Telecommunications,nancy.nelson2746@velocitycapi.com,+1-535-375-2937,"New York, NY",2025-01-01,Churned
CUST-02747,John Hernandez,Beacon Dynamics,Media & Entertainment,john.hernandez2747@beacondynami.com,+1-607-609-5749,"New York, NY",2026-06-06,Active
CUST-02748,Linda Johnson,Horizon Dynamics,Retail & E-Commerce,linda.johnson2748@horizondynam.com,+1-459-567-9521,"Toronto, Canada",2023-02-05,Inactive
CUST-02749,Susan Roberts,Vanguard Technologies,Manufacturing & Industrial,susan.roberts2749@vanguardtech.com,+1-243-537-8904,"Berlin, Germany",2025-01-23,Churned
CUST-02750,Donna Nelson,Horizon Capital,Manufacturing & Industrial,donna.nelson2750@horizoncapit.com,+1-810-685-5291,"London, UK",2025-10-22,Active
CUST-02751,Susan Scott,Catalyst Global,Manufacturing & Industrial,susan.scott2751@catalystglob.com,+1-353-657-7071,"New York, NY",2025-11-09,At-Risk
CUST-02752,Mary Brown,Apex Systems,SaaS & Cloud Software,mary.brown2752@apexsystems.com,+1-554-599-7607,"Berlin, Germany",2025-11-01,At-Risk
CUST-02753,Susan Nguyen,Starlight Health,Professional Services & Consulting,susan.nguyen2753@starlighthea.com,+1-409-217-6856,"Berlin, Germany",2024-11-24,At-Risk
CUST-02754,Deborah Jackson,Quantum Capital,Retail & E-Commerce,deborah.jackson2754@quantumcapit.com,+1-397-648-9869,"London, UK",2024-04-02,At-Risk
CUST-02755,Emily Ramirez,Acro Health,SaaS & Cloud Software,emily.ramirez2755@acrohealth.com,+1-980-691-1319,"Toronto, Canada",2023-07-02,Inactive
CUST-02756,Jessica King,Meridian Dynamics,Telecommunications,jessica.king2756@meridiandyna.com,+1-236-231-2851,"Berlin, Germany",2023-11-05,At-Risk
CUST-02757,Anthony Ramirez,Catalyst Digital,Financial Services & FinTech,anthony.ramirez2757@catalystdigi.com,+1-437-477-5843,"New York, NY",2025-12-10,Active
CUST-02758,Joshua Taylor,Hyperion Health,SaaS & Cloud Software,joshua.taylor2758@hyperionheal.com,+1-696-480-6618,"Denver, CO",2024-10-20,Inactive
CUST-02759,Jason Scott,Beacon Partners,Professional Services & Consulting,jason.scott2759@beaconpartne.com,+1-509-239-7190,"Austin, TX",2024-02-26,Churned
CUST-02760,Charles Gomez,Starlight Dynamics,Financial Services & FinTech,charles.gomez2760@starlightdyn.com,+1-553-825-8146,"Seattle, WA",2021-12-30,Active
CUST-02761,Kathleen Rodriguez,Aegis Global,Healthcare & Life Sciences,kathleen.rodriguez2761@aegisglobal.com,+1-386-327-1129,"Austin, TX",2022-05-19,Inactive
CUST-02762,Kevin Thomas,Stratosphere Logistics,Retail & E-Commerce,kevin.thomas2762@stratosphere.com,+1-231-464-9174,"Atlanta, GA",2022-08-29,At-Risk
CUST-02763,Donna Walker,Beacon Enterprises,Retail & E-Commerce,donna.walker2763@beaconenterp.com,+1-534-581-4650,"Berlin, Germany",2026-05-09,Active
CUST-02764,Sharon Lee,Synapse Solutions,Manufacturing & Industrial,sharon.lee2764@synapsesolut.com,+1-431-520-1100,"Toronto, Canada",2024-07-07,Active
CUST-02765,Gary Turner,Vertex Dynamics,Retail & E-Commerce,gary.turner2765@vertexdynami.com,+1-947-556-4574,"Seattle, WA",2025-08-10,Active
CUST-02766,Susan Hernandez,Zenith Partners,SaaS & Cloud Software,susan.hernandez2766@zenithpartne.com,+1-959-455-7461,"New York, NY",2024-08-17,Inactive
CUST-02767,Thomas Nelson,Synapse Solutions,Financial Services & FinTech,thomas.nelson2767@synapsesolut.com,+1-684-442-3345,"Sydney, Australia",2025-12-01,Active
CUST-02768,Cynthia Young,Synapse Global,Retail & E-Commerce,cynthia.young2768@synapsegloba.com,+1-858-758-5036,"Toronto, Canada",2024-11-29,Inactive
CUST-02769,Brian Scott,Aegis Digital,Professional Services & Consulting,brian.scott2769@aegisdigital.com,+1-533-375-3964,"Toronto, Canada",2025-10-07,Active
CUST-02770,Donna Hernandez,Aura Partners,Professional Services & Consulting,donna.hernandez2770@aurapartners.com,+1-930-520-2661,"Austin, TX",2025-12-29,Active
CUST-02771,Stephanie Davis,Solstice Innovations,Media & Entertainment,stephanie.davis2771@solsticeinno.com,+1-830-286-8350,"Seattle, WA",2025-03-06,Active
CUST-02772,David Brown,Aegis Technologies,SaaS & Cloud Software,david.brown2772@aegistechnol.com,+1-516-813-2519,"Seattle, WA",2025-07-30,At-Risk
CUST-02773,Dorothy Lewis,Acro Enterprises,Retail & E-Commerce,dorothy.lewis2773@acroenterpri.com,+1-436-574-4519,"Atlanta, GA",2025-09-12,Churned
CUST-02774,Amanda Roberts,Hyperion Enterprises,Media & Entertainment,amanda.roberts2774@hyperionente.com,+1-950-502-2837,"Toronto, Canada",2026-02-09,Active
CUST-02775,Cynthia Davis,Catalyst Health,Retail & E-Commerce,cynthia.davis2775@catalystheal.com,+1-785-670-4267,"Sydney, Australia",2025-09-07,At-Risk
CUST-02776,Dorothy Jackson,Elevate Systems,SaaS & Cloud Software,dorothy.jackson2776@elevatesyste.com,+1-437-700-9364,"Seattle, WA",2023-07-28,Inactive
CUST-02777,Patricia Anderson,Stratosphere Solutions,Manufacturing & Industrial,patricia.anderson2777@stratosphere.com,+1-286-270-4293,"Denver, CO",2021-12-09,At-Risk
CUST-02778,Donald Evans,Velocity Capital,Healthcare & Life Sciences,donald.evans2778@velocitycapi.com,+1-239-725-8773,"Denver, CO",2025-03-19,Active
CUST-02779,Daniel Phillips,Horizon Solutions,Professional Services & Consulting,daniel.phillips2779@horizonsolut.com,+1-692-756-8785,"Austin, TX",2023-10-23,Inactive
CUST-02780,Margaret Smith,Prism Partners,Telecommunications,margaret.smith2780@prismpartner.com,+1-524-264-6135,"Austin, TX",2024-06-04,At-Risk
CUST-02781,Lisa Davis,Acro Digital,Retail & E-Commerce,lisa.davis2781@acrodigital.com,+1-535-876-4484,"Denver, CO",2023-01-23,At-Risk
CUST-02782,Michelle Campbell,Vanguard Analytics,SaaS & Cloud Software,michelle.campbell2782@vanguardanal.com,+1-725-778-2759,"San Francisco, CA",2023-05-22,Churned
CUST-02783,Amanda Ramirez,Aura Analytics,Manufacturing & Industrial,amanda.ramirez2783@auraanalytic.com,+1-486-590-9135,"Boston, MA",2025-02-19,Inactive
CUST-02784,Barbara Mitchell,Meridian Analytics,Telecommunications,barbara.mitchell2784@meridiananal.com,+1-807-607-2069,"Austin, TX",2024-09-11,Churned
CUST-02785,Donna Anderson,Stratosphere Partners,Telecommunications,donna.anderson2785@stratosphere.com,+1-802-819-5209,"Austin, TX",2024-07-28,Inactive
CUST-02786,Edward Green,Pinnacle Enterprises,Professional Services & Consulting,edward.green2786@pinnacleente.com,+1-825-801-1475,"New York, NY",2025-12-14,Active
CUST-02787,John Davis,Nexus Capital,Professional Services & Consulting,john.davis2787@nexuscapital.com,+1-434-791-1277,"Atlanta, GA",2024-06-22,Inactive
CUST-02788,Sandra Turner,Aura Digital,Professional Services & Consulting,sandra.turner2788@auradigital.com,+1-298-287-9852,"Austin, TX",2021-10-12,Inactive
CUST-02789,Timothy Nelson,Solstice Enterprises,Retail & E-Commerce,timothy.nelson2789@solsticeente.com,+1-867-501-7387,"Austin, TX",2025-05-22,Inactive
CUST-02790,Kimberly Mitchell,Solstice Labs,Retail & E-Commerce,kimberly.mitchell2790@solsticelabs.com,+1-970-886-8500,"London, UK",2025-05-28,Inactive
CUST-02791,Melissa Lewis,Synapse Capital,Professional Services & Consulting,melissa.lewis2791@synapsecapit.com,+1-537-850-6710,"Atlanta, GA",2023-06-13,Churned
CUST-02792,Thomas King,CoreTech Solutions,SaaS & Cloud Software,thomas.king2792@coretechsolu.com,+1-347-273-8227,"Austin, TX",2025-02-12,Inactive
CUST-02793,Cynthia Campbell,Horizon Health,Financial Services & FinTech,cynthia.campbell2793@horizonhealt.com,+1-507-741-9854,"Austin, TX",2025-10-20,Active
CUST-02794,Matthew Green,Elevate Partners,Media & Entertainment,matthew.green2794@elevatepartn.com,+1-674-214-6376,"San Francisco, CA",2024-07-30,Inactive
CUST-02795,Joshua Taylor,Aegis Labs,Financial Services & FinTech,joshua.taylor2795@aegislabs.com,+1-412-635-9132,"Boston, MA",2022-11-11,Inactive
CUST-02796,Christopher King,Beacon Capital,Financial Services & FinTech,christopher.king2796@beaconcapita.com,+1-387-422-1486,"San Francisco, CA",2025-10-18,At-Risk
CUST-02797,Anthony King,Solstice Innovations,Telecommunications,anthony.king2797@solsticeinno.com,+1-317-283-5026,"Toronto, Canada",2025-01-03,At-Risk
CUST-02798,Gary Turner,Horizon Solutions,Retail & E-Commerce,gary.turner2798@horizonsolut.com,+1-791-211-1371,"Seattle, WA",2025-08-03,Active
CUST-02799,Nancy Turner,Quantum Analytics,Media & Entertainment,nancy.turner2799@quantumanaly.com,+1-249-579-6171,"London, UK",2023-05-12,Inactive
CUST-02800,Charles Scott,Pinnacle Global,Manufacturing & Industrial,charles.scott2800@pinnacleglob.com,+1-583-291-6129,"Chicago, IL",2023-03-12,At-Risk
CUST-02801,Robert Carter,CoreTech Analytics,SaaS & Cloud Software,robert.carter2801@coretechanal.com,+1-527-399-3073,"Berlin, Germany",2025-06-13,Churned
CUST-02802,Ronald Johnson,CoreTech Digital,Financial Services & FinTech,ronald.johnson2802@coretechdigi.com,+1-790-446-2307,"San Francisco, CA",2025-11-29,Inactive
CUST-02803,Mary Thomas,Horizon Dynamics,Media & Entertainment,mary.thomas2803@horizondynam.com,+1-338-861-6163,"Boston, MA",2024-04-10,Inactive
CUST-02804,Brian Davis,Vanguard Digital,Telecommunications,brian.davis2804@vanguarddigi.com,+1-788-260-9701,"New York, NY",2025-04-22,Inactive
CUST-02805,Michelle Evans,Horizon Labs,Financial Services & FinTech,michelle.evans2805@horizonlabs.com,+1-935-325-1699,"Toronto, Canada",2025-07-28,Active
CUST-02806,Andrew Lee,Nexus Dynamics,Retail & E-Commerce,andrew.lee2806@nexusdynamic.com,+1-932-672-4384,"Chicago, IL",2024-11-18,Inactive
CUST-02807,Stephanie Jones,Aegis Digital,Media & Entertainment,stephanie.jones2807@aegisdigital.com,+1-589-611-3291,"Chicago, IL",2023-07-08,Churned
CUST-02808,Jeffrey Garcia,Stratosphere Digital,Professional Services & Consulting,jeffrey.garcia2808@stratosphere.com,+1-938-813-7569,"Toronto, Canada",2022-12-09,At-Risk
CUST-02809,Ashley Wilson,Catalyst Systems,SaaS & Cloud Software,ashley.wilson2809@catalystsyst.com,+1-208-841-6470,"Sydney, Australia",2026-03-27,At-Risk
CUST-02810,Michelle Parker,Starlight Partners,Telecommunications,michelle.parker2810@starlightpar.com,+1-576-848-5782,"San Francisco, CA",2025-01-29,Churned
CUST-02811,Laura Nelson,Vanguard Solutions,Professional Services & Consulting,laura.nelson2811@vanguardsolu.com,+1-585-445-8984,"Denver, CO",2024-02-05,Inactive
CUST-02812,Lisa Thompson,Catalyst Labs,Financial Services & FinTech,lisa.thompson2812@catalystlabs.com,+1-589-497-5032,"San Francisco, CA",2026-06-19,Active
CUST-02813,Ronald Baker,Elevate Technologies,Healthcare & Life Sciences,ronald.baker2813@elevatetechn.com,+1-446-682-8965,"Toronto, Canada",2025-08-13,Inactive
CUST-02814,Lisa Robinson,Apex Partners,Healthcare & Life Sciences,lisa.robinson2814@apexpartners.com,+1-809-631-7196,"Toronto, Canada",2024-08-02,Active
CUST-02815,Timothy Smith,Aegis Systems,Retail & E-Commerce,timothy.smith2815@aegissystems.com,+1-734-284-7188,"Austin, TX",2026-01-06,Active
CUST-02816,Steven Taylor,Vertex Partners,Telecommunications,steven.taylor2816@vertexpartne.com,+1-236-307-8566,"San Francisco, CA",2023-10-24,Churned
CUST-02817,Michelle Green,Stratosphere Innovations,Retail & E-Commerce,michelle.green2817@stratosphere.com,+1-472-243-7116,"Denver, CO",2024-12-02,Inactive
CUST-02818,Jessica Williams,Stratosphere Logistics,SaaS & Cloud Software,jessica.williams2818@stratosphere.com,+1-703-419-1135,"Austin, TX",2025-10-11,At-Risk
CUST-02819,Dorothy Martinez,Meridian Global,Manufacturing & Industrial,dorothy.martinez2819@meridianglob.com,+1-338-721-2678,"Denver, CO",2023-01-09,Active
CUST-02820,Dorothy Green,Omni Logistics,Retail & E-Commerce,dorothy.green2820@omnilogistic.com,+1-319-741-4766,"Atlanta, GA",2023-10-09,Inactive
CUST-02821,Kenneth Gomez,Stratosphere Technologies,Telecommunications,kenneth.gomez2821@stratosphere.com,+1-246-628-9114,"London, UK",2024-12-18,Inactive
CUST-02822,Stephanie Taylor,Zenith Labs,SaaS & Cloud Software,stephanie.taylor2822@zenithlabs.com,+1-378-377-9284,"London, UK",2023-07-21,Inactive
CUST-02823,Kimberly Flores,Solstice Analytics,Retail & E-Commerce,kimberly.flores2823@solsticeanal.com,+1-973-559-2833,"Seattle, WA",2025-11-01,At-Risk
CUST-02824,Donald Turner,Starlight Innovations,Media & Entertainment,donald.turner2824@starlightinn.com,+1-703-326-8430,"Austin, TX",2023-11-02,At-Risk
CUST-02825,Paul Gonzalez,Apex Logistics,Telecommunications,paul.gonzalez2825@apexlogistic.com,+1-774-322-2731,"Toronto, Canada",2025-08-15,At-Risk
CUST-02826,Deborah Turner,Omni Labs,SaaS & Cloud Software,deborah.turner2826@omnilabs.com,+1-513-413-9255,"Chicago, IL",2024-12-10,Churned
CUST-02827,David Allen,Meridian Systems,Media & Entertainment,david.allen2827@meridiansyst.com,+1-868-567-9388,"Atlanta, GA",2025-01-12,Churned
CUST-02828,Mark Campbell,Vanguard Systems,Telecommunications,mark.campbell2828@vanguardsyst.com,+1-980-686-8364,"Boston, MA",2024-03-20,At-Risk
CUST-02829,Mary Turner,Omni Solutions,Manufacturing & Industrial,mary.turner2829@omnisolution.com,+1-209-819-1204,"Sydney, Australia",2024-12-05,Inactive
CUST-02830,Joseph Thompson,Stratosphere Capital,Telecommunications,joseph.thompson2830@stratosphere.com,+1-391-758-3092,"New York, NY",2023-05-05,Active
CUST-02831,Ronald Rodriguez,Catalyst Enterprises,Healthcare & Life Sciences,ronald.rodriguez2831@catalystente.com,+1-469-269-3791,"New York, NY",2024-06-25,Inactive
CUST-02832,Sandra Garcia,Elevate Technologies,Professional Services & Consulting,sandra.garcia2832@elevatetechn.com,+1-673-337-1119,"Atlanta, GA",2026-04-07,Active
CUST-02833,Paul Carter,Omni Solutions,SaaS & Cloud Software,paul.carter2833@omnisolution.com,+1-925-706-5458,"New York, NY",2023-10-21,Active
CUST-02834,Richard Torres,Stratosphere Dynamics,Retail & E-Commerce,richard.torres2834@stratosphere.com,+1-446-764-2233,"Seattle, WA",2022-12-26,Inactive
CUST-02835,Linda Flores,Meridian Digital,Retail & E-Commerce,linda.flores2835@meridiandigi.com,+1-850-347-3362,"San Francisco, CA",2024-12-01,Active
CUST-02836,Kimberly Wright,Acro Technologies,Media & Entertainment,kimberly.wright2836@acrotechnolo.com,+1-963-599-5190,"Austin, TX",2023-11-05,Inactive
CUST-02837,Timothy Wilson,Synapse Dynamics,Professional Services & Consulting,timothy.wilson2837@synapsedynam.com,+1-708-505-3361,"San Francisco, CA",2023-01-06,Inactive
CUST-02838,Lisa Jackson,Apex Enterprises,Manufacturing & Industrial,lisa.jackson2838@apexenterpri.com,+1-630-302-2767,"Austin, TX",2022-08-27,Active
CUST-02839,Michael Williams,Stratosphere Enterprises,Telecommunications,michael.williams2839@stratosphere.com,+1-642-301-7250,"Toronto, Canada",2023-10-07,Churned
CUST-02840,Betty Brown,Meridian Technologies,Healthcare & Life Sciences,betty.brown2840@meridiantech.com,+1-609-659-3782,"Toronto, Canada",2025-05-18,At-Risk
CUST-02841,Linda Martinez,Starlight Technologies,SaaS & Cloud Software,linda.martinez2841@starlighttec.com,+1-544-442-7404,"London, UK",2025-09-06,Inactive
CUST-02842,Rebecca Campbell,Hyperion Solutions,Professional Services & Consulting,rebecca.campbell2842@hyperionsolu.com,+1-620-756-1510,"Chicago, IL",2024-11-07,Churned
CUST-02843,Mary Perez,Acro Analytics,Professional Services & Consulting,mary.perez2843@acroanalytic.com,+1-262-298-9108,"New York, NY",2024-11-06,Inactive
CUST-02844,Ashley Rodriguez,Aegis Labs,SaaS & Cloud Software,ashley.rodriguez2844@aegislabs.com,+1-673-421-8560,"New York, NY",2026-03-03,At-Risk
CUST-02845,Barbara Gonzalez,Starlight Labs,SaaS & Cloud Software,barbara.gonzalez2845@starlightlab.com,+1-663-375-3625,"Berlin, Germany",2026-05-13,Active
CUST-02846,Barbara Miller,Stratosphere Capital,Telecommunications,barbara.miller2846@stratosphere.com,+1-243-721-8743,"London, UK",2025-07-20,At-Risk
CUST-02847,Elizabeth Adams,Beacon Analytics,Healthcare & Life Sciences,elizabeth.adams2847@beaconanalyt.com,+1-323-225-5159,"Austin, TX",2024-07-25,Churned
CUST-02848,Kenneth Parker,Zenith Labs,Retail & E-Commerce,kenneth.parker2848@zenithlabs.com,+1-618-314-9126,"Sydney, Australia",2024-01-11,Active
CUST-02849,Joseph Torres,Synapse Capital,Financial Services & FinTech,joseph.torres2849@synapsecapit.com,+1-207-665-5207,"Atlanta, GA",2025-06-26,Active
CUST-02850,Donna Thomas,Pinnacle Technologies,Healthcare & Life Sciences,donna.thomas2850@pinnacletech.com,+1-978-508-5802,"Chicago, IL",2022-11-28,Inactive
CUST-02851,Thomas Lopez,Catalyst Dynamics,Financial Services & FinTech,thomas.lopez2851@catalystdyna.com,+1-607-215-3360,"Berlin, Germany",2025-10-22,At-Risk
CUST-02852,Carol Lopez,Stratosphere Health,Retail & E-Commerce,carol.lopez2852@stratosphere.com,+1-346-880-1278,"San Francisco, CA",2024-06-02,Active
CUST-02853,Paul Martin,CoreTech Partners,Media & Entertainment,paul.martin2853@coretechpart.com,+1-385-584-1370,"Atlanta, GA",2023-02-20,At-Risk
CUST-02854,Anthony Baker,Synapse Global,Professional Services & Consulting,anthony.baker2854@synapsegloba.com,+1-297-430-3138,"Seattle, WA",2023-12-17,Inactive
CUST-02855,Jacob Clark,Vertex Logistics,Media & Entertainment,jacob.clark2855@vertexlogist.com,+1-508-770-1394,"London, UK",2025-03-09,Active
CUST-02856,Sarah Moore,Catalyst Partners,Professional Services & Consulting,sarah.moore2856@catalystpart.com,+1-754-559-2834,"London, UK",2026-02-05,Active
CUST-02857,Edward Williams,Hyperion Solutions,Financial Services & FinTech,edward.williams2857@hyperionsolu.com,+1-884-313-6237,"London, UK",2022-10-20,Inactive
CUST-02858,Barbara Hernandez,Pinnacle Capital,Telecommunications,barbara.hernandez2858@pinnaclecapi.com,+1-493-821-9779,"Sydney, Australia",2024-02-25,Active
CUST-02859,Timothy Taylor,Meridian Capital,Telecommunications,timothy.taylor2859@meridiancapi.com,+1-891-631-3079,"Toronto, Canada",2024-08-10,At-Risk
CUST-02860,Betty Robinson,Beacon Technologies,SaaS & Cloud Software,betty.robinson2860@beacontechno.com,+1-739-475-6111,"Toronto, Canada",2021-12-20,Inactive
CUST-02861,Ryan Taylor,Apex Capital,Manufacturing & Industrial,ryan.taylor2861@apexcapital.com,+1-874-770-2451,"Atlanta, GA",2025-11-04,Inactive
CUST-02862,Joseph Torres,Nexus Analytics,Retail & E-Commerce,joseph.torres2862@nexusanalyti.com,+1-781-333-2404,"London, UK",2024-10-18,Active
CUST-02863,Sharon Martin,Nexus Technologies,Telecommunications,sharon.martin2863@nexustechnol.com,+1-955-741-4303,"London, UK",2022-09-20,Inactive
CUST-02864,Ronald Hill,CoreTech Logistics,Healthcare & Life Sciences,ronald.hill2864@coretechlogi.com,+1-534-435-5564,"Chicago, IL",2026-05-16,Active
CUST-02865,Paul Allen,Pinnacle Enterprises,Media & Entertainment,paul.allen2865@pinnacleente.com,+1-717-361-2921,"New York, NY",2026-04-02,Active
CUST-02866,Mark Torres,Solstice Global,Professional Services & Consulting,mark.torres2866@solsticeglob.com,+1-643-391-3425,"Boston, MA",2025-09-17,At-Risk
CUST-02867,Mary Hernandez,Vertex Dynamics,Manufacturing & Industrial,mary.hernandez2867@vertexdynami.com,+1-945-703-3431,"Sydney, Australia",2026-03-21,Active
CUST-02868,Mary Thompson,Aegis Technologies,Manufacturing & Industrial,mary.thompson2868@aegistechnol.com,+1-203-262-1337,"Chicago, IL",2024-06-07,Churned
CUST-02869,Robert Scott,Solstice Global,Manufacturing & Industrial,robert.scott2869@solsticeglob.com,+1-962-612-8429,"Boston, MA",2025-09-18,Active
CUST-02870,Donald Nguyen,Quantum Health,SaaS & Cloud Software,donald.nguyen2870@quantumhealt.com,+1-729-733-2474,"New York, NY",2022-11-29,At-Risk
CUST-02871,Jessica Taylor,Quantum Global,SaaS & Cloud Software,jessica.taylor2871@quantumgloba.com,+1-794-294-7299,"New York, NY",2023-07-01,Inactive
CUST-02872,Karen Evans,Vanguard Dynamics,Media & Entertainment,karen.evans2872@vanguarddyna.com,+1-668-795-9715,"Chicago, IL",2025-07-08,Inactive
CUST-02873,Ryan Mitchell,Zenith Health,SaaS & Cloud Software,ryan.mitchell2873@zenithhealth.com,+1-210-754-6518,"Denver, CO",2022-08-06,Inactive
CUST-02874,Joshua Wright,Vertex Partners,Telecommunications,joshua.wright2874@vertexpartne.com,+1-465-597-5013,"Atlanta, GA",2023-07-16,Inactive
CUST-02875,Jennifer Brown,Apex Health,Retail & E-Commerce,jennifer.brown2875@apexhealth.com,+1-425-455-8119,"Berlin, Germany",2024-10-10,Churned
CUST-02876,Jessica Miller,CoreTech Partners,Manufacturing & Industrial,jessica.miller2876@coretechpart.com,+1-285-298-9575,"Atlanta, GA",2025-05-01,Active
CUST-02877,William Lee,Vertex Logistics,Professional Services & Consulting,william.lee2877@vertexlogist.com,+1-466-537-9212,"Sydney, Australia",2024-07-08,Inactive
CUST-02878,Charles Carter,Cognitive Labs,Retail & E-Commerce,charles.carter2878@cognitivelab.com,+1-219-393-5256,"Austin, TX",2024-08-13,At-Risk
CUST-02879,Mary Jones,Catalyst Systems,Professional Services & Consulting,mary.jones2879@catalystsyst.com,+1-485-622-7735,"Chicago, IL",2026-04-08,Active
CUST-02880,Patricia Lewis,Aegis Global,Retail & E-Commerce,patricia.lewis2880@aegisglobal.com,+1-796-479-7626,"Boston, MA",2023-08-08,Active
CUST-02881,Sharon Lewis,Hyperion Digital,SaaS & Cloud Software,sharon.lewis2881@hyperiondigi.com,+1-260-763-3260,"San Francisco, CA",2024-09-01,At-Risk
CUST-02882,Paul Adams,CoreTech Technologies,Healthcare & Life Sciences,paul.adams2882@coretechtech.com,+1-989-752-2500,"Sydney, Australia",2023-03-21,Inactive
CUST-02883,Karen Rodriguez,Velocity Systems,Media & Entertainment,karen.rodriguez2883@velocitysyst.com,+1-986-495-1018,"London, UK",2025-02-03,At-Risk
CUST-02884,Karen Sanchez,Hyperion Technologies,Professional Services & Consulting,karen.sanchez2884@hyperiontech.com,+1-272-708-5293,"Toronto, Canada",2025-10-10,Active
CUST-02885,Michelle Rodriguez,Acro Systems,Professional Services & Consulting,michelle.rodriguez2885@acrosystems.com,+1-398-621-6104,"Berlin, Germany",2022-12-19,Active
CUST-02886,Christopher Anderson,Catalyst Analytics,SaaS & Cloud Software,christopher.anderson2886@catalystanal.com,+1-502-289-3612,"New York, NY",2025-09-06,Inactive
CUST-02887,Richard Roberts,Horizon Dynamics,Professional Services & Consulting,richard.roberts2887@horizondynam.com,+1-763-318-7859,"San Francisco, CA",2025-10-24,Active
CUST-02888,David Green,Synapse Labs,Professional Services & Consulting,david.green2888@synapselabs.com,+1-779-218-5699,"Seattle, WA",2025-05-15,At-Risk
CUST-02889,Ronald Davis,Nexus Technologies,Media & Entertainment,ronald.davis2889@nexustechnol.com,+1-378-424-1907,"London, UK",2025-07-09,Churned
CUST-02890,Dorothy Ramirez,Pinnacle Technologies,SaaS & Cloud Software,dorothy.ramirez2890@pinnacletech.com,+1-331-775-4969,"San Francisco, CA",2023-09-15,Churned
CUST-02891,Charles Robinson,Vertex Technologies,Financial Services & FinTech,charles.robinson2891@vertextechno.com,+1-964-379-4285,"Sydney, Australia",2024-12-05,At-Risk
CUST-02892,Thomas Torres,CoreTech Logistics,Telecommunications,thomas.torres2892@coretechlogi.com,+1-560-291-3049,"San Francisco, CA",2026-04-06,Active
CUST-02893,Patricia Adams,Omni Capital,Professional Services & Consulting,patricia.adams2893@omnicapital.com,+1-710-639-8130,"New York, NY",2023-11-09,Churned
CUST-02894,Michelle Anderson,Starlight Digital,Retail & E-Commerce,michelle.anderson2894@starlightdig.com,+1-591-247-6004,"Boston, MA",2025-10-02,Active
CUST-02895,Daniel Martinez,Acro Global,Manufacturing & Industrial,daniel.martinez2895@acroglobal.com,+1-508-592-1412,"Berlin, Germany",2025-03-05,Inactive
CUST-02896,Susan Flores,Vertex Innovations,Manufacturing & Industrial,susan.flores2896@vertexinnova.com,+1-575-711-4358,"New York, NY",2026-02-13,Inactive
CUST-02897,Donna Young,Hyperion Enterprises,Manufacturing & Industrial,donna.young2897@hyperionente.com,+1-772-631-2361,"Seattle, WA",2026-01-19,Active
CUST-02898,Gary Clark,Horizon Dynamics,Healthcare & Life Sciences,gary.clark2898@horizondynam.com,+1-976-303-3067,"Seattle, WA",2023-04-09,At-Risk
CUST-02899,Ryan Nelson,Synapse Global,Media & Entertainment,ryan.nelson2899@synapsegloba.com,+1-722-601-7853,"New York, NY",2024-03-23,Inactive
CUST-02900,Deborah Thompson,Zenith Labs,Telecommunications,deborah.thompson2900@zenithlabs.com,+1-334-482-2254,"Austin, TX",2023-11-30,Active
CUST-02901,Jeffrey Clark,Horizon Analytics,Retail & E-Commerce,jeffrey.clark2901@horizonanaly.com,+1-501-684-8652,"London, UK",2023-07-09,At-Risk
CUST-02902,William Nelson,Synapse Health,SaaS & Cloud Software,william.nelson2902@synapsehealt.com,+1-413-570-1246,"Berlin, Germany",2025-01-16,Churned
CUST-02903,John Clark,Quantum Labs,Retail & E-Commerce,john.clark2903@quantumlabs.com,+1-780-694-5937,"Toronto, Canada",2024-10-07,Active
CUST-02904,Charles Rodriguez,Vanguard Innovations,Retail & E-Commerce,charles.rodriguez2904@vanguardinno.com,+1-515-254-6033,"Chicago, IL",2026-02-13,Active
CUST-02905,Rebecca Mitchell,Starlight Global,Healthcare & Life Sciences,rebecca.mitchell2905@starlightglo.com,+1-355-288-6509,"San Francisco, CA",2025-09-27,Active
CUST-02906,Sharon Turner,Omni Health,Professional Services & Consulting,sharon.turner2906@omnihealth.com,+1-566-462-3819,"Austin, TX",2022-02-18,Inactive
CUST-02907,Robert Sanchez,Aura Digital,Retail & E-Commerce,robert.sanchez2907@auradigital.com,+1-859-290-3027,"Boston, MA",2023-01-03,Inactive
CUST-02908,Richard Nelson,Zenith Health,Media & Entertainment,richard.nelson2908@zenithhealth.com,+1-760-763-2315,"Chicago, IL",2023-08-02,Active
CUST-02909,Charles Robinson,Vanguard Technologies,Telecommunications,charles.robinson2909@vanguardtech.com,+1-515-430-6527,"Chicago, IL",2026-02-26,Active
CUST-02910,Andrew Allen,Solstice Labs,Healthcare & Life Sciences,andrew.allen2910@solsticelabs.com,+1-267-740-9467,"Sydney, Australia",2023-08-14,Inactive
CUST-02911,Kimberly Nguyen,Pinnacle Capital,SaaS & Cloud Software,kimberly.nguyen2911@pinnaclecapi.com,+1-615-465-1299,"Denver, CO",2024-08-21,At-Risk
CUST-02912,Brian Diaz,Quantum Partners,Financial Services & FinTech,brian.diaz2912@quantumpartn.com,+1-387-293-3637,"New York, NY",2025-09-23,Active
CUST-02913,Melissa Martin,Stratosphere Logistics,Retail & E-Commerce,melissa.martin2913@stratosphere.com,+1-944-390-5049,"San Francisco, CA",2023-09-15,Churned
CUST-02914,Patricia Davis,Zenith Global,SaaS & Cloud Software,patricia.davis2914@zenithglobal.com,+1-826-740-7944,"Boston, MA",2023-07-02,Inactive
CUST-02915,James Evans,Vanguard Analytics,Healthcare & Life Sciences,james.evans2915@vanguardanal.com,+1-931-857-9277,"San Francisco, CA",2025-12-24,At-Risk
CUST-02916,Deborah Brown,Nexus Systems,Healthcare & Life Sciences,deborah.brown2916@nexussystems.com,+1-916-406-2720,"New York, NY",2026-02-22,At-Risk
CUST-02917,Laura Scott,Cognitive Health,SaaS & Cloud Software,laura.scott2917@cognitivehea.com,+1-292-482-1531,"San Francisco, CA",2024-11-23,Churned
CUST-02918,Mary Wilson,Prism Analytics,Financial Services & FinTech,mary.wilson2918@prismanalyti.com,+1-310-708-2620,"Chicago, IL",2024-10-28,Churned
CUST-02919,Cynthia Carter,Velocity Capital,Telecommunications,cynthia.carter2919@velocitycapi.com,+1-968-307-7356,"New York, NY",2023-04-28,Inactive
CUST-02920,Karen Carter,Catalyst Logistics,SaaS & Cloud Software,karen.carter2920@catalystlogi.com,+1-720-464-2614,"Sydney, Australia",2025-09-02,Active
CUST-02921,Andrew Diaz,Velocity Analytics,Professional Services & Consulting,andrew.diaz2921@velocityanal.com,+1-210-843-2973,"Seattle, WA",2025-10-04,At-Risk
CUST-02922,Elizabeth Wilson,Acro Innovations,Manufacturing & Industrial,elizabeth.wilson2922@acroinnovati.com,+1-743-369-2955,"Seattle, WA",2024-09-10,Churned
CUST-02923,Robert Walker,Synapse Capital,Media & Entertainment,robert.walker2923@synapsecapit.com,+1-963-203-8727,"Toronto, Canada",2024-08-22,Churned
CUST-02924,Sarah Roberts,Acro Health,SaaS & Cloud Software,sarah.roberts2924@acrohealth.com,+1-433-679-2834,"Sydney, Australia",2024-05-20,Active
CUST-02925,Rebecca Miller,Pinnacle Technologies,Financial Services & FinTech,rebecca.miller2925@pinnacletech.com,+1-682-358-3126,"London, UK",2025-11-06,At-Risk
CUST-02926,Margaret Baker,Elevate Labs,Telecommunications,margaret.baker2926@elevatelabs.com,+1-693-702-2976,"Boston, MA",2026-05-09,At-Risk
CUST-02927,Margaret Young,Aegis Partners,Manufacturing & Industrial,margaret.young2927@aegispartner.com,+1-659-629-2737,"New York, NY",2024-09-16,Churned
CUST-02928,James Lopez,Prism Capital,SaaS & Cloud Software,james.lopez2928@prismcapital.com,+1-941-762-7002,"Berlin, Germany",2023-04-02,Inactive
CUST-02929,Amanda Robinson,Solstice Technologies,SaaS & Cloud Software,amanda.robinson2929@solsticetech.com,+1-867-463-5803,"Austin, TX",2024-08-20,Churned
CUST-02930,Matthew Phillips,Starlight Dynamics,Manufacturing & Industrial,matthew.phillips2930@starlightdyn.com,+1-391-366-2991,"Denver, CO",2023-03-12,Active
CUST-02931,Ronald Nguyen,Nexus Labs,Telecommunications,ronald.nguyen2931@nexuslabs.com,+1-885-591-6773,"London, UK",2026-02-07,Active
CUST-02932,Ryan Taylor,Beacon Logistics,Media & Entertainment,ryan.taylor2932@beaconlogist.com,+1-599-653-6841,"New York, NY",2026-04-08,Active
CUST-02933,David Ramirez,Elevate Digital,Financial Services & FinTech,david.ramirez2933@elevatedigit.com,+1-792-573-3327,"Chicago, IL",2025-10-17,Active
CUST-02934,Barbara Lee,Nexus Digital,Financial Services & FinTech,barbara.lee2934@nexusdigital.com,+1-506-348-7363,"Denver, CO",2025-10-08,Active
CUST-02935,Elizabeth Smith,Meridian Technologies,Manufacturing & Industrial,elizabeth.smith2935@meridiantech.com,+1-573-247-9563,"Chicago, IL",2025-03-18,Churned
CUST-02936,Dorothy Gomez,Synapse Enterprises,Manufacturing & Industrial,dorothy.gomez2936@synapseenter.com,+1-967-315-9817,"Sydney, Australia",2023-04-07,At-Risk
CUST-02937,Mark Torres,Hyperion Enterprises,Retail & E-Commerce,mark.torres2937@hyperionente.com,+1-268-425-1386,"Toronto, Canada",2023-08-18,Churned
CUST-02938,Mary Martin,Quantum Digital,Telecommunications,mary.martin2938@quantumdigit.com,+1-277-215-6183,"London, UK",2025-09-01,Active
CUST-02939,Sandra Williams,Hyperion Solutions,Professional Services & Consulting,sandra.williams2939@hyperionsolu.com,+1-587-687-6975,"San Francisco, CA",2026-05-07,At-Risk
CUST-02940,Deborah Hall,Prism Global,Manufacturing & Industrial,deborah.hall2940@prismglobal.com,+1-884-829-6406,"Chicago, IL",2023-02-28,Active
CUST-02941,Sandra Martin,Horizon Solutions,Financial Services & FinTech,sandra.martin2941@horizonsolut.com,+1-534-217-2941,"New York, NY",2026-02-23,At-Risk
CUST-02942,Kimberly Young,Pinnacle Enterprises,Healthcare & Life Sciences,kimberly.young2942@pinnacleente.com,+1-718-799-7954,"Atlanta, GA",2025-07-16,Inactive
CUST-02943,Jessica Lee,Meridian Systems,Professional Services & Consulting,jessica.lee2943@meridiansyst.com,+1-963-313-3241,"Seattle, WA",2022-10-19,At-Risk
CUST-02944,Elizabeth Lewis,Meridian Innovations,Financial Services & FinTech,elizabeth.lewis2944@meridianinno.com,+1-440-806-7096,"Austin, TX",2025-02-26,Churned
CUST-02945,Amy Allen,Quantum Innovations,Professional Services & Consulting,amy.allen2945@quantuminnov.com,+1-359-585-1747,"Boston, MA",2025-09-11,Churned
CUST-02946,Cynthia Hernandez,Vanguard Digital,Telecommunications,cynthia.hernandez2946@vanguarddigi.com,+1-358-502-5795,"New York, NY",2021-10-09,Inactive
CUST-02947,Sharon Carter,CoreTech Partners,Professional Services & Consulting,sharon.carter2947@coretechpart.com,+1-633-673-8676,"Boston, MA",2026-04-05,Active
CUST-02948,Charles Williams,Catalyst Solutions,Media & Entertainment,charles.williams2948@catalystsolu.com,+1-228-671-4335,"San Francisco, CA",2026-04-28,Active
CUST-02949,Linda Evans,Solstice Analytics,Financial Services & FinTech,linda.evans2949@solsticeanal.com,+1-594-469-8875,"Seattle, WA",2025-03-06,At-Risk
CUST-02950,Sandra Walker,Aura Digital,SaaS & Cloud Software,sandra.walker2950@auradigital.com,+1-301-698-6210,"Chicago, IL",2023-09-28,Inactive
CUST-02951,Donna Anderson,Solstice Technologies,Healthcare & Life Sciences,donna.anderson2951@solsticetech.com,+1-504-274-5943,"Atlanta, GA",2023-06-13,Churned
CUST-02952,Michelle Rivera,Acro Logistics,Healthcare & Life Sciences,michelle.rivera2952@acrologistic.com,+1-252-365-3830,"Denver, CO",2025-10-11,At-Risk
CUST-02953,Kevin Taylor,Starlight Labs,Telecommunications,kevin.taylor2953@starlightlab.com,+1-741-612-3416,"Berlin, Germany",2024-06-26,Churned
CUST-02954,Laura Lopez,Horizon Capital,Retail & E-Commerce,laura.lopez2954@horizoncapit.com,+1-660-626-8022,"New York, NY",2023-10-25,Inactive
CUST-02955,Steven Rodriguez,Apex Analytics,Telecommunications,steven.rodriguez2955@apexanalytic.com,+1-412-347-8835,"Berlin, Germany",2026-02-16,Inactive
CUST-02956,David Parker,Zenith Systems,Professional Services & Consulting,david.parker2956@zenithsystem.com,+1-945-761-7568,"Chicago, IL",2026-04-04,Active
CUST-02957,Jacob Clark,Zenith Dynamics,Professional Services & Consulting,jacob.clark2957@zenithdynami.com,+1-329-423-9667,"London, UK",2024-03-12,Churned
CUST-02958,Sharon Campbell,Solstice Partners,Media & Entertainment,sharon.campbell2958@solsticepart.com,+1-254-616-1494,"London, UK",2024-05-31,Inactive
CUST-02959,Dorothy King,Solstice Global,Manufacturing & Industrial,dorothy.king2959@solsticeglob.com,+1-259-542-7070,"Austin, TX",2025-06-05,At-Risk
CUST-02960,Donald Taylor,Apex Innovations,SaaS & Cloud Software,donald.taylor2960@apexinnovati.com,+1-738-818-3372,"Berlin, Germany",2025-06-09,Churned
CUST-02961,Jacob Gonzalez,Cognitive Global,Financial Services & FinTech,jacob.gonzalez2961@cognitiveglo.com,+1-811-660-8029,"Seattle, WA",2023-06-16,At-Risk
CUST-02962,Steven Roberts,Apex Innovations,Manufacturing & Industrial,steven.roberts2962@apexinnovati.com,+1-872-529-7741,"Berlin, Germany",2023-12-02,At-Risk
CUST-02963,Laura Brown,CoreTech Analytics,Media & Entertainment,laura.brown2963@coretechanal.com,+1-928-547-6640,"Atlanta, GA",2026-04-21,Active
CUST-02964,Steven Hernandez,Pinnacle Partners,Financial Services & FinTech,steven.hernandez2964@pinnaclepart.com,+1-922-228-4952,"London, UK",2023-03-03,Inactive
CUST-02965,Dorothy Martinez,Synapse Analytics,Manufacturing & Industrial,dorothy.martinez2965@synapseanaly.com,+1-968-333-8461,"Denver, CO",2022-10-27,Inactive
CUST-02966,Anthony Lopez,Nexus Digital,Healthcare & Life Sciences,anthony.lopez2966@nexusdigital.com,+1-859-350-8899,"Austin, TX",2023-08-12,Churned
CUST-02967,Susan Miller,Starlight Solutions,Media & Entertainment,susan.miller2967@starlightsol.com,+1-867-701-7978,"Seattle, WA",2023-09-22,Churned
CUST-02968,Jessica Young,Quantum Global,Healthcare & Life Sciences,jessica.young2968@quantumgloba.com,+1-502-361-9899,"New York, NY",2025-12-12,Active
CUST-02969,Melissa Davis,Prism Enterprises,Telecommunications,melissa.davis2969@prismenterpr.com,+1-767-438-1530,"London, UK",2024-07-20,Inactive
CUST-02970,Melissa Lopez,Quantum Partners,Telecommunications,melissa.lopez2970@quantumpartn.com,+1-209-412-3935,"London, UK",2026-02-03,At-Risk
CUST-02971,Lisa Johnson,Synapse Digital,Telecommunications,lisa.johnson2971@synapsedigit.com,+1-763-214-2567,"London, UK",2023-08-21,At-Risk
CUST-02972,Paul Lopez,Aura Global,Retail & E-Commerce,paul.lopez2972@auraglobal.com,+1-280-262-7919,"Atlanta, GA",2025-10-24,Active
CUST-02973,Patricia Parker,Vertex Analytics,Media & Entertainment,patricia.parker2973@vertexanalyt.com,+1-422-282-7554,"New York, NY",2024-06-21,Churned
CUST-02974,Matthew Lewis,Starlight Technologies,Professional Services & Consulting,matthew.lewis2974@starlighttec.com,+1-212-233-5771,"Berlin, Germany",2024-01-08,Churned
CUST-02975,Margaret Wilson,Synapse Global,Media & Entertainment,margaret.wilson2975@synapsegloba.com,+1-460-486-7172,"Austin, TX",2024-02-14,Inactive
CUST-02976,Mark Diaz,Quantum Partners,Media & Entertainment,mark.diaz2976@quantumpartn.com,+1-777-485-8267,"Austin, TX",2022-09-09,Active
CUST-02977,Sharon Thomas,Horizon Technologies,Manufacturing & Industrial,sharon.thomas2977@horizontechn.com,+1-234-607-6326,"London, UK",2023-09-09,Churned
CUST-02978,Dorothy Brown,Synapse Innovations,Professional Services & Consulting,dorothy.brown2978@synapseinnov.com,+1-916-818-4587,"San Francisco, CA",2023-01-04,At-Risk
CUST-02979,Mark Rodriguez,Acro Digital,Healthcare & Life Sciences,mark.rodriguez2979@acrodigital.com,+1-385-753-2425,"Atlanta, GA",2024-02-20,Churned
CUST-02980,Christopher Torres,Quantum Partners,Telecommunications,christopher.torres2980@quantumpartn.com,+1-557-867-1782,"Chicago, IL",2024-03-23,Inactive
CUST-02981,Joshua Roberts,Cognitive Partners,Telecommunications,joshua.roberts2981@cognitivepar.com,+1-329-640-7877,"New York, NY",2024-12-24,Inactive
CUST-02982,Laura Sanchez,Velocity Innovations,Healthcare & Life Sciences,laura.sanchez2982@velocityinno.com,+1-371-766-5976,"Atlanta, GA",2023-04-22,Inactive
CUST-02983,Amanda Wilson,Cognitive Analytics,Retail & E-Commerce,amanda.wilson2983@cognitiveana.com,+1-967-841-7121,"London, UK",2024-09-27,Churned
CUST-02984,Robert Lewis,CoreTech Technologies,Telecommunications,robert.lewis2984@coretechtech.com,+1-203-628-9112,"Boston, MA",2023-06-27,Churned
CUST-02985,George Carter,Pinnacle Partners,SaaS & Cloud Software,george.carter2985@pinnaclepart.com,+1-246-758-1167,"Austin, TX",2025-10-28,Inactive
CUST-02986,Susan Torres,Synapse Health,SaaS & Cloud Software,susan.torres2986@synapsehealt.com,+1-391-279-7085,"Austin, TX",2023-02-21,Inactive
CUST-02987,Joshua Evans,Vanguard Health,SaaS & Cloud Software,joshua.evans2987@vanguardheal.com,+1-466-755-1566,"Boston, MA",2022-07-29,Inactive
CUST-02988,Mark Lopez,Synapse Innovations,Manufacturing & Industrial,mark.lopez2988@synapseinnov.com,+1-412-377-1107,"Chicago, IL",2025-08-04,Active
CUST-02989,Nancy Thomas,Catalyst Solutions,SaaS & Cloud Software,nancy.thomas2989@catalystsolu.com,+1-584-867-6429,"Austin, TX",2025-05-06,Churned
CUST-02990,Brian Diaz,Nexus Solutions,Manufacturing & Industrial,brian.diaz2990@nexussolutio.com,+1-491-536-1547,"Seattle, WA",2024-09-10,Inactive
CUST-02991,Mark Diaz,Beacon Health,Retail & E-Commerce,mark.diaz2991@beaconhealth.com,+1-414-838-4172,"Sydney, Australia",2023-02-28,Inactive
CUST-02992,Ashley Gonzalez,Synapse Enterprises,Manufacturing & Industrial,ashley.gonzalez2992@synapseenter.com,+1-368-806-7991,"Denver, CO",2025-04-16,Churned
CUST-02993,Thomas Smith,Horizon Technologies,Professional Services & Consulting,thomas.smith2993@horizontechn.com,+1-965-751-4776,"London, UK",2025-11-24,At-Risk
CUST-02994,Jessica Rodriguez,Omni Labs,Retail & E-Commerce,jessica.rodriguez2994@omnilabs.com,+1-366-793-1942,"San Francisco, CA",2025-12-28,At-Risk
CUST-02995,Jeffrey Roberts,Aegis Labs,Telecommunications,jeffrey.roberts2995@aegislabs.com,+1-827-815-3193,"Seattle, WA",2023-06-01,Active
CUST-02996,Linda Davis,Hyperion Systems,Media & Entertainment,linda.davis2996@hyperionsyst.com,+1-403-277-8882,"Denver, CO",2023-11-25,Inactive
CUST-02997,Ryan Martin,Cognitive Innovations,Retail & E-Commerce,ryan.martin2997@cognitiveinn.com,+1-268-215-7290,"Austin, TX",2024-09-27,At-Risk
CUST-02998,Lisa Hill,Starlight Partners,Retail & E-Commerce,lisa.hill2998@starlightpar.com,+1-296-779-4328,"Berlin, Germany",2022-12-01,At-Risk
CUST-02999,Laura Perez,Elevate Labs,Financial Services & FinTech,laura.perez2999@elevatelabs.com,+1-336-385-7480,"London, UK",2024-11-23,Inactive
CUST-03000,Laura Jones,Zenith Systems,Financial Services & FinTech,laura.jones3000@zenithsystem.com,+1-582-437-7566,"Atlanta, GA",2023-06-29,Inactive
CUST-03001,Thomas Ramirez,Omni Analytics,Professional Services & Consulting,thomas.ramirez3001@omnianalytic.com,+1-884-720-7531,"Austin, TX",2026-05-06,Active
CUST-03002,Steven Harris,Quantum Dynamics,SaaS & Cloud Software,steven.harris3002@quantumdynam.com,+1-636-323-8349,"London, UK",2024-07-28,Churned
CUST-03003,Sandra Johnson,Apex Health,Healthcare & Life Sciences,sandra.johnson3003@apexhealth.com,+1-960-745-5400,"Berlin, Germany",2024-06-30,Inactive
CUST-03004,Kenneth Parker,Hyperion Enterprises,SaaS & Cloud Software,kenneth.parker3004@hyperionente.com,+1-371-308-2028,"Chicago, IL",2025-08-29,Active
CUST-03005,Amanda Hall,Vanguard Partners,Professional Services & Consulting,amanda.hall3005@vanguardpart.com,+1-211-525-2541,"Seattle, WA",2026-02-10,Active
CUST-03006,Paul Wilson,CoreTech Labs,Healthcare & Life Sciences,paul.wilson3006@coretechlabs.com,+1-796-855-2721,"San Francisco, CA",2023-10-10,Churned
CUST-03007,Joshua Thomas,Aura Partners,SaaS & Cloud Software,joshua.thomas3007@aurapartners.com,+1-653-696-8552,"Toronto, Canada",2024-07-18,Inactive
CUST-03008,Sarah Taylor,Acro Health,Healthcare & Life Sciences,sarah.taylor3008@acrohealth.com,+1-910-457-3151,"Seattle, WA",2023-04-11,Active
CUST-03009,Karen Garcia,Solstice Capital,Manufacturing & Industrial,karen.garcia3009@solsticecapi.com,+1-461-843-6264,"Sydney, Australia",2025-07-07,Inactive
CUST-03010,Joseph Nguyen,Synapse Digital,SaaS & Cloud Software,joseph.nguyen3010@synapsedigit.com,+1-756-694-9071,"Boston, MA",2022-06-09,Inactive
CUST-03011,Jennifer Ramirez,Meridian Logistics,Telecommunications,jennifer.ramirez3011@meridianlogi.com,+1-404-413-4841,"London, UK",2026-05-13,Active
CUST-03012,Nancy Nguyen,Cognitive Capital,Telecommunications,nancy.nguyen3012@cognitivecap.com,+1-298-566-1936,"Seattle, WA",2026-02-08,At-Risk
CUST-03013,Nancy Perez,Acro Digital,Retail & E-Commerce,nancy.perez3013@acrodigital.com,+1-482-258-9515,"Denver, CO",2024-12-10,At-Risk
CUST-03014,Kevin Green,Solstice Labs,Professional Services & Consulting,kevin.green3014@solsticelabs.com,+1-740-743-4147,"Sydney, Australia",2024-04-04,At-Risk
CUST-03015,Nancy Roberts,Aegis Digital,Telecommunications,nancy.roberts3015@aegisdigital.com,+1-690-338-7627,"Sydney, Australia",2025-08-29,Active
CUST-03016,Daniel Johnson,CoreTech Capital,Retail & E-Commerce,daniel.johnson3016@coretechcapi.com,+1-694-328-3757,"Denver, CO",2024-01-22,Active
CUST-03017,George Martin,Stratosphere Partners,Professional Services & Consulting,george.martin3017@stratosphere.com,+1-583-282-7419,"Sydney, Australia",2024-09-04,Churned
CUST-03018,Nancy Scott,Synapse Dynamics,Healthcare & Life Sciences,nancy.scott3018@synapsedynam.com,+1-209-308-9737,"Seattle, WA",2024-01-16,Active
CUST-03019,Lisa Thompson,CoreTech Labs,Telecommunications,lisa.thompson3019@coretechlabs.com,+1-976-507-8327,"Austin, TX",2022-05-06,Inactive
CUST-03020,Daniel Scott,Pinnacle Systems,Retail & E-Commerce,daniel.scott3020@pinnaclesyst.com,+1-862-213-2485,"Austin, TX",2025-08-18,Churned
CUST-03021,Nancy Gomez,Synapse Systems,Retail & E-Commerce,nancy.gomez3021@synapsesyste.com,+1-495-783-3867,"San Francisco, CA",2024-09-10,At-Risk
CUST-03022,Mary Gomez,Apex Health,Telecommunications,mary.gomez3022@apexhealth.com,+1-375-654-1651,"Denver, CO",2023-01-17,Active
CUST-03023,Sarah Clark,Beacon Technologies,Retail & E-Commerce,sarah.clark3023@beacontechno.com,+1-254-794-6919,"Seattle, WA",2026-04-02,Active
CUST-03024,Sharon Gonzalez,Synapse Solutions,Media & Entertainment,sharon.gonzalez3024@synapsesolut.com,+1-863-240-1307,"Boston, MA",2023-01-06,Active
CUST-03025,Sandra Flores,Vertex Technologies,Financial Services & FinTech,sandra.flores3025@vertextechno.com,+1-425-451-7074,"London, UK",2022-05-30,Active
CUST-03026,Margaret Wright,Elevate Dynamics,Healthcare & Life Sciences,margaret.wright3026@elevatedynam.com,+1-506-674-2534,"Austin, TX",2022-08-16,Inactive
CUST-03027,Barbara Nguyen,Vanguard Global,SaaS & Cloud Software,barbara.nguyen3027@vanguardglob.com,+1-248-629-1348,"Sydney, Australia",2025-05-26,Inactive
CUST-03028,Charles Robinson,Meridian Logistics,SaaS & Cloud Software,charles.robinson3028@meridianlogi.com,+1-610-487-7557,"Seattle, WA",2026-04-07,Active
CUST-03029,Joseph Baker,CoreTech Global,SaaS & Cloud Software,joseph.baker3029@coretechglob.com,+1-647-332-7404,"Atlanta, GA",2026-06-14,Active
CUST-03030,Andrew Wilson,Zenith Capital,Professional Services & Consulting,andrew.wilson3030@zenithcapita.com,+1-216-786-6334,"New York, NY",2026-06-20,Active
CUST-03031,Sandra Robinson,Synapse Systems,Retail & E-Commerce,sandra.robinson3031@synapsesyste.com,+1-293-655-7973,"Denver, CO",2025-06-26,Active
CUST-03032,Charles Diaz,Vanguard Logistics,Financial Services & FinTech,charles.diaz3032@vanguardlogi.com,+1-403-620-2878,"Chicago, IL",2023-07-12,At-Risk
CUST-03033,Mary Adams,Elevate Enterprises,Retail & E-Commerce,mary.adams3033@elevateenter.com,+1-296-645-5909,"Sydney, Australia",2023-11-24,Churned
CUST-03034,Sarah Gonzalez,Zenith Solutions,Telecommunications,sarah.gonzalez3034@zenithsoluti.com,+1-483-494-2905,"Seattle, WA",2024-04-02,Inactive
CUST-03035,Margaret Robinson,Synapse Analytics,Media & Entertainment,margaret.robinson3035@synapseanaly.com,+1-598-735-6931,"Berlin, Germany",2023-03-13,Inactive
CUST-03036,Kathleen Clark,Starlight Technologies,Telecommunications,kathleen.clark3036@starlighttec.com,+1-414-457-5789,"Sydney, Australia",2023-02-24,At-Risk
CUST-03037,Lisa Flores,Nexus Partners,Retail & E-Commerce,lisa.flores3037@nexuspartner.com,+1-272-684-6370,"Denver, CO",2023-08-26,Inactive
CUST-03038,Carol Miller,Solstice Capital,Media & Entertainment,carol.miller3038@solsticecapi.com,+1-289-706-4093,"New York, NY",2026-05-28,Active
CUST-03039,Daniel Martin,Zenith Dynamics,SaaS & Cloud Software,daniel.martin3039@zenithdynami.com,+1-494-773-4591,"Austin, TX",2021-11-20,Active
CUST-03040,Jeffrey Martin,Omni Labs,Retail & E-Commerce,jeffrey.martin3040@omnilabs.com,+1-988-708-3756,"San Francisco, CA",2026-06-10,Active
CUST-03041,Mark Moore,Catalyst Global,Professional Services & Consulting,mark.moore3041@catalystglob.com,+1-714-598-5186,"Chicago, IL",2025-08-28,Active
CUST-03042,Laura Torres,Starlight Technologies,Healthcare & Life Sciences,laura.torres3042@starlighttec.com,+1-501-748-7057,"Seattle, WA",2025-10-31,Inactive
CUST-03043,Mark Harris,Starlight Dynamics,Telecommunications,mark.harris3043@starlightdyn.com,+1-782-242-5601,"Toronto, Canada",2022-11-24,Active
CUST-03044,Cynthia Lopez,Stratosphere Capital,Telecommunications,cynthia.lopez3044@stratosphere.com,+1-924-472-2035,"Sydney, Australia",2024-03-20,Active
CUST-03045,Mary Smith,Elevate Innovations,Manufacturing & Industrial,mary.smith3045@elevateinnov.com,+1-546-840-6127,"Toronto, Canada",2025-07-26,Churned
CUST-03046,Kathleen Mitchell,Omni Dynamics,Financial Services & FinTech,kathleen.mitchell3046@omnidynamics.com,+1-944-485-4841,"Denver, CO",2023-11-08,Churned
CUST-03047,Michelle Roberts,Cognitive Health,SaaS & Cloud Software,michelle.roberts3047@cognitivehea.com,+1-796-425-8814,"New York, NY",2022-10-10,At-Risk
CUST-03048,Elizabeth Taylor,Aura Global,SaaS & Cloud Software,elizabeth.taylor3048@auraglobal.com,+1-701-863-7726,"Boston, MA",2025-07-07,Inactive
CUST-03049,Richard Jackson,Vanguard Analytics,Retail & E-Commerce,richard.jackson3049@vanguardanal.com,+1-418-668-1839,"Boston, MA",2023-03-02,Active
CUST-03050,Ronald Campbell,Beacon Solutions,Media & Entertainment,ronald.campbell3050@beaconsoluti.com,+1-560-625-5200,"Berlin, Germany",2022-07-28,Inactive
CUST-03051,Rebecca Diaz,Acro Dynamics,Telecommunications,rebecca.diaz3051@acrodynamics.com,+1-614-766-2100,"Chicago, IL",2023-10-18,At-Risk
CUST-03052,Melissa Nelson,Prism Digital,Financial Services & FinTech,melissa.nelson3052@prismdigital.com,+1-582-729-1549,"Toronto, Canada",2025-05-27,At-Risk
CUST-03053,Linda Martinez,Acro Analytics,Healthcare & Life Sciences,linda.martinez3053@acroanalytic.com,+1-313-211-9470,"London, UK",2025-10-02,Inactive
CUST-03054,Donna Perez,Nexus Digital,Media & Entertainment,donna.perez3054@nexusdigital.com,+1-776-594-1334,"Berlin, Germany",2022-08-24,Inactive
CUST-03055,Emily Thomas,Catalyst Global,Telecommunications,emily.thomas3055@catalystglob.com,+1-546-237-4733,"New York, NY",2026-06-09,Active
CUST-03056,Ashley Lewis,Omni Global,Manufacturing & Industrial,ashley.lewis3056@omniglobal.com,+1-228-605-8914,"Chicago, IL",2024-06-28,Inactive
CUST-03057,Jeffrey Nelson,Stratosphere Technologies,Telecommunications,jeffrey.nelson3057@stratosphere.com,+1-918-323-9978,"Atlanta, GA",2026-06-29,Active
CUST-03058,Sarah Lopez,CoreTech Dynamics,Telecommunications,sarah.lopez3058@coretechdyna.com,+1-687-788-5607,"Denver, CO",2024-05-24,Active
CUST-03059,William Flores,Apex Labs,Media & Entertainment,william.flores3059@apexlabs.com,+1-863-719-8059,"Toronto, Canada",2023-09-12,At-Risk
CUST-03060,Kevin Wilson,Solstice Labs,Professional Services & Consulting,kevin.wilson3060@solsticelabs.com,+1-813-247-7344,"Berlin, Germany",2025-09-23,Inactive
CUST-03061,Jacob Carter,Stratosphere Health,Telecommunications,jacob.carter3061@stratosphere.com,+1-512-896-3771,"Chicago, IL",2024-08-12,At-Risk
CUST-03062,Kathleen Sanchez,Apex Digital,Professional Services & Consulting,kathleen.sanchez3062@apexdigital.com,+1-531-222-5959,"Berlin, Germany",2022-02-09,Active
CUST-03063,Sarah Rodriguez,Quantum Digital,Media & Entertainment,sarah.rodriguez3063@quantumdigit.com,+1-469-863-7923,"New York, NY",2026-06-21,Active
CUST-03064,Elizabeth Wright,Beacon Logistics,Media & Entertainment,elizabeth.wright3064@beaconlogist.com,+1-617-600-4374,"New York, NY",2026-01-02,Active
CUST-03065,Lisa Turner,Nexus Labs,Financial Services & FinTech,lisa.turner3065@nexuslabs.com,+1-982-366-1242,"Denver, CO",2026-02-09,Active
CUST-03066,Jacob Gonzalez,Cognitive Health,Healthcare & Life Sciences,jacob.gonzalez3066@cognitivehea.com,+1-831-282-9790,"Toronto, Canada",2022-11-23,Inactive
CUST-03067,Christopher Young,Quantum Capital,Healthcare & Life Sciences,christopher.young3067@quantumcapit.com,+1-920-530-4343,"Denver, CO",2021-10-12,Active
CUST-03068,Sandra Robinson,Vertex Analytics,SaaS & Cloud Software,sandra.robinson3068@vertexanalyt.com,+1-634-515-5299,"Toronto, Canada",2026-04-19,At-Risk
CUST-03069,Nancy Sanchez,Cognitive Enterprises,Healthcare & Life Sciences,nancy.sanchez3069@cognitiveent.com,+1-412-805-9774,"New York, NY",2023-11-14,Inactive
CUST-03070,Donald Garcia,Aura Labs,Manufacturing & Industrial,donald.garcia3070@auralabs.com,+1-510-855-1315,"Seattle, WA",2025-11-26,Active
CUST-03071,Joseph Jackson,Catalyst Labs,Telecommunications,joseph.jackson3071@catalystlabs.com,+1-228-589-3943,"Atlanta, GA",2023-07-18,Churned
CUST-03072,David Flores,Aegis Partners,Media & Entertainment,david.flores3072@aegispartner.com,+1-203-576-5234,"Chicago, IL",2025-10-26,At-Risk
CUST-03073,Christopher Moore,Vanguard Capital,Retail & E-Commerce,christopher.moore3073@vanguardcapi.com,+1-452-255-3403,"Berlin, Germany",2024-05-03,Inactive
CUST-03074,Elizabeth Robinson,CoreTech Capital,Financial Services & FinTech,elizabeth.robinson3074@coretechcapi.com,+1-683-714-1091,"Denver, CO",2023-06-30,At-Risk
CUST-03075,Deborah Green,Beacon Logistics,Retail & E-Commerce,deborah.green3075@beaconlogist.com,+1-428-894-2866,"Berlin, Germany",2026-05-19,Active
CUST-03076,Carol Adams,Solstice Health,SaaS & Cloud Software,carol.adams3076@solsticeheal.com,+1-589-866-5138,"San Francisco, CA",2024-12-25,Inactive
CUST-03077,Charles Diaz,Velocity Capital,Financial Services & FinTech,charles.diaz3077@velocitycapi.com,+1-202-404-8352,"Seattle, WA",2024-02-15,Inactive
CUST-03078,Jennifer Davis,Meridian Technologies,Healthcare & Life Sciences,jennifer.davis3078@meridiantech.com,+1-846-505-1696,"Denver, CO",2022-01-01,Active
CUST-03079,Laura Brown,Stratosphere Technologies,SaaS & Cloud Software,laura.brown3079@stratosphere.com,+1-856-267-8442,"Toronto, Canada",2025-06-02,At-Risk
CUST-03080,Christopher Sanchez,Hyperion Capital,Healthcare & Life Sciences,christopher.sanchez3080@hyperioncapi.com,+1-625-763-3848,"London, UK",2024-01-31,Inactive
CUST-03081,Emily Turner,Prism Partners,Professional Services & Consulting,emily.turner3081@prismpartner.com,+1-877-219-8498,"New York, NY",2024-09-21,Churned
CUST-03082,Charles King,Solstice Logistics,Professional Services & Consulting,charles.king3082@solsticelogi.com,+1-389-856-8650,"London, UK",2024-07-17,Inactive
CUST-03083,Kimberly Garcia,Vertex Global,SaaS & Cloud Software,kimberly.garcia3083@vertexglobal.com,+1-807-315-7305,"Denver, CO",2022-12-08,Inactive
CUST-03084,Joseph Hernandez,Meridian Global,Telecommunications,joseph.hernandez3084@meridianglob.com,+1-216-770-1542,"Austin, TX",2025-08-23,Active
CUST-03085,Sarah Turner,Apex Systems,Financial Services & FinTech,sarah.turner3085@apexsystems.com,+1-259-850-3870,"Atlanta, GA",2025-06-20,Churned
CUST-03086,Rebecca Gonzalez,Aura Enterprises,Retail & E-Commerce,rebecca.gonzalez3086@auraenterpri.com,+1-424-533-7250,"Boston, MA",2026-03-31,Active
CUST-03087,Lisa Adams,Omni Innovations,Media & Entertainment,lisa.adams3087@omniinnovati.com,+1-284-382-1179,"New York, NY",2023-09-17,Inactive
CUST-03088,Emily Phillips,Aura Logistics,Healthcare & Life Sciences,emily.phillips3088@auralogistic.com,+1-367-873-7126,"Boston, MA",2025-07-16,At-Risk
CUST-03089,Betty Clark,Elevate Technologies,Financial Services & FinTech,betty.clark3089@elevatetechn.com,+1-429-669-6967,"Austin, TX",2026-03-17,Active
CUST-03090,Ashley Smith,Synapse Capital,Retail & E-Commerce,ashley.smith3090@synapsecapit.com,+1-663-614-1963,"London, UK",2025-06-07,At-Risk
CUST-03091,Ashley Flores,Beacon Logistics,Media & Entertainment,ashley.flores3091@beaconlogist.com,+1-336-500-4969,"New York, NY",2026-02-27,Active
CUST-03092,Edward Lee,Hyperion Partners,Retail & E-Commerce,edward.lee3092@hyperionpart.com,+1-561-563-4642,"New York, NY",2026-05-19,At-Risk
CUST-03093,Jason Taylor,Solstice Labs,Financial Services & FinTech,jason.taylor3093@solsticelabs.com,+1-746-650-7016,"Sydney, Australia",2025-05-24,At-Risk
CUST-03094,Kimberly Baker,Apex Systems,Telecommunications,kimberly.baker3094@apexsystems.com,+1-479-722-9958,"Sydney, Australia",2024-06-04,Churned
CUST-03095,Charles Davis,Catalyst Partners,Media & Entertainment,charles.davis3095@catalystpart.com,+1-455-730-7052,"Atlanta, GA",2022-05-02,Active
CUST-03096,Kimberly Rivera,Beacon Global,Healthcare & Life Sciences,kimberly.rivera3096@beaconglobal.com,+1-331-436-8010,"Chicago, IL",2025-08-26,At-Risk
CUST-03097,John Harris,Beacon Labs,Media & Entertainment,john.harris3097@beaconlabs.com,+1-840-741-7680,"London, UK",2025-07-19,Inactive
CUST-03098,Andrew Nguyen,Vertex Dynamics,Professional Services & Consulting,andrew.nguyen3098@vertexdynami.com,+1-518-780-8939,"London, UK",2024-09-14,Active
CUST-03099,Daniel Rodriguez,CoreTech Technologies,Retail & E-Commerce,daniel.rodriguez3099@coretechtech.com,+1-820-737-7339,"Austin, TX",2021-09-29,Inactive
CUST-03100,Lisa Hernandez,Pinnacle Health,Healthcare & Life Sciences,lisa.hernandez3100@pinnacleheal.com,+1-594-626-7523,"New York, NY",2024-10-05,At-Risk
CUST-03101,Elizabeth Robinson,Cognitive Health,Telecommunications,elizabeth.robinson3101@cognitivehea.com,+1-394-553-7176,"Austin, TX",2025-03-20,Active
CUST-03102,Karen Nguyen,CoreTech Health,Manufacturing & Industrial,karen.nguyen3102@coretechheal.com,+1-529-766-8822,"Chicago, IL",2023-09-14,Churned
CUST-03103,Stephanie Scott,Solstice Analytics,Media & Entertainment,stephanie.scott3103@solsticeanal.com,+1-826-391-7097,"Atlanta, GA",2023-01-27,Inactive
CUST-03104,Sharon Smith,Prism Solutions,Manufacturing & Industrial,sharon.smith3104@prismsolutio.com,+1-738-376-1800,"Boston, MA",2026-05-14,Active
CUST-03105,Steven Hill,Vanguard Solutions,Professional Services & Consulting,steven.hill3105@vanguardsolu.com,+1-818-740-4106,"Chicago, IL",2023-12-19,Inactive
CUST-03106,William Martinez,Hyperion Global,SaaS & Cloud Software,william.martinez3106@hyperionglob.com,+1-205-268-5744,"New York, NY",2025-05-29,At-Risk
CUST-03107,Joshua Brown,Velocity Logistics,Media & Entertainment,joshua.brown3107@velocitylogi.com,+1-351-831-2103,"Denver, CO",2025-11-28,Churned
CUST-03108,Donna Mitchell,Velocity Logistics,Manufacturing & Industrial,donna.mitchell3108@velocitylogi.com,+1-492-777-2158,"New York, NY",2024-01-28,At-Risk
CUST-03109,Betty Martin,Quantum Technologies,Manufacturing & Industrial,betty.martin3109@quantumtechn.com,+1-789-707-6265,"Toronto, Canada",2026-02-14,Active
CUST-03110,Karen Green,Horizon Analytics,Healthcare & Life Sciences,karen.green3110@horizonanaly.com,+1-806-827-9849,"New York, NY",2026-05-24,Active
CUST-03111,Sharon Adams,Aegis Partners,Telecommunications,sharon.adams3111@aegispartner.com,+1-364-883-3218,"Boston, MA",2025-09-25,At-Risk
CUST-03112,Emily Smith,Aegis Health,Healthcare & Life Sciences,emily.smith3112@aegishealth.com,+1-732-387-4826,"New York, NY",2022-11-30,Inactive
CUST-03113,Carol Turner,Vanguard Technologies,Media & Entertainment,carol.turner3113@vanguardtech.com,+1-639-823-2676,"Denver, CO",2024-12-01,Churned
CUST-03114,Dorothy Scott,Elevate Global,Healthcare & Life Sciences,dorothy.scott3114@elevategloba.com,+1-759-234-7062,"London, UK",2023-10-22,Active
CUST-03115,Stephanie Wright,Hyperion Technologies,Financial Services & FinTech,stephanie.wright3115@hyperiontech.com,+1-875-573-5030,"Atlanta, GA",2025-07-25,Active
CUST-03116,James Lewis,Elevate Global,Telecommunications,james.lewis3116@elevategloba.com,+1-739-640-6459,"San Francisco, CA",2024-04-29,Inactive
CUST-03117,Kathleen Martinez,Starlight Labs,Retail & E-Commerce,kathleen.martinez3117@starlightlab.com,+1-518-453-6035,"New York, NY",2024-02-16,Churned
CUST-03118,Gary Taylor,Quantum Digital,Healthcare & Life Sciences,gary.taylor3118@quantumdigit.com,+1-431-274-4181,"Seattle, WA",2023-09-18,At-Risk
CUST-03119,Kathleen Nelson,Elevate Innovations,Telecommunications,kathleen.nelson3119@elevateinnov.com,+1-214-253-9129,"San Francisco, CA",2022-12-17,Inactive
CUST-03120,Gary Young,Stratosphere Logistics,Healthcare & Life Sciences,gary.young3120@stratosphere.com,+1-709-558-2017,"San Francisco, CA",2024-10-11,Inactive
CUST-03121,Mark Clark,Vertex Labs,Healthcare & Life Sciences,mark.clark3121@vertexlabs.com,+1-351-541-2162,"New York, NY",2025-08-15,Active
CUST-03122,Margaret King,Meridian Systems,Manufacturing & Industrial,margaret.king3122@meridiansyst.com,+1-242-394-5886,"Atlanta, GA",2023-03-02,Inactive
CUST-03123,Lisa Phillips,Prism Partners,Retail & E-Commerce,lisa.phillips3123@prismpartner.com,+1-660-493-1001,"Boston, MA",2023-10-06,Active
CUST-03124,Paul Young,Pinnacle Technologies,Media & Entertainment,paul.young3124@pinnacletech.com,+1-748-625-3108,"Sydney, Australia",2023-05-20,At-Risk
CUST-03125,Mark Lee,Vertex Technologies,Media & Entertainment,mark.lee3125@vertextechno.com,+1-530-278-2168,"Denver, CO",2023-06-05,Churned
CUST-03126,Jacob Green,Nexus Digital,Professional Services & Consulting,jacob.green3126@nexusdigital.com,+1-695-444-3727,"San Francisco, CA",2025-08-22,Active
CUST-03127,Brian Garcia,Omni Innovations,Telecommunications,brian.garcia3127@omniinnovati.com,+1-462-237-2202,"Chicago, IL",2026-02-13,At-Risk
CUST-03128,Amanda Allen,Apex Innovations,Professional Services & Consulting,amanda.allen3128@apexinnovati.com,+1-960-280-2563,"Toronto, Canada",2022-10-06,At-Risk
CUST-03129,Michelle Turner,Acro Enterprises,Retail & E-Commerce,michelle.turner3129@acroenterpri.com,+1-835-601-6992,"Sydney, Australia",2023-01-01,Inactive
CUST-03130,Ashley Hill,Aura Solutions,Telecommunications,ashley.hill3130@aurasolution.com,+1-863-703-8746,"New York, NY",2025-04-26,Churned
CUST-03131,James Brown,Prism Technologies,Manufacturing & Industrial,james.brown3131@prismtechnol.com,+1-935-518-6225,"New York, NY",2025-06-05,Churned
CUST-03132,Donna Davis,Horizon Enterprises,SaaS & Cloud Software,donna.davis3132@horizonenter.com,+1-819-759-3451,"Chicago, IL",2023-12-31,Churned
CUST-03133,Daniel Garcia,Horizon Technologies,Manufacturing & Industrial,daniel.garcia3133@horizontechn.com,+1-592-603-3626,"London, UK",2024-12-05,Inactive
CUST-03134,Jennifer Thomas,Solstice Innovations,Telecommunications,jennifer.thomas3134@solsticeinno.com,+1-486-843-1344,"Berlin, Germany",2025-11-18,Active
CUST-03135,Jeffrey Wright,Horizon Technologies,Healthcare & Life Sciences,jeffrey.wright3135@horizontechn.com,+1-530-361-6536,"Denver, CO",2025-02-06,Inactive
CUST-03136,Barbara Harris,Prism Digital,Telecommunications,barbara.harris3136@prismdigital.com,+1-815-411-4337,"Sydney, Australia",2025-07-26,Active
CUST-03137,Donald Perez,CoreTech Global,Healthcare & Life Sciences,donald.perez3137@coretechglob.com,+1-257-394-8674,"Chicago, IL",2026-01-05,Churned
CUST-03138,Joshua Taylor,Apex Capital,SaaS & Cloud Software,joshua.taylor3138@apexcapital.com,+1-700-243-9283,"Denver, CO",2025-08-19,Churned
CUST-03139,Kathleen Williams,Elevate Dynamics,SaaS & Cloud Software,kathleen.williams3139@elevatedynam.com,+1-933-320-2518,"Berlin, Germany",2025-07-18,Active
CUST-03140,Andrew Parker,Vanguard Solutions,Financial Services & FinTech,andrew.parker3140@vanguardsolu.com,+1-898-348-7386,"Chicago, IL",2024-06-18,Active
CUST-03141,Edward Miller,Quantum Innovations,Retail & E-Commerce,edward.miller3141@quantuminnov.com,+1-547-774-1770,"Toronto, Canada",2026-03-12,Active
CUST-03142,Carol Hernandez,Beacon Systems,Healthcare & Life Sciences,carol.hernandez3142@beaconsystem.com,+1-323-314-7607,"Berlin, Germany",2024-02-25,Inactive
CUST-03143,John Jackson,Acro Labs,Healthcare & Life Sciences,john.jackson3143@acrolabs.com,+1-219-521-4700,"Austin, TX",2025-09-27,At-Risk
CUST-03144,Jacob Baker,Apex Analytics,Media & Entertainment,jacob.baker3144@apexanalytic.com,+1-573-485-5854,"Boston, MA",2025-07-15,Active
CUST-03145,Kathleen Campbell,Zenith Labs,SaaS & Cloud Software,kathleen.campbell3145@zenithlabs.com,+1-896-895-3254,"Toronto, Canada",2022-11-25,Inactive
CUST-03146,Margaret Garcia,Acro Labs,Financial Services & FinTech,margaret.garcia3146@acrolabs.com,+1-600-275-6553,"Boston, MA",2023-01-01,Inactive
CUST-03147,Ashley Torres,Omni Global,Media & Entertainment,ashley.torres3147@omniglobal.com,+1-618-335-7675,"Denver, CO",2024-08-28,Inactive
CUST-03148,Lisa Thomas,Aegis Digital,Telecommunications,lisa.thomas3148@aegisdigital.com,+1-573-437-1222,"New York, NY",2025-07-26,At-Risk
CUST-03149,Sarah Mitchell,Beacon Solutions,Retail & E-Commerce,sarah.mitchell3149@beaconsoluti.com,+1-333-582-8965,"New York, NY",2024-09-30,Churned
CUST-03150,Laura Smith,Stratosphere Global,Telecommunications,laura.smith3150@stratosphere.com,+1-539-253-7444,"New York, NY",2024-05-30,Inactive
CUST-03151,Donald Williams,Beacon Global,Manufacturing & Industrial,donald.williams3151@beaconglobal.com,+1-209-579-1721,"Denver, CO",2026-03-19,At-Risk
CUST-03152,Thomas Campbell,Solstice Logistics,Financial Services & FinTech,thomas.campbell3152@solsticelogi.com,+1-849-639-5357,"Berlin, Germany",2025-09-27,Inactive
CUST-03153,Mary Flores,Horizon Health,Financial Services & FinTech,mary.flores3153@horizonhealt.com,+1-422-800-1717,"New York, NY",2024-06-23,Churned
CUST-03154,Jessica Hernandez,Nexus Labs,Manufacturing & Industrial,jessica.hernandez3154@nexuslabs.com,+1-230-346-6977,"Berlin, Germany",2023-09-27,Active
CUST-03155,Sarah Johnson,Elevate Enterprises,Professional Services & Consulting,sarah.johnson3155@elevateenter.com,+1-906-404-8537,"Austin, TX",2026-01-05,Active
CUST-03156,Melissa Torres,Acro Digital,Professional Services & Consulting,melissa.torres3156@acrodigital.com,+1-315-788-4058,"Chicago, IL",2026-04-27,Active
CUST-03157,Ronald Williams,Nexus Health,Telecommunications,ronald.williams3157@nexushealth.com,+1-337-674-6715,"New York, NY",2024-04-12,Inactive
CUST-03158,Amy Jackson,Aura Innovations,Retail & E-Commerce,amy.jackson3158@aurainnovati.com,+1-846-804-3245,"Boston, MA",2024-05-23,At-Risk
CUST-03159,Jennifer Lee,Prism Digital,Retail & E-Commerce,jennifer.lee3159@prismdigital.com,+1-493-537-4688,"Sydney, Australia",2025-05-01,Churned
CUST-03160,Barbara Davis,Horizon Technologies,Financial Services & FinTech,barbara.davis3160@horizontechn.com,+1-762-809-7378,"Sydney, Australia",2024-09-30,Inactive
CUST-03161,Brian Green,Catalyst Capital,Manufacturing & Industrial,brian.green3161@catalystcapi.com,+1-490-538-7523,"Boston, MA",2023-05-30,Active
CUST-03162,Stephanie Hernandez,Synapse Health,Professional Services & Consulting,stephanie.hernandez3162@synapsehealt.com,+1-327-705-9110,"Austin, TX",2021-12-01,At-Risk
CUST-03163,Michael Lee,Zenith Global,Telecommunications,michael.lee3163@zenithglobal.com,+1-441-618-2680,"New York, NY",2025-12-13,At-Risk
CUST-03164,Rebecca Turner,Hyperion Enterprises,Telecommunications,rebecca.turner3164@hyperionente.com,+1-659-210-5855,"New York, NY",2025-11-29,Active
CUST-03165,Laura Parker,Velocity Dynamics,Telecommunications,laura.parker3165@velocitydyna.com,+1-217-334-4223,"Denver, CO",2024-10-26,Inactive
CUST-03166,Amanda Phillips,Vertex Innovations,Professional Services & Consulting,amanda.phillips3166@vertexinnova.com,+1-273-583-4261,"New York, NY",2026-05-24,At-Risk
CUST-03167,James Jones,Acro Systems,Financial Services & FinTech,james.jones3167@acrosystems.com,+1-709-296-6177,"Denver, CO",2023-08-03,Inactive
CUST-03168,Jason Brown,Catalyst Capital,Media & Entertainment,jason.brown3168@catalystcapi.com,+1-264-582-3112,"London, UK",2024-08-28,Active
CUST-03169,Daniel Taylor,Prism Solutions,Manufacturing & Industrial,daniel.taylor3169@prismsolutio.com,+1-805-534-6039,"Chicago, IL",2024-04-01,Churned
CUST-03170,Jeffrey Torres,Omni Technologies,Telecommunications,jeffrey.torres3170@omnitechnolo.com,+1-950-574-4502,"Boston, MA",2022-08-07,Active
CUST-03171,Richard Baker,Aegis Digital,Media & Entertainment,richard.baker3171@aegisdigital.com,+1-256-526-8540,"London, UK",2025-06-14,Inactive
CUST-03172,Jessica Torres,CoreTech Solutions,Telecommunications,jessica.torres3172@coretechsolu.com,+1-962-507-7629,"Denver, CO",2024-07-13,Inactive
CUST-03173,Betty Ramirez,Aegis Global,Financial Services & FinTech,betty.ramirez3173@aegisglobal.com,+1-441-399-6280,"Toronto, Canada",2022-09-07,At-Risk
CUST-03174,Amy Taylor,Velocity Logistics,Media & Entertainment,amy.taylor3174@velocitylogi.com,+1-761-207-7131,"Denver, CO",2023-07-05,At-Risk
CUST-03175,Cynthia Brown,Starlight Dynamics,Manufacturing & Industrial,cynthia.brown3175@starlightdyn.com,+1-911-689-8766,"Sydney, Australia",2023-09-14,Active
CUST-03176,Barbara Wright,Omni Systems,SaaS & Cloud Software,barbara.wright3176@omnisystems.com,+1-303-777-4041,"Berlin, Germany",2024-12-22,Active
CUST-03177,Christopher Johnson,Elevate Innovations,Telecommunications,christopher.johnson3177@elevateinnov.com,+1-448-422-4107,"Atlanta, GA",2025-08-06,Inactive
CUST-03178,Charles Hall,Zenith Health,Media & Entertainment,charles.hall3178@zenithhealth.com,+1-899-336-4446,"Chicago, IL",2024-09-21,Inactive
CUST-03179,Stephanie Jackson,Omni Technologies,Healthcare & Life Sciences,stephanie.jackson3179@omnitechnolo.com,+1-337-529-4933,"Toronto, Canada",2025-01-13,Churned
CUST-03180,Christopher Evans,Beacon Labs,Media & Entertainment,christopher.evans3180@beaconlabs.com,+1-833-807-4061,"Denver, CO",2026-04-16,Active
CUST-03181,Dorothy Hernandez,Acro Analytics,Manufacturing & Industrial,dorothy.hernandez3181@acroanalytic.com,+1-927-363-4667,"London, UK",2024-08-03,At-Risk
CUST-03182,Carol Adams,Hyperion Technologies,Healthcare & Life Sciences,carol.adams3182@hyperiontech.com,+1-903-386-1355,"Chicago, IL",2026-04-04,Active
CUST-03183,Richard Taylor,Zenith Technologies,Financial Services & FinTech,richard.taylor3183@zenithtechno.com,+1-832-393-4734,"Denver, CO",2024-06-15,At-Risk
CUST-03184,Daniel King,Omni Enterprises,Healthcare & Life Sciences,daniel.king3184@omnienterpri.com,+1-505-706-2156,"Chicago, IL",2023-07-29,At-Risk
CUST-03185,Karen Hill,Apex Labs,Media & Entertainment,karen.hill3185@apexlabs.com,+1-529-286-6378,"Seattle, WA",2026-06-14,Active
CUST-03186,Paul Hall,Aegis Dynamics,Telecommunications,paul.hall3186@aegisdynamic.com,+1-654-531-8150,"New York, NY",2025-08-23,Active
CUST-03187,David Gonzalez,Horizon Systems,Financial Services & FinTech,david.gonzalez3187@horizonsyste.com,+1-204-602-5658,"New York, NY",2023-06-07,Inactive
CUST-03188,Ashley Wilson,Aura Dynamics,Healthcare & Life Sciences,ashley.wilson3188@auradynamics.com,+1-841-354-3101,"Denver, CO",2024-06-16,At-Risk
CUST-03189,Amy Lewis,Acro Analytics,Manufacturing & Industrial,amy.lewis3189@acroanalytic.com,+1-278-624-9294,"Chicago, IL",2024-06-29,Churned
CUST-03190,John Sanchez,Beacon Enterprises,Media & Entertainment,john.sanchez3190@beaconenterp.com,+1-654-203-4396,"New York, NY",2025-05-21,Churned
CUST-03191,George Brown,Vanguard Global,SaaS & Cloud Software,george.brown3191@vanguardglob.com,+1-830-520-3776,"Seattle, WA",2024-07-05,Inactive
CUST-03192,Joshua Rodriguez,Velocity Enterprises,Financial Services & FinTech,joshua.rodriguez3192@velocityente.com,+1-239-855-8748,"Sydney, Australia",2025-06-19,Inactive
CUST-03193,Joshua Campbell,Nexus Dynamics,Media & Entertainment,joshua.campbell3193@nexusdynamic.com,+1-219-891-8116,"Boston, MA",2025-04-23,Inactive
CUST-03194,Jacob Gomez,Starlight Innovations,Healthcare & Life Sciences,jacob.gomez3194@starlightinn.com,+1-665-630-3256,"Denver, CO",2023-05-20,At-Risk
CUST-03195,Melissa Torres,Apex Partners,Telecommunications,melissa.torres3195@apexpartners.com,+1-215-240-5015,"Austin, TX",2023-09-29,Inactive
CUST-03196,Stephanie Gonzalez,Solstice Logistics,Professional Services & Consulting,stephanie.gonzalez3196@solsticelogi.com,+1-614-468-7744,"Berlin, Germany",2026-05-08,Active
CUST-03197,Elizabeth Jackson,Cognitive Analytics,Retail & E-Commerce,elizabeth.jackson3197@cognitiveana.com,+1-810-697-4422,"Seattle, WA",2024-05-27,Inactive
CUST-03198,Susan King,Stratosphere Health,Media & Entertainment,susan.king3198@stratosphere.com,+1-789-754-5551,"Sydney, Australia",2023-06-14,Inactive
CUST-03199,Elizabeth Taylor,Elevate Digital,Telecommunications,elizabeth.taylor3199@elevatedigit.com,+1-804-835-6160,"New York, NY",2023-10-03,At-Risk
CUST-03200,Kenneth Smith,Prism Health,Manufacturing & Industrial,kenneth.smith3200@prismhealth.com,+1-627-646-5859,"Austin, TX",2024-06-23,At-Risk
CUST-03201,Betty Rodriguez,Hyperion Digital,Manufacturing & Industrial,betty.rodriguez3201@hyperiondigi.com,+1-464-590-2661,"London, UK",2026-06-08,Active
CUST-03202,Thomas Miller,Synapse Digital,Financial Services & FinTech,thomas.miller3202@synapsedigit.com,+1-307-537-5723,"Berlin, Germany",2025-10-31,Active
CUST-03203,Carol Anderson,Omni Technologies,SaaS & Cloud Software,carol.anderson3203@omnitechnolo.com,+1-275-386-8379,"Sydney, Australia",2024-05-24,Active
CUST-03204,Sharon Mitchell,Zenith Dynamics,Healthcare & Life Sciences,sharon.mitchell3204@zenithdynami.com,+1-806-743-5983,"Chicago, IL",2022-10-02,Inactive
CUST-03205,Amy Martin,Synapse Partners,Healthcare & Life Sciences,amy.martin3205@synapsepartn.com,+1-608-672-9257,"Seattle, WA",2025-11-09,At-Risk
CUST-03206,Gary Jones,Solstice Labs,Healthcare & Life Sciences,gary.jones3206@solsticelabs.com,+1-410-661-9615,"Austin, TX",2023-11-19,Churned
CUST-03207,Kathleen Brown,Aegis Logistics,Retail & E-Commerce,kathleen.brown3207@aegislogisti.com,+1-598-734-1810,"San Francisco, CA",2023-05-26,Inactive
CUST-03208,Deborah Hall,Vertex Digital,Manufacturing & Industrial,deborah.hall3208@vertexdigita.com,+1-941-461-7063,"Sydney, Australia",2025-01-14,Churned
CUST-03209,Stephanie Martin,Acro Digital,Retail & E-Commerce,stephanie.martin3209@acrodigital.com,+1-226-895-6317,"Denver, CO",2023-11-21,At-Risk
CUST-03210,Jason Baker,Acro Health,Retail & E-Commerce,jason.baker3210@acrohealth.com,+1-597-397-9873,"London, UK",2025-09-29,Active
CUST-03211,Donald Smith,Elevate Partners,Media & Entertainment,donald.smith3211@elevatepartn.com,+1-407-604-2955,"Austin, TX",2022-04-18,Active
CUST-03212,Michael Turner,Horizon Technologies,Healthcare & Life Sciences,michael.turner3212@horizontechn.com,+1-286-593-7566,"Denver, CO",2025-12-22,Active
CUST-03213,Thomas Smith,Quantum Global,Professional Services & Consulting,thomas.smith3213@quantumgloba.com,+1-527-660-9299,"Seattle, WA",2025-05-18,Active
CUST-03214,Timothy Moore,Aegis Analytics,Telecommunications,timothy.moore3214@aegisanalyti.com,+1-536-567-9086,"Seattle, WA",2025-10-12,Inactive
CUST-03215,Amanda Miller,Synapse Enterprises,Media & Entertainment,amanda.miller3215@synapseenter.com,+1-482-205-1112,"Denver, CO",2023-07-20,Inactive
CUST-03216,Michael Harris,Solstice Analytics,Professional Services & Consulting,michael.harris3216@solsticeanal.com,+1-625-743-3175,"Toronto, Canada",2024-07-18,At-Risk
CUST-03217,Emily Baker,Nexus Innovations,Financial Services & FinTech,emily.baker3217@nexusinnovat.com,+1-592-561-5183,"Denver, CO",2024-11-15,Active
CUST-03218,Michelle Miller,Hyperion Dynamics,Retail & E-Commerce,michelle.miller3218@hyperiondyna.com,+1-467-270-9393,"Boston, MA",2022-12-22,At-Risk
CUST-03219,Jacob Jackson,Apex Dynamics,Manufacturing & Industrial,jacob.jackson3219@apexdynamics.com,+1-742-616-9755,"Chicago, IL",2026-01-11,Churned
CUST-03220,Jason Johnson,Solstice Labs,Manufacturing & Industrial,jason.johnson3220@solsticelabs.com,+1-682-242-2040,"Seattle, WA",2023-11-21,Churned
CUST-03221,Laura Johnson,Vanguard Global,Manufacturing & Industrial,laura.johnson3221@vanguardglob.com,+1-838-505-5387,"New York, NY",2025-11-04,At-Risk
CUST-03222,Karen Wilson,Solstice Logistics,Telecommunications,karen.wilson3222@solsticelogi.com,+1-378-246-6452,"New York, NY",2024-04-19,Inactive
CUST-03223,Michael Wright,Elevate Digital,Manufacturing & Industrial,michael.wright3223@elevatedigit.com,+1-824-484-2133,"New York, NY",2024-08-01,Active
CUST-03224,Betty Moore,Aura Health,SaaS & Cloud Software,betty.moore3224@aurahealth.com,+1-989-643-2084,"London, UK",2022-08-02,At-Risk
CUST-03225,Jacob Hill,Meridian Partners,Media & Entertainment,jacob.hill3225@meridianpart.com,+1-480-544-3504,"Austin, TX",2024-01-21,Active
CUST-03226,Paul Davis,Stratosphere Innovations,Telecommunications,paul.davis3226@stratosphere.com,+1-477-739-1215,"London, UK",2026-03-15,At-Risk
CUST-03227,Joshua Lee,Nexus Analytics,Manufacturing & Industrial,joshua.lee3227@nexusanalyti.com,+1-972-586-9063,"Seattle, WA",2024-01-16,Inactive
CUST-03228,Joshua Allen,Apex Health,Professional Services & Consulting,joshua.allen3228@apexhealth.com,+1-856-854-4649,"Atlanta, GA",2023-06-30,Inactive
CUST-03229,Steven Baker,Apex Innovations,SaaS & Cloud Software,steven.baker3229@apexinnovati.com,+1-874-642-1017,"Austin, TX",2023-08-22,At-Risk
CUST-03230,Nancy Rivera,Elevate Enterprises,Retail & E-Commerce,nancy.rivera3230@elevateenter.com,+1-867-245-4821,"Austin, TX",2023-06-23,Inactive
CUST-03231,Barbara Thompson,Solstice Health,Healthcare & Life Sciences,barbara.thompson3231@solsticeheal.com,+1-734-487-1287,"Seattle, WA",2026-04-15,Active
CUST-03232,Cynthia Gonzalez,Prism Dynamics,SaaS & Cloud Software,cynthia.gonzalez3232@prismdynamic.com,+1-299-777-8209,"Chicago, IL",2026-06-18,Active
CUST-03233,Ryan Walker,Prism Capital,Telecommunications,ryan.walker3233@prismcapital.com,+1-572-824-6985,"Atlanta, GA",2022-08-20,Inactive
CUST-03234,Joseph Nelson,Prism Solutions,Telecommunications,joseph.nelson3234@prismsolutio.com,+1-474-735-3604,"Sydney, Australia",2023-12-01,Inactive
CUST-03235,Margaret Smith,Solstice Capital,Healthcare & Life Sciences,margaret.smith3235@solsticecapi.com,+1-528-856-9519,"London, UK",2023-03-27,At-Risk
CUST-03236,Ronald Hall,Solstice Labs,Retail & E-Commerce,ronald.hall3236@solsticelabs.com,+1-785-630-3607,"San Francisco, CA",2023-08-20,Active
CUST-03237,Ashley Adams,Starlight Systems,Healthcare & Life Sciences,ashley.adams3237@starlightsys.com,+1-232-858-6907,"Denver, CO",2025-08-18,At-Risk
CUST-03238,Edward Rivera,Elevate Labs,Retail & E-Commerce,edward.rivera3238@elevatelabs.com,+1-671-630-8873,"Austin, TX",2025-04-17,Inactive
CUST-03239,Emily King,Stratosphere Solutions,Media & Entertainment,emily.king3239@stratosphere.com,+1-917-202-7290,"Chicago, IL",2025-07-27,Active
CUST-03240,Stephanie Lopez,Cognitive Systems,Financial Services & FinTech,stephanie.lopez3240@cognitivesys.com,+1-295-742-2479,"Seattle, WA",2025-06-28,Active
CUST-03241,Cynthia Wright,Solstice Dynamics,Retail & E-Commerce,cynthia.wright3241@solsticedyna.com,+1-591-570-6568,"Austin, TX",2024-08-09,Inactive
CUST-03242,Donna Clark,Elevate Capital,SaaS & Cloud Software,donna.clark3242@elevatecapit.com,+1-357-441-3187,"Denver, CO",2022-11-20,Inactive
CUST-03243,Ryan Campbell,Hyperion Systems,Media & Entertainment,ryan.campbell3243@hyperionsyst.com,+1-662-839-9234,"San Francisco, CA",2025-10-22,At-Risk
CUST-03244,Patricia Martinez,Synapse Systems,Media & Entertainment,patricia.martinez3244@synapsesyste.com,+1-787-257-1588,"Berlin, Germany",2025-07-16,Active
CUST-03245,Jason Lee,Omni Partners,Media & Entertainment,jason.lee3245@omnipartners.com,+1-888-765-5596,"New York, NY",2025-02-02,Churned
CUST-03246,Cynthia Lewis,Cognitive Innovations,Retail & E-Commerce,cynthia.lewis3246@cognitiveinn.com,+1-843-655-7893,"San Francisco, CA",2022-01-24,Active
CUST-03247,Amy Lee,Aegis Systems,Financial Services & FinTech,amy.lee3247@aegissystems.com,+1-754-839-1651,"Toronto, Canada",2026-03-30,Active
CUST-03248,Laura Mitchell,Stratosphere Analytics,Financial Services & FinTech,laura.mitchell3248@stratosphere.com,+1-798-266-6249,"Seattle, WA",2025-05-30,Active
CUST-03249,Amy Hill,Nexus Capital,Retail & E-Commerce,amy.hill3249@nexuscapital.com,+1-723-823-7399,"Seattle, WA",2022-10-16,Inactive
CUST-03250,Nancy Sanchez,Horizon Systems,Retail & E-Commerce,nancy.sanchez3250@horizonsyste.com,+1-725-653-7734,"Toronto, Canada",2025-06-10,Active
CUST-03251,Anthony King,Apex Partners,Healthcare & Life Sciences,anthony.king3251@apexpartners.com,+1-902-690-7530,"New York, NY",2025-06-22,Active
CUST-03252,William Martinez,Vanguard Health,Telecommunications,william.martinez3252@vanguardheal.com,+1-312-384-2876,"Berlin, Germany",2023-03-09,At-Risk
CUST-03253,Patricia Green,Aegis Digital,Financial Services & FinTech,patricia.green3253@aegisdigital.com,+1-760-302-3534,"Toronto, Canada",2026-03-08,Active
CUST-03254,Deborah Diaz,Velocity Labs,Financial Services & FinTech,deborah.diaz3254@velocitylabs.com,+1-986-337-1435,"Toronto, Canada",2023-01-12,Inactive
CUST-03255,Gary Smith,Beacon Global,SaaS & Cloud Software,gary.smith3255@beaconglobal.com,+1-249-665-3161,"San Francisco, CA",2025-03-17,Inactive
CUST-03256,Mark Walker,Starlight Dynamics,Healthcare & Life Sciences,mark.walker3256@starlightdyn.com,+1-767-821-4784,"Denver, CO",2024-02-05,Active
CUST-03257,Mark Moore,Zenith Capital,Telecommunications,mark.moore3257@zenithcapita.com,+1-512-822-8440,"Berlin, Germany",2026-03-02,Active
CUST-03258,Jennifer Thomas,Zenith Innovations,SaaS & Cloud Software,jennifer.thomas3258@zenithinnova.com,+1-703-535-8540,"Denver, CO",2024-08-15,Inactive
CUST-03259,Timothy Parker,Solstice Labs,Manufacturing & Industrial,timothy.parker3259@solsticelabs.com,+1-547-562-8308,"Chicago, IL",2024-08-09,At-Risk
CUST-03260,Mary Phillips,Meridian Analytics,Manufacturing & Industrial,mary.phillips3260@meridiananal.com,+1-304-374-4572,"Sydney, Australia",2023-06-19,Inactive
CUST-03261,Richard Lee,Aegis Innovations,SaaS & Cloud Software,richard.lee3261@aegisinnovat.com,+1-987-525-8208,"Berlin, Germany",2023-11-28,Inactive
CUST-03262,John Thompson,Hyperion Logistics,Financial Services & FinTech,john.thompson3262@hyperionlogi.com,+1-690-832-4647,"Toronto, Canada",2026-01-23,Active
CUST-03263,Kimberly Rivera,Omni Enterprises,SaaS & Cloud Software,kimberly.rivera3263@omnienterpri.com,+1-577-721-9804,"Boston, MA",2026-02-04,Active
CUST-03264,Anthony Miller,Vertex Enterprises,Financial Services & FinTech,anthony.miller3264@vertexenterp.com,+1-695-252-2677,"Boston, MA",2022-01-31,Inactive
CUST-03265,Karen Anderson,Velocity Labs,Professional Services & Consulting,karen.anderson3265@velocitylabs.com,+1-404-610-9777,"New York, NY",2025-11-07,Churned
CUST-03266,Jeffrey Davis,Aegis Logistics,Telecommunications,jeffrey.davis3266@aegislogisti.com,+1-817-276-1613,"Toronto, Canada",2024-06-10,Active
CUST-03267,Jeffrey Parker,Acro Health,Media & Entertainment,jeffrey.parker3267@acrohealth.com,+1-255-345-4803,"Toronto, Canada",2024-08-09,Inactive
CUST-03268,Joshua Phillips,Starlight Logistics,Retail & E-Commerce,joshua.phillips3268@starlightlog.com,+1-637-724-5782,"Seattle, WA",2026-04-30,Active
CUST-03269,Dorothy Clark,Meridian Health,Retail & E-Commerce,dorothy.clark3269@meridianheal.com,+1-980-437-7934,"New York, NY",2025-08-12,Active
CUST-03270,Jason Martin,Apex Solutions,Telecommunications,jason.martin3270@apexsolution.com,+1-338-827-6231,"Chicago, IL",2026-04-26,Active
CUST-03271,Kathleen Wilson,Starlight Analytics,Manufacturing & Industrial,kathleen.wilson3271@starlightana.com,+1-564-796-9162,"San Francisco, CA",2024-09-21,At-Risk
CUST-03272,George Lewis,Zenith Dynamics,Healthcare & Life Sciences,george.lewis3272@zenithdynami.com,+1-650-439-2711,"Berlin, Germany",2024-08-29,At-Risk
CUST-03273,Ronald Scott,Starlight Digital,Manufacturing & Industrial,ronald.scott3273@starlightdig.com,+1-239-339-2453,"Sydney, Australia",2025-11-13,Churned
CUST-03274,Kevin Scott,Catalyst Digital,Retail & E-Commerce,kevin.scott3274@catalystdigi.com,+1-368-432-4713,"Berlin, Germany",2026-03-14,Active
CUST-03275,Daniel Martin,Vertex Global,Professional Services & Consulting,daniel.martin3275@vertexglobal.com,+1-764-555-5166,"San Francisco, CA",2025-03-30,Churned
CUST-03276,Ashley Nguyen,Pinnacle Labs,Telecommunications,ashley.nguyen3276@pinnaclelabs.com,+1-678-412-5913,"New York, NY",2023-10-12,Churned
CUST-03277,Emily Gomez,Beacon Partners,Media & Entertainment,emily.gomez3277@beaconpartne.com,+1-461-598-3894,"Sydney, Australia",2025-01-07,Churned
CUST-03278,Jessica Thompson,CoreTech Logistics,Professional Services & Consulting,jessica.thompson3278@coretechlogi.com,+1-491-865-2348,"Toronto, Canada",2022-10-16,Inactive
CUST-03279,Gary Moore,CoreTech Health,Financial Services & FinTech,gary.moore3279@coretechheal.com,+1-266-652-1048,"Denver, CO",2025-02-11,At-Risk
CUST-03280,Carol Smith,Synapse Dynamics,Financial Services & FinTech,carol.smith3280@synapsedynam.com,+1-881-296-7627,"Toronto, Canada",2023-07-19,Churned
CUST-03281,Elizabeth Adams,Prism Solutions,Manufacturing & Industrial,elizabeth.adams3281@prismsolutio.com,+1-481-883-8856,"Boston, MA",2023-03-02,Inactive
CUST-03282,Deborah Hall,Nexus Digital,Retail & E-Commerce,deborah.hall3282@nexusdigital.com,+1-409-698-8368,"Toronto, Canada",2022-09-01,At-Risk
CUST-03283,Andrew Johnson,CoreTech Dynamics,Healthcare & Life Sciences,andrew.johnson3283@coretechdyna.com,+1-615-495-4954,"Toronto, Canada",2022-08-12,Inactive
CUST-03284,Margaret Roberts,Apex Labs,Healthcare & Life Sciences,margaret.roberts3284@apexlabs.com,+1-850-556-1484,"Denver, CO",2024-05-05,Inactive
CUST-03285,Deborah Rivera,Synapse Solutions,Manufacturing & Industrial,deborah.rivera3285@synapsesolut.com,+1-587-663-8531,"Denver, CO",2024-06-13,Inactive
CUST-03286,Jessica Hill,CoreTech Global,Telecommunications,jessica.hill3286@coretechglob.com,+1-646-279-1024,"Denver, CO",2025-06-26,At-Risk
CUST-03287,Sarah Lee,CoreTech Global,Manufacturing & Industrial,sarah.lee3287@coretechglob.com,+1-379-232-3202,"Boston, MA",2023-11-28,Inactive
CUST-03288,Thomas Rodriguez,Aura Digital,Manufacturing & Industrial,thomas.rodriguez3288@auradigital.com,+1-829-802-9916,"Boston, MA",2024-05-05,Churned
CUST-03289,Jennifer Jones,Stratosphere Digital,Media & Entertainment,jennifer.jones3289@stratosphere.com,+1-768-426-7897,"Denver, CO",2026-02-27,At-Risk
CUST-03290,Gary Thompson,Elevate Digital,SaaS & Cloud Software,gary.thompson3290@elevatedigit.com,+1-686-663-2182,"San Francisco, CA",2022-12-16,Inactive
CUST-03291,Michelle Martinez,Velocity Enterprises,Retail & E-Commerce,michelle.martinez3291@velocityente.com,+1-324-480-5813,"Denver, CO",2022-12-21,At-Risk
CUST-03292,Patricia Flores,Synapse Systems,Manufacturing & Industrial,patricia.flores3292@synapsesyste.com,+1-265-668-5981,"Seattle, WA",2022-08-20,Inactive
CUST-03293,Ronald White,Pinnacle Enterprises,Healthcare & Life Sciences,ronald.white3293@pinnacleente.com,+1-254-312-7287,"Denver, CO",2024-05-03,At-Risk
CUST-03294,Ashley Young,Starlight Dynamics,Telecommunications,ashley.young3294@starlightdyn.com,+1-269-781-6844,"Chicago, IL",2025-06-29,At-Risk
CUST-03295,Edward Flores,Velocity Innovations,Professional Services & Consulting,edward.flores3295@velocityinno.com,+1-977-361-3993,"London, UK",2024-12-18,Inactive
CUST-03296,Gary Baker,Acro Global,Retail & E-Commerce,gary.baker3296@acroglobal.com,+1-506-822-1736,"San Francisco, CA",2023-05-22,Inactive
CUST-03297,Patricia Wilson,Horizon Innovations,SaaS & Cloud Software,patricia.wilson3297@horizoninnov.com,+1-961-542-6624,"Austin, TX",2026-03-31,Active
CUST-03298,David Campbell,CoreTech Systems,Retail & E-Commerce,david.campbell3298@coretechsyst.com,+1-900-461-7542,"Boston, MA",2021-10-28,Inactive
CUST-03299,Kathleen Martinez,Synapse Capital,Manufacturing & Industrial,kathleen.martinez3299@synapsecapit.com,+1-201-507-8681,"London, UK",2024-01-13,Inactive
CUST-03300,Donald Anderson,Vertex Enterprises,Professional Services & Consulting,donald.anderson3300@vertexenterp.com,+1-588-285-7124,"Boston, MA",2024-01-06,Churned
CUST-03301,Kathleen Jackson,Cognitive Partners,Manufacturing & Industrial,kathleen.jackson3301@cognitivepar.com,+1-567-295-2875,"Austin, TX",2023-11-09,Inactive
CUST-03302,Dorothy Hall,Cognitive Analytics,Media & Entertainment,dorothy.hall3302@cognitiveana.com,+1-525-418-2040,"London, UK",2024-11-27,Inactive
CUST-03303,Sarah Parker,Zenith Technologies,Retail & E-Commerce,sarah.parker3303@zenithtechno.com,+1-798-529-5676,"New York, NY",2026-04-27,Active
CUST-03304,Ashley Lewis,Meridian Logistics,Telecommunications,ashley.lewis3304@meridianlogi.com,+1-298-726-4183,"Denver, CO",2023-02-23,Inactive
CUST-03305,Michael Hall,Solstice Labs,Professional Services & Consulting,michael.hall3305@solsticelabs.com,+1-253-261-2636,"Toronto, Canada",2024-11-22,Active
CUST-03306,Kathleen Thomas,Vertex Enterprises,Manufacturing & Industrial,kathleen.thomas3306@vertexenterp.com,+1-287-532-2508,"London, UK",2023-04-13,Active
CUST-03307,David Taylor,Vanguard Global,Media & Entertainment,david.taylor3307@vanguardglob.com,+1-623-374-2702,"Toronto, Canada",2025-11-15,At-Risk
CUST-03308,Mary Young,Horizon Solutions,Media & Entertainment,mary.young3308@horizonsolut.com,+1-247-829-7641,"San Francisco, CA",2021-10-12,Active
CUST-03309,Kenneth Ramirez,Prism Dynamics,Professional Services & Consulting,kenneth.ramirez3309@prismdynamic.com,+1-255-616-9977,"Atlanta, GA",2025-09-02,At-Risk
CUST-03310,James Martinez,Pinnacle Partners,Manufacturing & Industrial,james.martinez3310@pinnaclepart.com,+1-939-273-7099,"Chicago, IL",2022-11-15,Inactive
CUST-03311,Dorothy Lopez,Zenith Digital,Manufacturing & Industrial,dorothy.lopez3311@zenithdigita.com,+1-614-234-1864,"New York, NY",2025-11-13,Churned
CUST-03312,Lisa Gonzalez,Nexus Dynamics,Telecommunications,lisa.gonzalez3312@nexusdynamic.com,+1-863-543-1309,"Seattle, WA",2025-06-20,Inactive
CUST-03313,Michelle Turner,Hyperion Dynamics,Retail & E-Commerce,michelle.turner3313@hyperiondyna.com,+1-298-298-5739,"Sydney, Australia",2025-10-30,Churned
CUST-03314,Karen Johnson,Beacon Global,Media & Entertainment,karen.johnson3314@beaconglobal.com,+1-306-522-2235,"New York, NY",2024-11-06,At-Risk
CUST-03315,Steven Lee,CoreTech Health,Healthcare & Life Sciences,steven.lee3315@coretechheal.com,+1-298-611-7953,"New York, NY",2024-03-05,At-Risk
CUST-03316,Ashley Wilson,CoreTech Capital,Healthcare & Life Sciences,ashley.wilson3316@coretechcapi.com,+1-339-339-5552,"Austin, TX",2025-06-10,At-Risk
CUST-03317,John Williams,Aegis Systems,Healthcare & Life Sciences,john.williams3317@aegissystems.com,+1-881-380-1773,"Austin, TX",2023-07-22,Inactive
CUST-03318,Melissa Harris,Hyperion Logistics,SaaS & Cloud Software,melissa.harris3318@hyperionlogi.com,+1-880-828-1759,"San Francisco, CA",2024-07-03,Active
CUST-03319,Elizabeth Davis,Starlight Systems,Retail & E-Commerce,elizabeth.davis3319@starlightsys.com,+1-515-414-4663,"Toronto, Canada",2025-05-17,Churned
CUST-03320,Richard Gonzalez,Vanguard Logistics,Healthcare & Life Sciences,richard.gonzalez3320@vanguardlogi.com,+1-386-729-7206,"Seattle, WA",2026-02-11,Churned
CUST-03321,Joseph Gomez,Stratosphere Dynamics,Manufacturing & Industrial,joseph.gomez3321@stratosphere.com,+1-813-460-6497,"Sydney, Australia",2025-08-31,Active
CUST-03322,Timothy Baker,Prism Innovations,Healthcare & Life Sciences,timothy.baker3322@prisminnovat.com,+1-512-390-9201,"Chicago, IL",2024-08-31,At-Risk
CUST-03323,Stephanie Martin,Starlight Labs,Retail & E-Commerce,stephanie.martin3323@starlightlab.com,+1-654-638-1081,"London, UK",2025-10-01,Churned
CUST-03324,Daniel Taylor,Cognitive Capital,Telecommunications,daniel.taylor3324@cognitivecap.com,+1-398-474-3848,"Denver, CO",2026-07-01,Active
CUST-03325,Michael Campbell,Cognitive Innovations,Manufacturing & Industrial,michael.campbell3325@cognitiveinn.com,+1-969-664-8758,"Denver, CO",2025-08-05,Churned
CUST-03326,Ashley Moore,Aura Health,Professional Services & Consulting,ashley.moore3326@aurahealth.com,+1-837-683-4801,"Austin, TX",2023-09-25,Churned
CUST-03327,Amanda Sanchez,Starlight Solutions,Professional Services & Consulting,amanda.sanchez3327@starlightsol.com,+1-382-592-7623,"Sydney, Australia",2025-07-20,Churned
CUST-03328,Melissa Evans,Aegis Health,Financial Services & FinTech,melissa.evans3328@aegishealth.com,+1-700-599-3583,"Boston, MA",2026-02-17,Active
CUST-03329,Melissa Gomez,Vanguard Partners,SaaS & Cloud Software,melissa.gomez3329@vanguardpart.com,+1-627-626-5917,"London, UK",2022-03-05,Active
CUST-03330,Susan Moore,Meridian Labs,Professional Services & Consulting,susan.moore3330@meridianlabs.com,+1-456-614-7076,"Chicago, IL",2026-03-06,Active
CUST-03331,Christopher Jackson,Acro Labs,Retail & E-Commerce,christopher.jackson3331@acrolabs.com,+1-645-525-4822,"Denver, CO",2026-03-11,Active
CUST-03332,Carol Wilson,Horizon Health,Telecommunications,carol.wilson3332@horizonhealt.com,+1-981-849-6555,"Austin, TX",2024-09-07,Churned
CUST-03333,Ashley Martinez,Prism Systems,Telecommunications,ashley.martinez3333@prismsystems.com,+1-807-354-5879,"Atlanta, GA",2023-09-29,At-Risk
CUST-03334,Susan Perez,Meridian Solutions,Healthcare & Life Sciences,susan.perez3334@meridiansolu.com,+1-669-860-7854,"Berlin, Germany",2022-10-20,At-Risk
CUST-03335,Margaret Mitchell,Velocity Capital,Manufacturing & Industrial,margaret.mitchell3335@velocitycapi.com,+1-478-417-5695,"Seattle, WA",2025-01-08,Inactive
CUST-03336,Timothy Scott,Aegis Capital,Telecommunications,timothy.scott3336@aegiscapital.com,+1-885-791-1428,"Chicago, IL",2024-02-05,Churned
CUST-03337,Timothy Gomez,Quantum Global,Healthcare & Life Sciences,timothy.gomez3337@quantumgloba.com,+1-780-681-4872,"Boston, MA",2024-12-29,Inactive
CUST-03338,Elizabeth Clark,Quantum Innovations,Manufacturing & Industrial,elizabeth.clark3338@quantuminnov.com,+1-713-285-2663,"Berlin, Germany",2024-05-17,Churned
CUST-03339,Ronald Gomez,Solstice Logistics,Manufacturing & Industrial,ronald.gomez3339@solsticelogi.com,+1-673-290-1478,"Sydney, Australia",2025-10-29,Active
CUST-03340,Ashley Johnson,Meridian Labs,Manufacturing & Industrial,ashley.johnson3340@meridianlabs.com,+1-334-588-1965,"Atlanta, GA",2026-02-14,Active
CUST-03341,Jacob Hall,Synapse Labs,SaaS & Cloud Software,jacob.hall3341@synapselabs.com,+1-481-749-7940,"San Francisco, CA",2022-10-01,Inactive
CUST-03342,Kathleen Scott,Zenith Technologies,Healthcare & Life Sciences,kathleen.scott3342@zenithtechno.com,+1-950-481-4407,"Denver, CO",2025-08-15,Active
CUST-03343,Jessica Rodriguez,Quantum Enterprises,Telecommunications,jessica.rodriguez3343@quantumenter.com,+1-807-504-8242,"Chicago, IL",2026-01-11,Active
CUST-03344,Ronald Lopez,Aegis Logistics,Retail & E-Commerce,ronald.lopez3344@aegislogisti.com,+1-967-792-3694,"Austin, TX",2024-03-30,Active
CUST-03345,Deborah Turner,Zenith Enterprises,Professional Services & Consulting,deborah.turner3345@zenithenterp.com,+1-411-395-2783,"Denver, CO",2025-06-18,Active
CUST-03346,Ryan Rodriguez,CoreTech Health,Retail & E-Commerce,ryan.rodriguez3346@coretechheal.com,+1-421-604-5296,"New York, NY",2023-12-03,Churned
CUST-03347,William Nelson,Quantum Dynamics,Telecommunications,william.nelson3347@quantumdynam.com,+1-593-499-8539,"Sydney, Australia",2024-06-16,At-Risk
CUST-03348,Barbara Flores,Pinnacle Analytics,SaaS & Cloud Software,barbara.flores3348@pinnacleanal.com,+1-899-763-4673,"Denver, CO",2025-01-19,Inactive
CUST-03349,Betty Perez,Vanguard Health,Financial Services & FinTech,betty.perez3349@vanguardheal.com,+1-308-598-2760,"New York, NY",2022-07-29,At-Risk
CUST-03350,Nancy Thompson,Starlight Health,SaaS & Cloud Software,nancy.thompson3350@starlighthea.com,+1-611-452-5458,"San Francisco, CA",2024-05-26,Inactive
CUST-03351,John Carter,Starlight Solutions,Manufacturing & Industrial,john.carter3351@starlightsol.com,+1-438-478-5454,"Chicago, IL",2022-09-24,At-Risk
CUST-03352,Betty Walker,Aura Global,Media & Entertainment,betty.walker3352@auraglobal.com,+1-411-480-9740,"Berlin, Germany",2025-05-03,Active
CUST-03353,Richard Jackson,Nexus Partners,Retail & E-Commerce,richard.jackson3353@nexuspartner.com,+1-946-263-2165,"San Francisco, CA",2023-10-31,Inactive
CUST-03354,Sharon Young,Elevate Systems,SaaS & Cloud Software,sharon.young3354@elevatesyste.com,+1-458-757-2493,"San Francisco, CA",2026-03-14,At-Risk
CUST-03355,Susan Sanchez,Apex Enterprises,Financial Services & FinTech,susan.sanchez3355@apexenterpri.com,+1-249-519-3646,"New York, NY",2023-02-12,At-Risk
CUST-03356,John Martinez,Solstice Capital,Telecommunications,john.martinez3356@solsticecapi.com,+1-322-613-9917,"Denver, CO",2024-05-19,Active
CUST-03357,John Mitchell,Vertex Health,SaaS & Cloud Software,john.mitchell3357@vertexhealth.com,+1-499-347-2998,"Chicago, IL",2025-09-16,At-Risk
CUST-03358,Margaret Taylor,Solstice Digital,Professional Services & Consulting,margaret.taylor3358@solsticedigi.com,+1-767-467-3554,"Boston, MA",2024-02-04,Inactive
CUST-03359,Linda Wilson,Aegis Systems,Financial Services & FinTech,linda.wilson3359@aegissystems.com,+1-263-689-2575,"Denver, CO",2023-07-10,Churned
CUST-03360,Gary Turner,Cognitive Solutions,Manufacturing & Industrial,gary.turner3360@cognitivesol.com,+1-592-260-2308,"Toronto, Canada",2025-12-26,Active
CUST-03361,Michelle Gomez,Meridian Solutions,Financial Services & FinTech,michelle.gomez3361@meridiansolu.com,+1-319-408-3215,"Atlanta, GA",2024-10-12,Churned
CUST-03362,Richard Nguyen,Aura Enterprises,SaaS & Cloud Software,richard.nguyen3362@auraenterpri.com,+1-511-675-1070,"Austin, TX",2024-12-06,Inactive
CUST-03363,Christopher King,Horizon Labs,Financial Services & FinTech,christopher.king3363@horizonlabs.com,+1-295-322-3171,"Boston, MA",2026-01-03,At-Risk
CUST-03364,Ryan Diaz,Velocity Enterprises,Professional Services & Consulting,ryan.diaz3364@velocityente.com,+1-697-276-4491,"Austin, TX",2023-09-05,Inactive
CUST-03365,Sharon Walker,Solstice Innovations,Media & Entertainment,sharon.walker3365@solsticeinno.com,+1-502-638-4072,"Denver, CO",2024-04-15,Inactive
CUST-03366,Elizabeth Thomas,Horizon Labs,Financial Services & FinTech,elizabeth.thomas3366@horizonlabs.com,+1-853-711-5942,"New York, NY",2025-10-21,Active
CUST-03367,Joseph Nelson,Beacon Solutions,Retail & E-Commerce,joseph.nelson3367@beaconsoluti.com,+1-456-856-3486,"Austin, TX",2025-05-04,Active
CUST-03368,Jessica Thompson,Prism Technologies,Financial Services & FinTech,jessica.thompson3368@prismtechnol.com,+1-444-284-6497,"Sydney, Australia",2025-04-21,At-Risk
CUST-03369,Betty Perez,Nexus Global,Telecommunications,betty.perez3369@nexusglobal.com,+1-390-597-2088,"Berlin, Germany",2023-01-14,At-Risk
CUST-03370,Timothy Scott,Omni Partners,Professional Services & Consulting,timothy.scott3370@omnipartners.com,+1-372-530-3875,"Seattle, WA",2026-04-11,Active
CUST-03371,Amy Mitchell,Prism Solutions,SaaS & Cloud Software,amy.mitchell3371@prismsolutio.com,+1-849-572-5636,"Austin, TX",2025-12-30,Active
CUST-03372,Gary Campbell,Vertex Digital,Media & Entertainment,gary.campbell3372@vertexdigita.com,+1-756-811-5520,"London, UK",2025-12-21,Active
CUST-03373,Amanda Ramirez,Beacon Health,Retail & E-Commerce,amanda.ramirez3373@beaconhealth.com,+1-784-812-4619,"Toronto, Canada",2025-02-17,Inactive
CUST-03374,Linda Johnson,Catalyst Solutions,Professional Services & Consulting,linda.johnson3374@catalystsolu.com,+1-663-556-7584,"Denver, CO",2026-02-20,Active
CUST-03375,Anthony White,Catalyst Labs,Retail & E-Commerce,anthony.white3375@catalystlabs.com,+1-389-659-2415,"Austin, TX",2023-12-19,Churned
CUST-03376,Ryan Martinez,Beacon Global,Healthcare & Life Sciences,ryan.martinez3376@beaconglobal.com,+1-571-614-7012,"Berlin, Germany",2025-01-30,Churned
CUST-03377,Patricia Taylor,Beacon Partners,SaaS & Cloud Software,patricia.taylor3377@beaconpartne.com,+1-224-879-1701,"Atlanta, GA",2025-06-23,Churned
CUST-03378,William Jackson,Velocity Enterprises,Financial Services & FinTech,william.jackson3378@velocityente.com,+1-206-587-9343,"Chicago, IL",2025-10-24,Active
CUST-03379,Rebecca Parker,Synapse Enterprises,SaaS & Cloud Software,rebecca.parker3379@synapseenter.com,+1-725-655-2681,"Sydney, Australia",2024-11-29,At-Risk
CUST-03380,James Smith,Velocity Partners,Telecommunications,james.smith3380@velocitypart.com,+1-755-813-1966,"Denver, CO",2026-05-30,Active
CUST-03381,Paul Phillips,Starlight Solutions,Media & Entertainment,paul.phillips3381@starlightsol.com,+1-750-344-1126,"Austin, TX",2024-11-22,Inactive
CUST-03382,Jacob Clark,Synapse Systems,Financial Services & FinTech,jacob.clark3382@synapsesyste.com,+1-560-875-3643,"San Francisco, CA",2025-04-25,Active
CUST-03383,Sarah Anderson,Hyperion Capital,Healthcare & Life Sciences,sarah.anderson3383@hyperioncapi.com,+1-380-769-3539,"Austin, TX",2025-05-31,At-Risk
CUST-03384,Andrew Smith,Horizon Enterprises,Media & Entertainment,andrew.smith3384@horizonenter.com,+1-360-738-4155,"Seattle, WA",2023-10-22,Active
CUST-03385,Amanda Hill,Cognitive Health,Retail & E-Commerce,amanda.hill3385@cognitivehea.com,+1-202-479-2511,"New York, NY",2024-05-06,At-Risk
CUST-03386,John Campbell,Starlight Capital,Retail & E-Commerce,john.campbell3386@starlightcap.com,+1-820-318-4738,"Atlanta, GA",2023-09-23,Inactive
CUST-03387,Melissa Gomez,Quantum Digital,Financial Services & FinTech,melissa.gomez3387@quantumdigit.com,+1-556-883-1486,"Chicago, IL",2025-08-29,At-Risk
CUST-03388,Kenneth Gonzalez,Aegis Labs,Media & Entertainment,kenneth.gonzalez3388@aegislabs.com,+1-369-858-9693,"Austin, TX",2026-03-02,At-Risk
CUST-03389,Thomas Evans,Apex Labs,Telecommunications,thomas.evans3389@apexlabs.com,+1-321-854-6888,"Boston, MA",2024-09-01,Active
CUST-03390,Gary Scott,Nexus Health,Media & Entertainment,gary.scott3390@nexushealth.com,+1-447-229-3091,"Toronto, Canada",2026-06-04,Active
CUST-03391,Robert Diaz,Vertex Technologies,Retail & E-Commerce,robert.diaz3391@vertextechno.com,+1-837-494-6397,"San Francisco, CA",2023-04-22,Inactive
CUST-03392,Ashley Martin,Vertex Health,Professional Services & Consulting,ashley.martin3392@vertexhealth.com,+1-981-722-2566,"Austin, TX",2025-06-09,Inactive
CUST-03393,Dorothy Jackson,Meridian Capital,Telecommunications,dorothy.jackson3393@meridiancapi.com,+1-495-843-3111,"Atlanta, GA",2023-01-12,Inactive
CUST-03394,John Lopez,Vertex Logistics,Manufacturing & Industrial,john.lopez3394@vertexlogist.com,+1-595-427-6641,"New York, NY",2023-10-23,At-Risk
CUST-03395,Amy Scott,Velocity Digital,SaaS & Cloud Software,amy.scott3395@velocitydigi.com,+1-433-675-2890,"Berlin, Germany",2026-02-04,Inactive
CUST-03396,Charles Miller,Vanguard Partners,Media & Entertainment,charles.miller3396@vanguardpart.com,+1-446-612-1225,"Boston, MA",2023-04-09,Inactive
CUST-03397,Kenneth Evans,Aegis Capital,Professional Services & Consulting,kenneth.evans3397@aegiscapital.com,+1-705-581-6014,"Seattle, WA",2024-03-28,Churned
CUST-03398,Robert Wright,Starlight Enterprises,Healthcare & Life Sciences,robert.wright3398@starlightent.com,+1-955-200-7866,"London, UK",2025-03-31,Churned
CUST-03399,Sharon Torres,Velocity Technologies,Retail & E-Commerce,sharon.torres3399@velocitytech.com,+1-357-732-9900,"Seattle, WA",2023-06-26,Active
CUST-03400,Jason Smith,Beacon Solutions,SaaS & Cloud Software,jason.smith3400@beaconsoluti.com,+1-540-630-8531,"Denver, CO",2026-04-26,Active
CUST-03401,Donald Anderson,Acro Labs,Retail & E-Commerce,donald.anderson3401@acrolabs.com,+1-655-244-2359,"Seattle, WA",2024-10-11,Active
CUST-03402,Stephanie Lee,Hyperion Analytics,Telecommunications,stephanie.lee3402@hyperionanal.com,+1-429-628-2132,"San Francisco, CA",2024-10-19,Active
CUST-03403,Joshua Nguyen,Horizon Technologies,Healthcare & Life Sciences,joshua.nguyen3403@horizontechn.com,+1-426-850-1335,"Seattle, WA",2026-05-19,At-Risk
CUST-03404,Kimberly Gonzalez,Meridian Digital,Telecommunications,kimberly.gonzalez3404@meridiandigi.com,+1-829-364-7517,"London, UK",2024-01-17,At-Risk
CUST-03405,Emily Moore,Prism Analytics,Media & Entertainment,emily.moore3405@prismanalyti.com,+1-531-209-9708,"Austin, TX",2025-10-05,Churned
CUST-03406,Andrew Baker,Synapse Systems,Healthcare & Life Sciences,andrew.baker3406@synapsesyste.com,+1-379-417-5939,"Boston, MA",2025-06-11,Churned
CUST-03407,James Roberts,Nexus Enterprises,Financial Services & FinTech,james.roberts3407@nexusenterpr.com,+1-927-329-6043,"Atlanta, GA",2022-08-31,Inactive
CUST-03408,Joseph Campbell,Aegis Innovations,Manufacturing & Industrial,joseph.campbell3408@aegisinnovat.com,+1-815-310-6367,"Denver, CO",2025-06-12,Inactive
CUST-03409,Carol Lee,Acro Enterprises,SaaS & Cloud Software,carol.lee3409@acroenterpri.com,+1-379-710-7206,"Denver, CO",2023-06-28,Inactive
CUST-03410,Mary Hernandez,Omni Dynamics,Professional Services & Consulting,mary.hernandez3410@omnidynamics.com,+1-263-444-4488,"Atlanta, GA",2025-10-01,Active
CUST-03411,Mark Nelson,Hyperion Health,Professional Services & Consulting,mark.nelson3411@hyperionheal.com,+1-815-498-6879,"Berlin, Germany",2025-04-17,Active
CUST-03412,Lisa Anderson,Vertex Innovations,Healthcare & Life Sciences,lisa.anderson3412@vertexinnova.com,+1-597-431-1755,"Toronto, Canada",2025-09-23,At-Risk
CUST-03413,Kimberly Johnson,Hyperion Health,Telecommunications,kimberly.johnson3413@hyperionheal.com,+1-389-832-2485,"Denver, CO",2024-04-17,Active
CUST-03414,Jeffrey Hernandez,Quantum Analytics,Retail & E-Commerce,jeffrey.hernandez3414@quantumanaly.com,+1-815-342-3146,"Austin, TX",2022-12-03,Inactive
CUST-03415,Patricia Martin,Vertex Global,Media & Entertainment,patricia.martin3415@vertexglobal.com,+1-988-381-2953,"Toronto, Canada",2024-01-27,Churned
CUST-03416,Amanda Baker,Vanguard Health,Healthcare & Life Sciences,amanda.baker3416@vanguardheal.com,+1-592-818-4439,"Denver, CO",2025-10-22,Active
CUST-03417,Jacob Diaz,Apex Global,Manufacturing & Industrial,jacob.diaz3417@apexglobal.com,+1-564-233-4529,"Austin, TX",2025-02-23,Inactive
CUST-03418,Jessica Turner,Vanguard Health,Healthcare & Life Sciences,jessica.turner3418@vanguardheal.com,+1-247-509-9710,"Toronto, Canada",2025-08-03,Inactive
CUST-03419,Amanda Smith,Synapse Dynamics,SaaS & Cloud Software,amanda.smith3419@synapsedynam.com,+1-298-887-1798,"Denver, CO",2025-01-18,Active
CUST-03420,Susan Torres,Vanguard Logistics,Manufacturing & Industrial,susan.torres3420@vanguardlogi.com,+1-583-833-4697,"Chicago, IL",2024-12-15,Active
CUST-03421,Gary Hill,Meridian Solutions,SaaS & Cloud Software,gary.hill3421@meridiansolu.com,+1-260-861-1355,"New York, NY",2024-02-03,Churned
CUST-03422,Lisa Rivera,Cognitive Logistics,Professional Services & Consulting,lisa.rivera3422@cognitivelog.com,+1-302-585-3395,"Denver, CO",2026-05-29,Active
CUST-03423,Lisa Turner,Aegis Global,Retail & E-Commerce,lisa.turner3423@aegisglobal.com,+1-705-265-9423,"Sydney, Australia",2024-12-24,Churned
CUST-03424,Melissa Thompson,Elevate Enterprises,SaaS & Cloud Software,melissa.thompson3424@elevateenter.com,+1-661-793-3336,"Sydney, Australia",2022-12-21,Active
CUST-03425,Sandra Smith,Prism Labs,Professional Services & Consulting,sandra.smith3425@prismlabs.com,+1-423-339-4839,"Sydney, Australia",2023-06-03,Churned
CUST-03426,William Harris,Velocity Logistics,Media & Entertainment,william.harris3426@velocitylogi.com,+1-748-277-5667,"Atlanta, GA",2026-03-25,Active
CUST-03427,Kevin Harris,Prism Analytics,Retail & E-Commerce,kevin.harris3427@prismanalyti.com,+1-655-213-2937,"Chicago, IL",2025-12-26,Active
CUST-03428,Emily Carter,Catalyst Systems,Financial Services & FinTech,emily.carter3428@catalystsyst.com,+1-887-662-9174,"San Francisco, CA",2026-03-30,Active
CUST-03429,Jason Clark,Zenith Global,Professional Services & Consulting,jason.clark3429@zenithglobal.com,+1-553-381-8715,"New York, NY",2022-07-27,Inactive
CUST-03430,Rebecca Jones,Hyperion Technologies,Healthcare & Life Sciences,rebecca.jones3430@hyperiontech.com,+1-289-863-6261,"Toronto, Canada",2025-09-29,At-Risk
CUST-03431,Kathleen Scott,Nexus Global,Financial Services & FinTech,kathleen.scott3431@nexusglobal.com,+1-840-261-3553,"Sydney, Australia",2026-06-17,Active
CUST-03432,Thomas Thomas,Vertex Logistics,Financial Services & FinTech,thomas.thomas3432@vertexlogist.com,+1-690-841-9963,"Denver, CO",2025-09-14,Inactive
CUST-03433,Jeffrey Johnson,Beacon Logistics,Media & Entertainment,jeffrey.johnson3433@beaconlogist.com,+1-638-409-6493,"Berlin, Germany",2024-05-15,Churned
CUST-03434,Ashley Rodriguez,Hyperion Systems,Media & Entertainment,ashley.rodriguez3434@hyperionsyst.com,+1-753-564-3544,"San Francisco, CA",2025-05-05,Active
CUST-03435,Elizabeth Parker,Hyperion Global,Retail & E-Commerce,elizabeth.parker3435@hyperionglob.com,+1-725-576-7784,"Berlin, Germany",2023-11-27,Churned
CUST-03436,Mark Young,Vertex Solutions,Retail & E-Commerce,mark.young3436@vertexsoluti.com,+1-821-519-4154,"Austin, TX",2024-07-11,At-Risk
CUST-03437,Robert Williams,Apex Digital,Manufacturing & Industrial,robert.williams3437@apexdigital.com,+1-545-451-9812,"Atlanta, GA",2022-09-12,Inactive
CUST-03438,Karen Parker,Vanguard Digital,Financial Services & FinTech,karen.parker3438@vanguarddigi.com,+1-347-465-8165,"Chicago, IL",2026-06-07,Active
CUST-03439,Brian Hill,Aura Logistics,Telecommunications,brian.hill3439@auralogistic.com,+1-828-413-3077,"Denver, CO",2024-03-06,Inactive
CUST-03440,Kathleen Carter,Horizon Digital,Retail & E-Commerce,kathleen.carter3440@horizondigit.com,+1-703-874-4304,"San Francisco, CA",2025-09-05,Inactive
CUST-03441,Amy Clark,Aegis Health,Financial Services & FinTech,amy.clark3441@aegishealth.com,+1-416-736-3284,"Seattle, WA",2023-01-08,At-Risk
CUST-03442,Jennifer Miller,Quantum Labs,Retail & E-Commerce,jennifer.miller3442@quantumlabs.com,+1-232-597-6785,"Berlin, Germany",2026-04-25,Active
CUST-03443,Christopher Hall,Pinnacle Global,Retail & E-Commerce,christopher.hall3443@pinnacleglob.com,+1-642-655-4609,"Austin, TX",2026-02-09,Active
CUST-03444,Melissa Jones,Hyperion Analytics,Healthcare & Life Sciences,melissa.jones3444@hyperionanal.com,+1-524-553-4614,"Boston, MA",2025-11-09,Inactive
CUST-03445,Ashley Young,Catalyst Logistics,Telecommunications,ashley.young3445@catalystlogi.com,+1-970-595-8688,"Seattle, WA",2026-02-12,Inactive
CUST-03446,Timothy Taylor,Solstice Analytics,Retail & E-Commerce,timothy.taylor3446@solsticeanal.com,+1-637-363-3698,"London, UK",2025-07-22,Inactive
CUST-03447,Kimberly Evans,Cognitive Enterprises,Professional Services & Consulting,kimberly.evans3447@cognitiveent.com,+1-223-514-7664,"San Francisco, CA",2025-05-05,Churned
CUST-03448,Sarah Lee,Apex Global,Healthcare & Life Sciences,sarah.lee3448@apexglobal.com,+1-629-534-7276,"London, UK",2024-02-04,Churned
CUST-03449,Kevin Diaz,Quantum Dynamics,SaaS & Cloud Software,kevin.diaz3449@quantumdynam.com,+1-985-329-8328,"Denver, CO",2025-07-17,Inactive
CUST-03450,Rebecca Rivera,Meridian Dynamics,Manufacturing & Industrial,rebecca.rivera3450@meridiandyna.com,+1-528-222-8222,"Sydney, Australia",2021-10-30,Active
CUST-03451,Betty Taylor,Aura Enterprises,Healthcare & Life Sciences,betty.taylor3451@auraenterpri.com,+1-335-789-2806,"San Francisco, CA",2023-04-20,Inactive
CUST-03452,Joshua Ramirez,Aura Innovations,SaaS & Cloud Software,joshua.ramirez3452@aurainnovati.com,+1-351-400-5795,"Austin, TX",2026-04-25,At-Risk
CUST-03453,Amy Robinson,Horizon Partners,SaaS & Cloud Software,amy.robinson3453@horizonpartn.com,+1-554-704-8596,"Boston, MA",2026-03-16,Active
CUST-03454,Sarah White,Quantum Partners,Retail & E-Commerce,sarah.white3454@quantumpartn.com,+1-872-253-8519,"Sydney, Australia",2025-04-03,Active
CUST-03455,Patricia Wilson,Vanguard Logistics,Healthcare & Life Sciences,patricia.wilson3455@vanguardlogi.com,+1-500-663-3359,"San Francisco, CA",2025-03-18,Inactive
CUST-03456,Ashley Gonzalez,Acro Logistics,Healthcare & Life Sciences,ashley.gonzalez3456@acrologistic.com,+1-258-781-5419,"Sydney, Australia",2024-06-20,Active
CUST-03457,Kenneth Jones,Zenith Global,Media & Entertainment,kenneth.jones3457@zenithglobal.com,+1-985-655-1192,"Denver, CO",2026-02-23,Active
CUST-03458,Ronald Gonzalez,Pinnacle Logistics,Manufacturing & Industrial,ronald.gonzalez3458@pinnaclelogi.com,+1-344-732-7985,"Berlin, Germany",2025-11-28,Active
CUST-03459,Margaret Smith,Quantum Solutions,Healthcare & Life Sciences,margaret.smith3459@quantumsolut.com,+1-228-250-9486,"Austin, TX",2026-01-09,Active
CUST-03460,Emily Allen,Omni Dynamics,Telecommunications,emily.allen3460@omnidynamics.com,+1-757-408-4352,"Boston, MA",2026-01-14,Active
CUST-03461,Betty Ramirez,Acro Logistics,Telecommunications,betty.ramirez3461@acrologistic.com,+1-722-370-9851,"New York, NY",2024-09-30,Inactive
CUST-03462,Stephanie Young,CoreTech Digital,Financial Services & FinTech,stephanie.young3462@coretechdigi.com,+1-412-590-1142,"Sydney, Australia",2025-09-10,Active
CUST-03463,Kevin Green,Aura Enterprises,Retail & E-Commerce,kevin.green3463@auraenterpri.com,+1-814-336-1393,"Denver, CO",2026-01-04,Active
CUST-03464,Melissa Clark,Omni Health,SaaS & Cloud Software,melissa.clark3464@omnihealth.com,+1-393-349-5285,"San Francisco, CA",2025-10-31,Active
CUST-03465,Melissa Carter,Vertex Health,Manufacturing & Industrial,melissa.carter3465@vertexhealth.com,+1-252-868-1014,"Seattle, WA",2025-06-15,Active
CUST-03466,Elizabeth Miller,Aegis Enterprises,Telecommunications,elizabeth.miller3466@aegisenterpr.com,+1-687-553-9693,"San Francisco, CA",2025-12-25,Churned
CUST-03467,Linda Wright,Nexus Systems,SaaS & Cloud Software,linda.wright3467@nexussystems.com,+1-462-853-2116,"Boston, MA",2025-10-29,Active
CUST-03468,Linda Jackson,Nexus Enterprises,Manufacturing & Industrial,linda.jackson3468@nexusenterpr.com,+1-557-615-7307,"San Francisco, CA",2026-05-10,Active
CUST-03469,Carol Jones,Aura Systems,Professional Services & Consulting,carol.jones3469@aurasystems.com,+1-735-849-2688,"Chicago, IL",2025-06-02,Churned
CUST-03470,Kimberly Allen,Velocity Systems,Media & Entertainment,kimberly.allen3470@velocitysyst.com,+1-670-527-6771,"Boston, MA",2024-08-21,Active
CUST-03471,Michael Gonzalez,Nexus Health,SaaS & Cloud Software,michael.gonzalez3471@nexushealth.com,+1-613-728-6206,"San Francisco, CA",2023-07-19,Inactive
CUST-03472,Edward Jackson,Acro Solutions,Media & Entertainment,edward.jackson3472@acrosolution.com,+1-763-468-1591,"Atlanta, GA",2023-07-04,Churned
CUST-03473,Barbara Hill,Nexus Dynamics,Media & Entertainment,barbara.hill3473@nexusdynamic.com,+1-306-614-9636,"Berlin, Germany",2026-02-04,Active
CUST-03474,Anthony Walker,Zenith Solutions,Telecommunications,anthony.walker3474@zenithsoluti.com,+1-310-574-9453,"San Francisco, CA",2025-10-13,At-Risk
CUST-03475,Deborah Ramirez,Solstice Global,Financial Services & FinTech,deborah.ramirez3475@solsticeglob.com,+1-783-784-8700,"San Francisco, CA",2024-01-14,Churned
CUST-03476,Deborah Lewis,Catalyst Health,Manufacturing & Industrial,deborah.lewis3476@catalystheal.com,+1-404-363-7780,"Berlin, Germany",2023-08-06,Churned
CUST-03477,David Walker,Nexus Digital,Professional Services & Consulting,david.walker3477@nexusdigital.com,+1-541-749-4397,"New York, NY",2026-05-10,At-Risk
CUST-03478,Melissa Gonzalez,Omni Innovations,Financial Services & FinTech,melissa.gonzalez3478@omniinnovati.com,+1-557-632-6360,"London, UK",2026-02-02,Active
CUST-03479,Jeffrey Rivera,Hyperion Capital,Professional Services & Consulting,jeffrey.rivera3479@hyperioncapi.com,+1-574-445-5054,"Chicago, IL",2024-05-01,Inactive
CUST-03480,Christopher Jackson,Synapse Global,Telecommunications,christopher.jackson3480@synapsegloba.com,+1-346-296-8669,"Berlin, Germany",2025-03-27,At-Risk
CUST-03481,Kathleen Perez,Horizon Technologies,Financial Services & FinTech,kathleen.perez3481@horizontechn.com,+1-539-752-5385,"Berlin, Germany",2023-05-11,At-Risk
CUST-03482,Jason Ramirez,Horizon Analytics,Manufacturing & Industrial,jason.ramirez3482@horizonanaly.com,+1-408-206-3484,"New York, NY",2026-05-12,Active
CUST-03483,Carol Wilson,Synapse Partners,Media & Entertainment,carol.wilson3483@synapsepartn.com,+1-691-593-8045,"Austin, TX",2026-02-18,Active
CUST-03484,Mark Taylor,Aegis Solutions,Professional Services & Consulting,mark.taylor3484@aegissolutio.com,+1-928-262-3696,"Sydney, Australia",2025-12-18,Inactive
CUST-03485,Kenneth Rodriguez,Solstice Innovations,Retail & E-Commerce,kenneth.rodriguez3485@solsticeinno.com,+1-310-444-1072,"Denver, CO",2026-03-22,Active
CUST-03486,Cynthia Evans,Stratosphere Technologies,Media & Entertainment,cynthia.evans3486@stratosphere.com,+1-940-208-8482,"Austin, TX",2025-08-05,At-Risk
CUST-03487,Mark Scott,Zenith Partners,Healthcare & Life Sciences,mark.scott3487@zenithpartne.com,+1-687-680-8469,"Atlanta, GA",2023-01-23,Inactive
CUST-03488,Joseph Davis,Starlight Capital,Retail & E-Commerce,joseph.davis3488@starlightcap.com,+1-527-331-8876,"Austin, TX",2025-01-28,Active
CUST-03489,Deborah Gonzalez,Apex Labs,SaaS & Cloud Software,deborah.gonzalez3489@apexlabs.com,+1-654-284-3399,"New York, NY",2022-12-05,Active
CUST-03490,Elizabeth Brown,Hyperion Digital,Retail & E-Commerce,elizabeth.brown3490@hyperiondigi.com,+1-399-502-5755,"Austin, TX",2023-10-31,Active
CUST-03491,Gary Wilson,Aura Technologies,Professional Services & Consulting,gary.wilson3491@auratechnolo.com,+1-875-695-8324,"Sydney, Australia",2022-06-21,Active
CUST-03492,Jacob Miller,Starlight Health,Telecommunications,jacob.miller3492@starlighthea.com,+1-895-793-8778,"San Francisco, CA",2025-11-09,Active
CUST-03493,Susan Harris,Catalyst Digital,Telecommunications,susan.harris3493@catalystdigi.com,+1-609-612-8458,"Seattle, WA",2024-02-24,Inactive
CUST-03494,Timothy Jackson,Nexus Health,Telecommunications,timothy.jackson3494@nexushealth.com,+1-441-399-5711,"Toronto, Canada",2023-03-13,Inactive
CUST-03495,Paul Johnson,Apex Health,Professional Services & Consulting,paul.johnson3495@apexhealth.com,+1-366-488-3267,"Austin, TX",2026-01-18,Active
CUST-03496,Edward Baker,Zenith Innovations,Manufacturing & Industrial,edward.baker3496@zenithinnova.com,+1-840-405-3986,"Atlanta, GA",2023-09-22,At-Risk
CUST-03497,Thomas Turner,Vertex Health,Financial Services & FinTech,thomas.turner3497@vertexhealth.com,+1-450-838-1217,"Boston, MA",2022-09-13,Inactive
CUST-03498,Ryan Johnson,Catalyst Digital,Retail & E-Commerce,ryan.johnson3498@catalystdigi.com,+1-888-449-7903,"Atlanta, GA",2023-10-11,Inactive
CUST-03499,Michael Carter,Quantum Innovations,Media & Entertainment,michael.carter3499@quantuminnov.com,+1-801-317-2353,"Berlin, Germany",2024-03-03,At-Risk
CUST-03500,Kevin Williams,CoreTech Digital,Financial Services & FinTech,kevin.williams3500@coretechdigi.com,+1-271-606-3480,"New York, NY",2023-10-05,Churned
CUST-03501,Rebecca Smith,Apex Capital,SaaS & Cloud Software,rebecca.smith3501@apexcapital.com,+1-611-557-4423,"Austin, TX",2024-10-09,At-Risk
CUST-03502,Dorothy Diaz,Acro Innovations,Media & Entertainment,dorothy.diaz3502@acroinnovati.com,+1-409-425-6220,"Toronto, Canada",2025-02-20,Churned
CUST-03503,Andrew Allen,Solstice Digital,Manufacturing & Industrial,andrew.allen3503@solsticedigi.com,+1-704-291-4062,"Seattle, WA",2023-10-28,Inactive
CUST-03504,Susan Jackson,Cognitive Global,Media & Entertainment,susan.jackson3504@cognitiveglo.com,+1-294-458-7298,"London, UK",2022-10-21,Active
CUST-03505,Ashley Rivera,Solstice Global,Telecommunications,ashley.rivera3505@solsticeglob.com,+1-896-445-3552,"Boston, MA",2024-08-10,Inactive
CUST-03506,Robert Wilson,Vertex Analytics,Healthcare & Life Sciences,robert.wilson3506@vertexanalyt.com,+1-618-633-6977,"Berlin, Germany",2025-10-18,Active
CUST-03507,Charles Roberts,Solstice Dynamics,Retail & E-Commerce,charles.roberts3507@solsticedyna.com,+1-752-541-5323,"Denver, CO",2024-04-24,Inactive
CUST-03508,Nancy Campbell,Meridian Logistics,Healthcare & Life Sciences,nancy.campbell3508@meridianlogi.com,+1-203-240-1563,"Boston, MA",2026-03-15,At-Risk
CUST-03509,Charles Johnson,Horizon Global,SaaS & Cloud Software,charles.johnson3509@horizongloba.com,+1-512-882-7176,"San Francisco, CA",2024-12-08,Churned
CUST-03510,Robert Lee,Vertex Health,SaaS & Cloud Software,robert.lee3510@vertexhealth.com,+1-985-546-5584,"Toronto, Canada",2022-09-13,At-Risk
CUST-03511,Anthony Evans,Hyperion Analytics,Financial Services & FinTech,anthony.evans3511@hyperionanal.com,+1-868-407-1934,"Denver, CO",2022-10-10,Inactive
CUST-03512,Margaret Thomas,Aegis Global,Manufacturing & Industrial,margaret.thomas3512@aegisglobal.com,+1-813-405-1210,"Denver, CO",2021-10-14,At-Risk
CUST-03513,Barbara Brown,Nexus Digital,SaaS & Cloud Software,barbara.brown3513@nexusdigital.com,+1-254-738-4846,"London, UK",2022-09-04,Inactive
CUST-03514,David Scott,Acro Capital,Financial Services & FinTech,david.scott3514@acrocapital.com,+1-204-517-9711,"Sydney, Australia",2026-01-25,Churned
CUST-03515,Jennifer Lopez,Solstice Logistics,Manufacturing & Industrial,jennifer.lopez3515@solsticelogi.com,+1-916-485-2056,"Seattle, WA",2023-09-06,Inactive
CUST-03516,Kevin Wright,Elevate Labs,Healthcare & Life Sciences,kevin.wright3516@elevatelabs.com,+1-900-251-4770,"London, UK",2025-09-08,Inactive
CUST-03517,Michael Taylor,Zenith Systems,Media & Entertainment,michael.taylor3517@zenithsystem.com,+1-635-290-4972,"Denver, CO",2025-10-21,Active
CUST-03518,Rebecca Sanchez,Synapse Capital,SaaS & Cloud Software,rebecca.sanchez3518@synapsecapit.com,+1-285-343-3246,"Toronto, Canada",2024-10-06,At-Risk
CUST-03519,Jason King,Vertex Innovations,Retail & E-Commerce,jason.king3519@vertexinnova.com,+1-915-462-8503,"Atlanta, GA",2023-08-16,Active
CUST-03520,James Parker,Catalyst Digital,Manufacturing & Industrial,james.parker3520@catalystdigi.com,+1-291-237-6715,"San Francisco, CA",2023-04-04,At-Risk
CUST-03521,Betty Baker,Starlight Digital,Manufacturing & Industrial,betty.baker3521@starlightdig.com,+1-828-643-9146,"New York, NY",2025-02-07,At-Risk
CUST-03522,Margaret Hill,Acro Health,Retail & E-Commerce,margaret.hill3522@acrohealth.com,+1-297-771-3044,"Austin, TX",2022-10-14,Inactive
CUST-03523,Donna Rodriguez,Aura Global,Manufacturing & Industrial,donna.rodriguez3523@auraglobal.com,+1-618-564-1471,"Atlanta, GA",2026-05-10,At-Risk
CUST-03524,Susan Sanchez,Meridian Global,Media & Entertainment,susan.sanchez3524@meridianglob.com,+1-301-721-9114,"Sydney, Australia",2024-04-14,Active
CUST-03525,Kathleen Sanchez,Hyperion Logistics,Manufacturing & Industrial,kathleen.sanchez3525@hyperionlogi.com,+1-442-642-9925,"Denver, CO",2023-11-12,Inactive
CUST-03526,Amanda Johnson,Vertex Digital,Telecommunications,amanda.johnson3526@vertexdigita.com,+1-366-670-7578,"Berlin, Germany",2023-02-02,Active
CUST-03527,Daniel Nguyen,Synapse Dynamics,Telecommunications,daniel.nguyen3527@synapsedynam.com,+1-646-654-9433,"Denver, CO",2022-11-12,Inactive
CUST-03528,Mary Torres,Zenith Digital,Manufacturing & Industrial,mary.torres3528@zenithdigita.com,+1-860-606-2402,"Atlanta, GA",2024-02-23,Churned
CUST-03529,Ronald Evans,Aegis Dynamics,Healthcare & Life Sciences,ronald.evans3529@aegisdynamic.com,+1-857-816-9810,"Toronto, Canada",2023-06-19,Inactive
CUST-03530,James Robinson,Prism Health,Manufacturing & Industrial,james.robinson3530@prismhealth.com,+1-780-748-2739,"Seattle, WA",2024-06-13,At-Risk
CUST-03531,Sarah Lee,Aegis Health,Media & Entertainment,sarah.lee3531@aegishealth.com,+1-677-355-8107,"Atlanta, GA",2025-06-27,Active
CUST-03532,Michelle Hill,Meridian Global,Retail & E-Commerce,michelle.hill3532@meridianglob.com,+1-763-392-7051,"New York, NY",2025-04-16,Churned
CUST-03533,Patricia Lee,Apex Solutions,Retail & E-Commerce,patricia.lee3533@apexsolution.com,+1-652-311-7349,"San Francisco, CA",2024-03-10,Inactive
CUST-03534,Kevin Walker,Horizon Health,Manufacturing & Industrial,kevin.walker3534@horizonhealt.com,+1-272-342-6775,"London, UK",2023-08-09,Inactive
CUST-03535,Ronald Thompson,Vertex Capital,Media & Entertainment,ronald.thompson3535@vertexcapita.com,+1-864-316-6052,"San Francisco, CA",2024-02-09,Inactive
CUST-03536,Jason Williams,Nexus Partners,Professional Services & Consulting,jason.williams3536@nexuspartner.com,+1-205-817-4008,"New York, NY",2024-10-20,Active
CUST-03537,Dorothy Moore,Elevate Digital,Healthcare & Life Sciences,dorothy.moore3537@elevatedigit.com,+1-658-774-9049,"Toronto, Canada",2026-05-22,Active
CUST-03538,Brian Green,Acro Technologies,Manufacturing & Industrial,brian.green3538@acrotechnolo.com,+1-218-344-4214,"Berlin, Germany",2025-12-26,At-Risk
CUST-03539,Robert Davis,Quantum Digital,Healthcare & Life Sciences,robert.davis3539@quantumdigit.com,+1-849-213-2045,"Seattle, WA",2026-01-04,At-Risk
CUST-03540,Ronald Turner,Velocity Technologies,Media & Entertainment,ronald.turner3540@velocitytech.com,+1-376-785-1376,"Boston, MA",2022-07-21,Active
CUST-03541,Stephanie Nelson,Velocity Health,Professional Services & Consulting,stephanie.nelson3541@velocityheal.com,+1-386-365-4720,"Austin, TX",2025-05-23,At-Risk
CUST-03542,Matthew Clark,Elevate Systems,Financial Services & FinTech,matthew.clark3542@elevatesyste.com,+1-775-216-7298,"Berlin, Germany",2025-08-30,Churned
CUST-03543,Nancy Williams,Apex Labs,Media & Entertainment,nancy.williams3543@apexlabs.com,+1-401-220-3229,"Berlin, Germany",2025-10-21,Active
CUST-03544,Dorothy Gomez,Synapse Global,Telecommunications,dorothy.gomez3544@synapsegloba.com,+1-466-787-8392,"Austin, TX",2023-05-16,At-Risk
CUST-03545,George Thomas,Meridian Labs,Retail & E-Commerce,george.thomas3545@meridianlabs.com,+1-915-534-9107,"New York, NY",2025-09-24,Inactive
CUST-03546,Barbara Phillips,Velocity Labs,Retail & E-Commerce,barbara.phillips3546@velocitylabs.com,+1-601-879-7020,"Boston, MA",2021-12-04,Active
CUST-03547,Timothy Baker,Starlight Analytics,Retail & E-Commerce,timothy.baker3547@starlightana.com,+1-938-589-9892,"New York, NY",2025-10-06,Active
CUST-03548,Amy Gomez,Stratosphere Innovations,Retail & E-Commerce,amy.gomez3548@stratosphere.com,+1-582-424-5167,"Boston, MA",2023-07-25,At-Risk
CUST-03549,Kevin Campbell,Vertex Enterprises,Telecommunications,kevin.campbell3549@vertexenterp.com,+1-640-762-9789,"Berlin, Germany",2025-08-19,At-Risk
CUST-03550,Rebecca Thompson,Solstice Systems,Retail & E-Commerce,rebecca.thompson3550@solsticesyst.com,+1-404-503-4746,"Toronto, Canada",2025-11-12,At-Risk
CUST-03551,Amanda Adams,Horizon Global,Healthcare & Life Sciences,amanda.adams3551@horizongloba.com,+1-707-421-8113,"Denver, CO",2024-10-28,Churned
CUST-03552,Ronald Turner,Prism Capital,Professional Services & Consulting,ronald.turner3552@prismcapital.com,+1-358-230-8548,"Chicago, IL",2023-03-21,Active
CUST-03553,Jacob White,Solstice Analytics,SaaS & Cloud Software,jacob.white3553@solsticeanal.com,+1-824-497-4992,"Toronto, Canada",2026-02-22,At-Risk
CUST-03554,Christopher Roberts,Velocity Global,Manufacturing & Industrial,christopher.roberts3554@velocityglob.com,+1-865-457-5927,"Berlin, Germany",2025-08-14,Active
CUST-03555,Ashley Parker,CoreTech Global,Professional Services & Consulting,ashley.parker3555@coretechglob.com,+1-233-564-1389,"Toronto, Canada",2023-07-02,At-Risk
CUST-03556,Donna Lee,Nexus Innovations,SaaS & Cloud Software,donna.lee3556@nexusinnovat.com,+1-380-744-5409,"London, UK",2026-02-22,Active
CUST-03557,Stephanie Robinson,Synapse Digital,SaaS & Cloud Software,stephanie.robinson3557@synapsedigit.com,+1-669-401-5593,"New York, NY",2024-12-30,Inactive
CUST-03558,Daniel Carter,Elevate Labs,Manufacturing & Industrial,daniel.carter3558@elevatelabs.com,+1-247-678-8320,"London, UK",2022-10-18,Inactive
CUST-03559,Sandra Mitchell,Meridian Dynamics,Professional Services & Consulting,sandra.mitchell3559@meridiandyna.com,+1-851-553-1078,"Boston, MA",2024-06-15,Active
CUST-03560,Donald Scott,Apex Solutions,Telecommunications,donald.scott3560@apexsolution.com,+1-544-772-6753,"Austin, TX",2022-12-21,Inactive
CUST-03561,Joseph Thompson,Nexus Logistics,Healthcare & Life Sciences,joseph.thompson3561@nexuslogisti.com,+1-914-851-1079,"Sydney, Australia",2023-09-11,At-Risk
CUST-03562,Joshua Perez,Apex Logistics,Healthcare & Life Sciences,joshua.perez3562@apexlogistic.com,+1-297-519-4436,"Toronto, Canada",2024-11-25,Churned
CUST-03563,Carol Anderson,Vertex Dynamics,Media & Entertainment,carol.anderson3563@vertexdynami.com,+1-472-888-4809,"London, UK",2023-03-26,At-Risk
CUST-03564,Mark Carter,Meridian Health,Professional Services & Consulting,mark.carter3564@meridianheal.com,+1-281-302-2829,"Chicago, IL",2022-12-28,At-Risk
CUST-03565,Charles Thomas,Aura Innovations,SaaS & Cloud Software,charles.thomas3565@aurainnovati.com,+1-371-610-6864,"Boston, MA",2025-09-14,At-Risk
CUST-03566,Lisa Robinson,Omni Dynamics,Telecommunications,lisa.robinson3566@omnidynamics.com,+1-590-387-6635,"Berlin, Germany",2025-05-25,Churned
CUST-03567,Joseph Hall,Nexus Capital,Professional Services & Consulting,joseph.hall3567@nexuscapital.com,+1-429-741-4152,"Atlanta, GA",2025-06-21,Active
CUST-03568,Brian Thompson,Prism Innovations,Financial Services & FinTech,brian.thompson3568@prisminnovat.com,+1-848-641-1671,"Boston, MA",2026-01-10,Active
CUST-03569,William Nguyen,Vanguard Innovations,Financial Services & FinTech,william.nguyen3569@vanguardinno.com,+1-689-881-5987,"San Francisco, CA",2023-06-27,Churned
CUST-03570,Brian Turner,Catalyst Innovations,Manufacturing & Industrial,brian.turner3570@catalystinno.com,+1-665-232-7846,"Sydney, Australia",2022-11-22,Inactive
CUST-03571,Sarah Walker,Synapse Capital,Financial Services & FinTech,sarah.walker3571@synapsecapit.com,+1-667-404-5054,"Denver, CO",2023-03-05,Active
CUST-03572,Jeffrey Taylor,Beacon Solutions,Healthcare & Life Sciences,jeffrey.taylor3572@beaconsoluti.com,+1-884-525-8792,"San Francisco, CA",2025-07-02,Active
CUST-03573,Melissa Ramirez,CoreTech Digital,Healthcare & Life Sciences,melissa.ramirez3573@coretechdigi.com,+1-464-303-3847,"Denver, CO",2024-11-06,Churned
CUST-03574,Jason Johnson,Solstice Enterprises,Financial Services & FinTech,jason.johnson3574@solsticeente.com,+1-871-652-7426,"Toronto, Canada",2026-05-19,At-Risk
CUST-03575,Christopher Smith,Cognitive Health,SaaS & Cloud Software,christopher.smith3575@cognitivehea.com,+1-785-439-2373,"Denver, CO",2024-01-18,Inactive
CUST-03576,Sharon Thomas,Apex Labs,Manufacturing & Industrial,sharon.thomas3576@apexlabs.com,+1-813-544-2208,"London, UK",2023-09-24,At-Risk
CUST-03577,Sharon Mitchell,Meridian Technologies,Retail & E-Commerce,sharon.mitchell3577@meridiantech.com,+1-234-537-9844,"Seattle, WA",2022-03-22,Active
CUST-03578,Charles Evans,Hyperion Logistics,Telecommunications,charles.evans3578@hyperionlogi.com,+1-434-892-2637,"Atlanta, GA",2026-05-29,Active
CUST-03579,Daniel Carter,Stratosphere Enterprises,Manufacturing & Industrial,daniel.carter3579@stratosphere.com,+1-770-743-1630,"Toronto, Canada",2024-01-10,Churned
CUST-03580,Donna Allen,Catalyst Partners,Financial Services & FinTech,donna.allen3580@catalystpart.com,+1-499-865-3494,"Berlin, Germany",2024-03-19,Active
CUST-03581,Linda Martinez,Catalyst Health,Manufacturing & Industrial,linda.martinez3581@catalystheal.com,+1-505-575-1756,"Denver, CO",2024-09-23,Inactive
CUST-03582,Charles Scott,Synapse Labs,Manufacturing & Industrial,charles.scott3582@synapselabs.com,+1-453-461-3171,"San Francisco, CA",2025-01-05,Churned
CUST-03583,Jacob White,Starlight Innovations,Media & Entertainment,jacob.white3583@starlightinn.com,+1-678-389-2047,"Denver, CO",2024-10-18,At-Risk
CUST-03584,Joseph Rivera,Aegis Enterprises,SaaS & Cloud Software,joseph.rivera3584@aegisenterpr.com,+1-493-843-5239,"Sydney, Australia",2026-05-23,At-Risk
CUST-03585,Matthew Garcia,Solstice Partners,Manufacturing & Industrial,matthew.garcia3585@solsticepart.com,+1-507-454-8141,"Berlin, Germany",2024-01-08,At-Risk
CUST-03586,Melissa Anderson,Vertex Technologies,Healthcare & Life Sciences,melissa.anderson3586@vertextechno.com,+1-800-695-8924,"Berlin, Germany",2026-03-18,At-Risk
CUST-03587,Jessica Baker,Velocity Solutions,Professional Services & Consulting,jessica.baker3587@velocitysolu.com,+1-618-350-2879,"New York, NY",2024-09-28,Inactive
CUST-03588,Cynthia Hill,Hyperion Global,Professional Services & Consulting,cynthia.hill3588@hyperionglob.com,+1-663-418-3649,"San Francisco, CA",2023-11-25,Churned
CUST-03589,Joseph Turner,Pinnacle Dynamics,Financial Services & FinTech,joseph.turner3589@pinnacledyna.com,+1-255-715-9014,"Sydney, Australia",2022-11-01,Inactive
CUST-03590,Sandra Evans,Elevate Dynamics,Healthcare & Life Sciences,sandra.evans3590@elevatedynam.com,+1-808-763-5033,"San Francisco, CA",2022-11-30,At-Risk
CUST-03591,Ronald Torres,Vertex Labs,Professional Services & Consulting,ronald.torres3591@vertexlabs.com,+1-424-895-8544,"Atlanta, GA",2024-04-28,Inactive
CUST-03592,Sharon Roberts,Meridian Solutions,SaaS & Cloud Software,sharon.roberts3592@meridiansolu.com,+1-341-778-9418,"Seattle, WA",2025-04-11,Active
CUST-03593,Laura Young,Apex Analytics,Retail & E-Commerce,laura.young3593@apexanalytic.com,+1-810-833-2326,"Seattle, WA",2026-04-11,Active
CUST-03594,Melissa Parker,Stratosphere Technologies,Retail & E-Commerce,melissa.parker3594@stratosphere.com,+1-526-252-1169,"Boston, MA",2026-06-24,Active
CUST-03595,Daniel Smith,Hyperion Labs,Telecommunications,daniel.smith3595@hyperionlabs.com,+1-734-449-9099,"Sydney, Australia",2023-07-17,Inactive
CUST-03596,John Wilson,CoreTech Enterprises,Professional Services & Consulting,john.wilson3596@coretechente.com,+1-375-808-6180,"New York, NY",2026-03-10,Active
CUST-03597,Stephanie Lewis,Starlight Global,SaaS & Cloud Software,stephanie.lewis3597@starlightglo.com,+1-865-248-5459,"Chicago, IL",2024-04-14,At-Risk
CUST-03598,Mary Hill,Starlight Digital,Manufacturing & Industrial,mary.hill3598@starlightdig.com,+1-618-670-6701,"Boston, MA",2025-07-10,Inactive
CUST-03599,Joshua Green,Vertex Capital,Healthcare & Life Sciences,joshua.green3599@vertexcapita.com,+1-635-754-9273,"Chicago, IL",2023-10-18,Inactive
CUST-03600,Richard Williams,Vertex Systems,Healthcare & Life Sciences,richard.williams3600@vertexsystem.com,+1-377-273-1794,"Atlanta, GA",2026-05-12,Active
CUST-03601,Kenneth Miller,Vanguard Systems,Retail & E-Commerce,kenneth.miller3601@vanguardsyst.com,+1-262-302-9937,"Denver, CO",2023-06-30,At-Risk
CUST-03602,Donna Hernandez,Hyperion Technologies,Financial Services & FinTech,donna.hernandez3602@hyperiontech.com,+1-749-873-9960,"Chicago, IL",2026-04-18,Active
CUST-03603,Nancy White,Vanguard Dynamics,SaaS & Cloud Software,nancy.white3603@vanguarddyna.com,+1-958-401-2258,"Toronto, Canada",2022-06-27,Inactive
CUST-03604,Deborah King,Quantum Digital,Telecommunications,deborah.king3604@quantumdigit.com,+1-626-209-4892,"Chicago, IL",2024-11-25,Inactive
CUST-03605,Barbara Adams,Zenith Analytics,Manufacturing & Industrial,barbara.adams3605@zenithanalyt.com,+1-590-814-1206,"Sydney, Australia",2022-08-23,Inactive
CUST-03606,Cynthia Mitchell,Solstice Health,Retail & E-Commerce,cynthia.mitchell3606@solsticeheal.com,+1-698-638-8899,"Berlin, Germany",2023-08-27,Inactive
CUST-03607,Lisa Williams,Nexus Technologies,Professional Services & Consulting,lisa.williams3607@nexustechnol.com,+1-283-463-2633,"Austin, TX",2023-06-07,Churned
CUST-03608,Michael Walker,Apex Analytics,Financial Services & FinTech,michael.walker3608@apexanalytic.com,+1-448-475-6983,"Denver, CO",2023-02-16,Inactive
CUST-03609,Patricia Gomez,Velocity Logistics,Professional Services & Consulting,patricia.gomez3609@velocitylogi.com,+1-385-421-8516,"San Francisco, CA",2023-07-11,Inactive
CUST-03610,James King,Catalyst Solutions,Financial Services & FinTech,james.king3610@catalystsolu.com,+1-972-282-5338,"London, UK",2022-10-30,Inactive
CUST-03611,Joshua White,Omni Innovations,Telecommunications,joshua.white3611@omniinnovati.com,+1-684-345-7478,"London, UK",2025-08-09,Inactive
CUST-03612,Brian Perez,Beacon Partners,Financial Services & FinTech,brian.perez3612@beaconpartne.com,+1-391-664-8008,"London, UK",2024-03-26,Active
CUST-03613,Amy Garcia,Vanguard Analytics,Media & Entertainment,amy.garcia3613@vanguardanal.com,+1-901-319-9208,"Sydney, Australia",2024-04-18,Inactive
CUST-03614,Rebecca Carter,Hyperion Partners,Telecommunications,rebecca.carter3614@hyperionpart.com,+1-799-562-7566,"Chicago, IL",2024-07-15,Churned
CUST-03615,Susan Rodriguez,CoreTech Global,Telecommunications,susan.rodriguez3615@coretechglob.com,+1-757-424-1413,"Atlanta, GA",2023-03-04,Inactive
CUST-03616,Melissa White,Meridian Systems,Media & Entertainment,melissa.white3616@meridiansyst.com,+1-401-757-9597,"San Francisco, CA",2024-10-27,At-Risk
CUST-03617,Kathleen Mitchell,Prism Partners,SaaS & Cloud Software,kathleen.mitchell3617@prismpartner.com,+1-947-343-4562,"Austin, TX",2025-11-26,Active
CUST-03618,Andrew Nelson,Beacon Solutions,Retail & E-Commerce,andrew.nelson3618@beaconsoluti.com,+1-601-590-3882,"Boston, MA",2024-04-01,Churned
CUST-03619,Amy Ramirez,Stratosphere Digital,Manufacturing & Industrial,amy.ramirez3619@stratosphere.com,+1-504-896-2809,"New York, NY",2025-08-10,Churned
CUST-03620,Elizabeth Phillips,Acro Global,Financial Services & FinTech,elizabeth.phillips3620@acroglobal.com,+1-506-378-2675,"Berlin, Germany",2022-06-16,At-Risk
CUST-03621,Melissa Lopez,Prism Capital,Manufacturing & Industrial,melissa.lopez3621@prismcapital.com,+1-816-606-9714,"San Francisco, CA",2025-06-24,Active
CUST-03622,Rebecca Wilson,Pinnacle Enterprises,Media & Entertainment,rebecca.wilson3622@pinnacleente.com,+1-457-597-6131,"New York, NY",2023-05-21,Active
CUST-03623,Edward Wright,Cognitive Global,Media & Entertainment,edward.wright3623@cognitiveglo.com,+1-422-586-4790,"New York, NY",2024-02-11,Active
CUST-03624,James Johnson,Omni Capital,Manufacturing & Industrial,james.johnson3624@omnicapital.com,+1-900-817-4732,"Atlanta, GA",2023-06-29,Inactive
CUST-03625,Stephanie Campbell,Vanguard Digital,Financial Services & FinTech,stephanie.campbell3625@vanguarddigi.com,+1-791-385-3375,"Seattle, WA",2025-02-14,At-Risk
CUST-03626,Joseph Nelson,Velocity Dynamics,Media & Entertainment,joseph.nelson3626@velocitydyna.com,+1-593-537-4654,"New York, NY",2022-07-29,At-Risk
CUST-03627,Kimberly Jones,Nexus Enterprises,SaaS & Cloud Software,kimberly.jones3627@nexusenterpr.com,+1-961-348-2543,"Denver, CO",2022-10-16,Active
CUST-03628,William Wright,Acro Dynamics,Healthcare & Life Sciences,william.wright3628@acrodynamics.com,+1-361-487-8861,"Toronto, Canada",2025-04-04,Inactive
CUST-03629,Jessica King,Stratosphere Technologies,Financial Services & FinTech,jessica.king3629@stratosphere.com,+1-317-657-7561,"Toronto, Canada",2024-06-06,Churned
CUST-03630,Michael Diaz,Meridian Innovations,Media & Entertainment,michael.diaz3630@meridianinno.com,+1-828-733-5129,"Toronto, Canada",2025-07-28,Inactive
CUST-03631,Kathleen Jackson,Cognitive Health,Media & Entertainment,kathleen.jackson3631@cognitivehea.com,+1-815-258-6172,"London, UK",2025-04-06,Churned
CUST-03632,Christopher Parker,Hyperion Solutions,Media & Entertainment,christopher.parker3632@hyperionsolu.com,+1-314-485-9950,"San Francisco, CA",2023-02-01,At-Risk
CUST-03633,Timothy Gomez,Aegis Global,Professional Services & Consulting,timothy.gomez3633@aegisglobal.com,+1-956-297-9757,"Toronto, Canada",2025-12-27,Active
CUST-03634,Susan Smith,Pinnacle Solutions,Media & Entertainment,susan.smith3634@pinnaclesolu.com,+1-848-520-7658,"Chicago, IL",2024-05-17,Inactive
CUST-03635,Ashley Miller,Pinnacle Systems,Financial Services & FinTech,ashley.miller3635@pinnaclesyst.com,+1-811-672-7005,"Austin, TX",2024-09-22,Active
CUST-03636,Amanda Lewis,Synapse Digital,Telecommunications,amanda.lewis3636@synapsedigit.com,+1-629-811-5998,"San Francisco, CA",2022-08-24,At-Risk
CUST-03637,Timothy Wilson,Meridian Capital,Financial Services & FinTech,timothy.wilson3637@meridiancapi.com,+1-788-416-9610,"San Francisco, CA",2022-11-17,Inactive
CUST-03638,Michael Sanchez,Solstice Dynamics,SaaS & Cloud Software,michael.sanchez3638@solsticedyna.com,+1-982-412-1212,"San Francisco, CA",2022-11-23,Inactive
CUST-03639,Amy Jones,Pinnacle Analytics,Professional Services & Consulting,amy.jones3639@pinnacleanal.com,+1-900-375-2882,"Chicago, IL",2026-03-31,Active
CUST-03640,Deborah Anderson,Zenith Systems,Telecommunications,deborah.anderson3640@zenithsystem.com,+1-448-278-8703,"San Francisco, CA",2022-11-16,Active
CUST-03641,Kevin Moore,Cognitive Technologies,SaaS & Cloud Software,kevin.moore3641@cognitivetec.com,+1-906-816-1922,"Boston, MA",2022-08-18,At-Risk
CUST-03642,Ashley Walker,Aura Dynamics,Professional Services & Consulting,ashley.walker3642@auradynamics.com,+1-503-580-9452,"Sydney, Australia",2023-01-18,Inactive
CUST-03643,Kevin Allen,Vanguard Innovations,Telecommunications,kevin.allen3643@vanguardinno.com,+1-897-812-9981,"Chicago, IL",2024-05-26,Inactive
CUST-03644,Jessica Martinez,Meridian Partners,Retail & E-Commerce,jessica.martinez3644@meridianpart.com,+1-424-818-3525,"Sydney, Australia",2023-04-03,At-Risk
CUST-03645,Charles Lee,Starlight Innovations,Financial Services & FinTech,charles.lee3645@starlightinn.com,+1-479-271-4018,"Atlanta, GA",2025-08-27,Churned
CUST-03646,Michelle Scott,Vertex Logistics,Retail & E-Commerce,michelle.scott3646@vertexlogist.com,+1-632-383-2741,"Atlanta, GA",2025-10-10,Active
CUST-03647,Lisa Rivera,Stratosphere Global,SaaS & Cloud Software,lisa.rivera3647@stratosphere.com,+1-913-755-7474,"San Francisco, CA",2023-08-25,Inactive
CUST-03648,Sandra Torres,Elevate Enterprises,Professional Services & Consulting,sandra.torres3648@elevateenter.com,+1-301-412-5123,"Boston, MA",2025-04-22,Active
CUST-03649,Kenneth Anderson,Quantum Innovations,Telecommunications,kenneth.anderson3649@quantuminnov.com,+1-254-817-4970,"Chicago, IL",2026-04-21,Active
CUST-03650,Mary Roberts,Meridian Health,Telecommunications,mary.roberts3650@meridianheal.com,+1-878-545-1755,"Toronto, Canada",2024-11-03,Inactive
CUST-03651,Jason Hall,Aura Enterprises,Professional Services & Consulting,jason.hall3651@auraenterpri.com,+1-752-675-3221,"London, UK",2025-02-11,Churned
CUST-03652,Kimberly Campbell,Nexus Capital,Healthcare & Life Sciences,kimberly.campbell3652@nexuscapital.com,+1-311-671-8920,"Sydney, Australia",2024-01-16,At-Risk
CUST-03653,Matthew Perez,Velocity Labs,Financial Services & FinTech,matthew.perez3653@velocitylabs.com,+1-611-720-2054,"Denver, CO",2025-02-13,Churned
CUST-03654,David Wilson,Stratosphere Health,Media & Entertainment,david.wilson3654@stratosphere.com,+1-640-663-1471,"Chicago, IL",2024-01-15,Active
CUST-03655,Kathleen Hall,Hyperion Solutions,Media & Entertainment,kathleen.hall3655@hyperionsolu.com,+1-432-500-1183,"Berlin, Germany",2023-07-30,Active
CUST-03656,Lisa Martin,Hyperion Logistics,Healthcare & Life Sciences,lisa.martin3656@hyperionlogi.com,+1-375-476-2541,"Berlin, Germany",2023-12-11,Inactive
CUST-03657,Sandra Phillips,Nexus Global,Manufacturing & Industrial,sandra.phillips3657@nexusglobal.com,+1-952-440-8108,"Austin, TX",2024-08-20,Inactive
CUST-03658,Kenneth Martin,Apex Solutions,Financial Services & FinTech,kenneth.martin3658@apexsolution.com,+1-518-497-5398,"Berlin, Germany",2025-12-20,Inactive
CUST-03659,Nancy Jackson,Starlight Capital,Retail & E-Commerce,nancy.jackson3659@starlightcap.com,+1-886-884-1504,"Austin, TX",2025-09-12,At-Risk
CUST-03660,Christopher Hall,Omni Systems,Professional Services & Consulting,christopher.hall3660@omnisystems.com,+1-915-815-6040,"New York, NY",2023-12-24,Inactive
CUST-03661,Jeffrey Clark,Catalyst Digital,Financial Services & FinTech,jeffrey.clark3661@catalystdigi.com,+1-885-727-7976,"San Francisco, CA",2026-05-04,Active
CUST-03662,David Perez,Pinnacle Enterprises,SaaS & Cloud Software,david.perez3662@pinnacleente.com,+1-790-491-2688,"London, UK",2025-06-10,Inactive
CUST-03663,Donna Young,Catalyst Systems,Financial Services & FinTech,donna.young3663@catalystsyst.com,+1-679-239-6241,"Chicago, IL",2023-07-13,Active
CUST-03664,Donna Turner,Velocity Dynamics,Retail & E-Commerce,donna.turner3664@velocitydyna.com,+1-296-848-1914,"Seattle, WA",2023-08-11,At-Risk
CUST-03665,Daniel Harris,Vertex Logistics,Financial Services & FinTech,daniel.harris3665@vertexlogist.com,+1-859-404-6215,"New York, NY",2025-06-11,At-Risk
CUST-03666,Deborah Lee,Elevate Enterprises,Healthcare & Life Sciences,deborah.lee3666@elevateenter.com,+1-792-807-3874,"Sydney, Australia",2024-11-17,At-Risk
CUST-03667,John Green,Synapse Systems,Media & Entertainment,john.green3667@synapsesyste.com,+1-929-590-8090,"Denver, CO",2026-02-06,Churned
CUST-03668,Jason Hill,Synapse Labs,Healthcare & Life Sciences,jason.hill3668@synapselabs.com,+1-556-439-4796,"London, UK",2024-11-27,Active
CUST-03669,Deborah Garcia,Cognitive Enterprises,Financial Services & FinTech,deborah.garcia3669@cognitiveent.com,+1-841-754-4143,"San Francisco, CA",2023-09-02,Active
CUST-03670,Robert Turner,Elevate Labs,Manufacturing & Industrial,robert.turner3670@elevatelabs.com,+1-330-487-3437,"Boston, MA",2022-08-05,Inactive
CUST-03671,Emily Smith,Beacon Global,Healthcare & Life Sciences,emily.smith3671@beaconglobal.com,+1-963-392-5426,"Toronto, Canada",2023-02-03,Inactive
CUST-03672,Timothy Gonzalez,Stratosphere Labs,Retail & E-Commerce,timothy.gonzalez3672@stratosphere.com,+1-730-751-4769,"Berlin, Germany",2022-01-25,Inactive
CUST-03673,Donald Taylor,Stratosphere Analytics,Professional Services & Consulting,donald.taylor3673@stratosphere.com,+1-956-739-7246,"San Francisco, CA",2025-12-14,Churned
CUST-03674,Sharon Flores,Omni Digital,SaaS & Cloud Software,sharon.flores3674@omnidigital.com,+1-646-570-5718,"Toronto, Canada",2024-02-12,Active
CUST-03675,Daniel Jackson,Vanguard Digital,Healthcare & Life Sciences,daniel.jackson3675@vanguarddigi.com,+1-836-336-6402,"Denver, CO",2025-09-27,Active
CUST-03676,Carol Johnson,Acro Enterprises,Manufacturing & Industrial,carol.johnson3676@acroenterpri.com,+1-223-791-6691,"Seattle, WA",2024-11-30,At-Risk
CUST-03677,Christopher Carter,Horizon Logistics,Professional Services & Consulting,christopher.carter3677@horizonlogis.com,+1-479-691-1135,"London, UK",2024-03-10,At-Risk
CUST-03678,Ashley Torres,Pinnacle Labs,Telecommunications,ashley.torres3678@pinnaclelabs.com,+1-535-414-6287,"Boston, MA",2023-04-22,At-Risk
CUST-03679,Richard Turner,Meridian Global,Professional Services & Consulting,richard.turner3679@meridianglob.com,+1-465-668-3041,"New York, NY",2024-09-07,Churned
CUST-03680,Margaret Smith,Nexus Labs,Professional Services & Consulting,margaret.smith3680@nexuslabs.com,+1-340-763-9333,"Boston, MA",2025-12-23,Active
CUST-03681,Ryan Wilson,Omni Enterprises,Telecommunications,ryan.wilson3681@omnienterpri.com,+1-587-728-8104,"Berlin, Germany",2024-03-28,Churned
CUST-03682,Sharon Lewis,Cognitive Capital,Retail & E-Commerce,sharon.lewis3682@cognitivecap.com,+1-217-618-2744,"Atlanta, GA",2024-10-23,At-Risk
CUST-03683,Ryan Hall,Velocity Technologies,Telecommunications,ryan.hall3683@velocitytech.com,+1-253-287-5273,"London, UK",2025-03-27,Churned
CUST-03684,Jeffrey Garcia,Vertex Technologies,Manufacturing & Industrial,jeffrey.garcia3684@vertextechno.com,+1-467-658-2681,"Toronto, Canada",2026-04-01,Active
CUST-03685,Carol Sanchez,Meridian Partners,Professional Services & Consulting,carol.sanchez3685@meridianpart.com,+1-643-533-1000,"Denver, CO",2026-04-29,Active
CUST-03686,Carol Jones,Horizon Digital,Telecommunications,carol.jones3686@horizondigit.com,+1-903-298-7297,"New York, NY",2025-08-07,Active
CUST-03687,Gary Nelson,Prism Enterprises,Healthcare & Life Sciences,gary.nelson3687@prismenterpr.com,+1-491-412-7028,"Chicago, IL",2025-03-03,Inactive
CUST-03688,Sharon Torres,Solstice Innovations,SaaS & Cloud Software,sharon.torres3688@solsticeinno.com,+1-532-217-6490,"Boston, MA",2022-11-29,Inactive
CUST-03689,Timothy Clark,Zenith Health,Manufacturing & Industrial,timothy.clark3689@zenithhealth.com,+1-552-518-1746,"Atlanta, GA",2021-11-17,Inactive
CUST-03690,Sarah Evans,Zenith Digital,Retail & E-Commerce,sarah.evans3690@zenithdigita.com,+1-775-645-2181,"Austin, TX",2023-03-03,Active
CUST-03691,Jacob Turner,Zenith Capital,Healthcare & Life Sciences,jacob.turner3691@zenithcapita.com,+1-657-327-5926,"Seattle, WA",2023-07-24,Churned
CUST-03692,John Diaz,Hyperion Innovations,SaaS & Cloud Software,john.diaz3692@hyperioninno.com,+1-447-751-6303,"Berlin, Germany",2025-09-27,At-Risk
CUST-03693,Gary Ramirez,CoreTech Dynamics,Telecommunications,gary.ramirez3693@coretechdyna.com,+1-727-273-7738,"Boston, MA",2025-03-07,Churned
CUST-03694,Ashley King,Velocity Enterprises,Manufacturing & Industrial,ashley.king3694@velocityente.com,+1-617-772-1848,"Sydney, Australia",2025-11-14,Active
CUST-03695,Deborah Gonzalez,Aegis Capital,Professional Services & Consulting,deborah.gonzalez3695@aegiscapital.com,+1-220-286-1356,"Chicago, IL",2023-02-02,Inactive
CUST-03696,William Diaz,Starlight Dynamics,Media & Entertainment,william.diaz3696@starlightdyn.com,+1-792-586-6463,"Toronto, Canada",2025-10-02,Active
CUST-03697,William Phillips,Elevate Logistics,Manufacturing & Industrial,william.phillips3697@elevatelogis.com,+1-978-501-9252,"New York, NY",2022-08-11,Inactive
CUST-03698,Melissa Martinez,Zenith Analytics,Media & Entertainment,melissa.martinez3698@zenithanalyt.com,+1-737-585-8779,"Seattle, WA",2025-11-25,Active
CUST-03699,Michael Wilson,Beacon Innovations,Telecommunications,michael.wilson3699@beaconinnova.com,+1-253-398-7921,"Austin, TX",2026-04-12,At-Risk
CUST-03700,Betty Taylor,Prism Logistics,Retail & E-Commerce,betty.taylor3700@prismlogisti.com,+1-844-809-5229,"Chicago, IL",2022-08-27,At-Risk
CUST-03701,Stephanie Allen,Starlight Health,Telecommunications,stephanie.allen3701@starlighthea.com,+1-957-450-4811,"Sydney, Australia",2026-01-09,Active
CUST-03702,Susan Wright,Vertex Logistics,Healthcare & Life Sciences,susan.wright3702@vertexlogist.com,+1-428-579-8204,"Chicago, IL",2026-06-24,Active
CUST-03703,Rebecca Garcia,Meridian Digital,SaaS & Cloud Software,rebecca.garcia3703@meridiandigi.com,+1-426-327-8315,"Atlanta, GA",2026-02-07,At-Risk
CUST-03704,Joshua Moore,Catalyst Analytics,Media & Entertainment,joshua.moore3704@catalystanal.com,+1-378-891-7774,"Denver, CO",2025-08-23,Churned
CUST-03705,Sarah Harris,Vanguard Global,Media & Entertainment,sarah.harris3705@vanguardglob.com,+1-521-242-9346,"Toronto, Canada",2024-05-01,Inactive
CUST-03706,Gary Evans,Meridian Enterprises,Media & Entertainment,gary.evans3706@meridianente.com,+1-828-479-5699,"Seattle, WA",2023-07-25,Inactive
CUST-03707,Donald Jackson,Solstice Digital,Professional Services & Consulting,donald.jackson3707@solsticedigi.com,+1-802-562-4117,"Austin, TX",2026-01-09,Churned
CUST-03708,Laura Mitchell,Acro Labs,Retail & E-Commerce,laura.mitchell3708@acrolabs.com,+1-972-445-8802,"New York, NY",2022-12-25,At-Risk
CUST-03709,Deborah Robinson,Pinnacle Capital,Media & Entertainment,deborah.robinson3709@pinnaclecapi.com,+1-226-471-3462,"Boston, MA",2025-01-23,At-Risk
CUST-03710,Robert Parker,Meridian Global,Media & Entertainment,robert.parker3710@meridianglob.com,+1-283-515-8293,"Seattle, WA",2026-04-21,At-Risk
CUST-03711,Brian Gonzalez,Prism Solutions,Financial Services & FinTech,brian.gonzalez3711@prismsolutio.com,+1-973-682-4402,"Seattle, WA",2021-10-04,At-Risk
CUST-03712,Anthony Brown,Elevate Health,SaaS & Cloud Software,anthony.brown3712@elevatehealt.com,+1-859-247-5550,"New York, NY",2024-06-19,Churned
CUST-03713,John Gomez,Pinnacle Innovations,Telecommunications,john.gomez3713@pinnacleinno.com,+1-944-718-3457,"Seattle, WA",2024-11-17,Churned
CUST-03714,Donald Mitchell,Prism Digital,Retail & E-Commerce,donald.mitchell3714@prismdigital.com,+1-451-737-6464,"Seattle, WA",2025-08-05,At-Risk
CUST-03715,Jason White,Vanguard Innovations,Healthcare & Life Sciences,jason.white3715@vanguardinno.com,+1-894-333-7743,"Chicago, IL",2025-01-13,Inactive
CUST-03716,Sharon Williams,Velocity Logistics,SaaS & Cloud Software,sharon.williams3716@velocitylogi.com,+1-467-677-1473,"New York, NY",2026-05-14,Active
CUST-03717,William Jones,Nexus Digital,Manufacturing & Industrial,william.jones3717@nexusdigital.com,+1-799-881-6925,"Boston, MA",2023-04-07,At-Risk
CUST-03718,Rebecca Jones,Vertex Health,Telecommunications,rebecca.jones3718@vertexhealth.com,+1-283-288-9972,"Seattle, WA",2024-09-18,Active
CUST-03719,Susan Baker,Aegis Capital,Manufacturing & Industrial,susan.baker3719@aegiscapital.com,+1-659-483-7582,"Sydney, Australia",2023-06-05,Inactive
CUST-03720,Jason Jones,Prism Digital,Retail & E-Commerce,jason.jones3720@prismdigital.com,+1-660-635-2523,"Atlanta, GA",2025-07-02,Inactive
CUST-03721,Timothy Allen,Meridian Logistics,SaaS & Cloud Software,timothy.allen3721@meridianlogi.com,+1-938-672-7743,"Boston, MA",2023-12-07,Inactive
CUST-03722,Stephanie Nelson,Velocity Partners,Telecommunications,stephanie.nelson3722@velocitypart.com,+1-351-828-1259,"Toronto, Canada",2026-02-01,Churned
CUST-03723,Melissa Rivera,Hyperion Innovations,Telecommunications,melissa.rivera3723@hyperioninno.com,+1-815-800-7142,"Seattle, WA",2023-09-30,Inactive
CUST-03724,Robert King,Velocity Health,Financial Services & FinTech,robert.king3724@velocityheal.com,+1-936-368-4812,"Boston, MA",2025-05-15,Active
CUST-03725,Sandra Smith,CoreTech Dynamics,Healthcare & Life Sciences,sandra.smith3725@coretechdyna.com,+1-633-492-1284,"Atlanta, GA",2022-07-26,Inactive
CUST-03726,Kenneth Moore,Meridian Logistics,Manufacturing & Industrial,kenneth.moore3726@meridianlogi.com,+1-748-632-3862,"London, UK",2025-10-06,Inactive
CUST-03727,Karen Jones,Omni Technologies,Professional Services & Consulting,karen.jones3727@omnitechnolo.com,+1-422-290-9715,"San Francisco, CA",2022-07-06,Active
CUST-03728,Deborah Harris,Nexus Enterprises,Media & Entertainment,deborah.harris3728@nexusenterpr.com,+1-662-449-4493,"Boston, MA",2021-12-16,Inactive
CUST-03729,Barbara Taylor,Acro Digital,Professional Services & Consulting,barbara.taylor3729@acrodigital.com,+1-468-666-5902,"Austin, TX",2021-11-12,Inactive
CUST-03730,Joshua Evans,Hyperion Technologies,Manufacturing & Industrial,joshua.evans3730@hyperiontech.com,+1-821-468-5620,"Seattle, WA",2025-09-01,Active
CUST-03731,Susan Johnson,CoreTech Partners,Healthcare & Life Sciences,susan.johnson3731@coretechpart.com,+1-432-716-8878,"Sydney, Australia",2022-02-17,Active
CUST-03732,Mark Turner,Catalyst Solutions,Telecommunications,mark.turner3732@catalystsolu.com,+1-518-708-8849,"Denver, CO",2024-06-09,Inactive
CUST-03733,Joshua Miller,Stratosphere Solutions,Manufacturing & Industrial,joshua.miller3733@stratosphere.com,+1-279-717-4078,"Seattle, WA",2024-07-13,Inactive
CUST-03734,Mary Martinez,Catalyst Capital,Professional Services & Consulting,mary.martinez3734@catalystcapi.com,+1-474-628-6214,"Chicago, IL",2026-01-21,At-Risk
CUST-03735,William Thompson,Stratosphere Health,Professional Services & Consulting,william.thompson3735@stratosphere.com,+1-372-321-9011,"Berlin, Germany",2024-05-18,At-Risk
CUST-03736,Michelle Perez,Elevate Labs,SaaS & Cloud Software,michelle.perez3736@elevatelabs.com,+1-736-510-2244,"London, UK",2025-01-25,Active
CUST-03737,Nancy Scott,Beacon Innovations,Professional Services & Consulting,nancy.scott3737@beaconinnova.com,+1-314-585-8548,"Toronto, Canada",2025-06-26,Inactive
CUST-03738,Brian Carter,Elevate Dynamics,Manufacturing & Industrial,brian.carter3738@elevatedynam.com,+1-411-299-4610,"Toronto, Canada",2024-05-27,Churned
CUST-03739,Donna Wright,Starlight Health,Financial Services & FinTech,donna.wright3739@starlighthea.com,+1-934-242-1909,"Toronto, Canada",2025-01-15,Churned
CUST-03740,Margaret Wright,Vertex Partners,Retail & E-Commerce,margaret.wright3740@vertexpartne.com,+1-394-465-3082,"Denver, CO",2026-02-12,Active
CUST-03741,Daniel Martin,Synapse Solutions,Professional Services & Consulting,daniel.martin3741@synapsesolut.com,+1-675-447-1852,"London, UK",2023-05-21,Inactive
CUST-03742,Susan Lopez,Vertex Capital,Professional Services & Consulting,susan.lopez3742@vertexcapita.com,+1-684-397-5836,"Austin, TX",2023-10-24,Churned
CUST-03743,Barbara Garcia,Prism Digital,Telecommunications,barbara.garcia3743@prismdigital.com,+1-402-455-2373,"San Francisco, CA",2026-02-04,Churned
CUST-03744,Kevin Adams,Catalyst Innovations,Manufacturing & Industrial,kevin.adams3744@catalystinno.com,+1-265-528-4661,"New York, NY",2024-01-27,At-Risk
CUST-03745,John Gonzalez,Nexus Labs,Retail & E-Commerce,john.gonzalez3745@nexuslabs.com,+1-211-660-8224,"Boston, MA",2023-05-08,Active
CUST-03746,Barbara Nelson,Zenith Solutions,SaaS & Cloud Software,barbara.nelson3746@zenithsoluti.com,+1-959-617-6907,"London, UK",2024-09-02,Inactive
CUST-03747,Joshua Nelson,Starlight Innovations,Professional Services & Consulting,joshua.nelson3747@starlightinn.com,+1-617-642-4889,"Atlanta, GA",2026-01-07,Active
CUST-03748,Donna Lee,Prism Solutions,Healthcare & Life Sciences,donna.lee3748@prismsolutio.com,+1-806-300-3316,"London, UK",2024-01-17,At-Risk
CUST-03749,Timothy Flores,Elevate Enterprises,Professional Services & Consulting,timothy.flores3749@elevateenter.com,+1-257-626-6026,"Austin, TX",2025-08-01,Active
CUST-03750,William Flores,CoreTech Labs,Financial Services & FinTech,william.flores3750@coretechlabs.com,+1-630-307-7265,"New York, NY",2022-08-24,Inactive
CUST-03751,Edward Hall,Elevate Solutions,SaaS & Cloud Software,edward.hall3751@elevatesolut.com,+1-972-739-3169,"New York, NY",2025-08-08,Inactive
CUST-03752,Christopher Nelson,Omni Dynamics,Financial Services & FinTech,christopher.nelson3752@omnidynamics.com,+1-749-344-7838,"Denver, CO",2025-08-23,Inactive
CUST-03753,Thomas Martinez,Aura Solutions,Media & Entertainment,thomas.martinez3753@aurasolution.com,+1-854-611-3793,"Seattle, WA",2024-04-22,Active
CUST-03754,Edward Turner,Elevate Health,Telecommunications,edward.turner3754@elevatehealt.com,+1-232-741-4171,"Austin, TX",2025-12-19,Active
CUST-03755,Paul Young,Cognitive Labs,Financial Services & FinTech,paul.young3755@cognitivelab.com,+1-204-211-6656,"Sydney, Australia",2025-05-22,Active
CUST-03756,Sandra Rodriguez,Aura Labs,Professional Services & Consulting,sandra.rodriguez3756@auralabs.com,+1-333-335-8468,"Atlanta, GA",2023-02-10,Inactive
CUST-03757,Michael Rivera,Stratosphere Dynamics,Healthcare & Life Sciences,michael.rivera3757@stratosphere.com,+1-248-860-8590,"New York, NY",2023-09-24,Active
CUST-03758,Paul Scott,Aegis Health,Media & Entertainment,paul.scott3758@aegishealth.com,+1-332-460-4135,"Sydney, Australia",2023-03-24,Active
CUST-03759,Cynthia Davis,Hyperion Health,Professional Services & Consulting,cynthia.davis3759@hyperionheal.com,+1-503-542-4051,"San Francisco, CA",2023-06-01,At-Risk
CUST-03760,Jennifer Perez,Aura Capital,SaaS & Cloud Software,jennifer.perez3760@auracapital.com,+1-351-846-9454,"Sydney, Australia",2024-01-28,Churned
CUST-03761,Stephanie Johnson,Beacon Technologies,Retail & E-Commerce,stephanie.johnson3761@beacontechno.com,+1-230-377-3980,"Toronto, Canada",2025-02-04,Active
CUST-03762,Dorothy Smith,Pinnacle Labs,Professional Services & Consulting,dorothy.smith3762@pinnaclelabs.com,+1-689-469-8391,"Boston, MA",2024-09-02,Churned
CUST-03763,Stephanie Hall,Elevate Innovations,SaaS & Cloud Software,stephanie.hall3763@elevateinnov.com,+1-794-223-5213,"Sydney, Australia",2026-01-14,Active
CUST-03764,William Green,Solstice Digital,Professional Services & Consulting,william.green3764@solsticedigi.com,+1-602-465-4346,"Denver, CO",2025-07-10,At-Risk
CUST-03765,John Miller,Beacon Innovations,Professional Services & Consulting,john.miller3765@beaconinnova.com,+1-338-425-9434,"Denver, CO",2026-01-29,Active
CUST-03766,Gary King,Solstice Capital,Media & Entertainment,gary.king3766@solsticecapi.com,+1-591-555-7972,"Sydney, Australia",2022-09-25,Inactive
CUST-03767,Donald Jones,Stratosphere Global,SaaS & Cloud Software,donald.jones3767@stratosphere.com,+1-863-331-3261,"Denver, CO",2025-11-23,Active
CUST-03768,Robert Garcia,Quantum Labs,Manufacturing & Industrial,robert.garcia3768@quantumlabs.com,+1-592-209-5578,"Toronto, Canada",2025-10-30,Active
CUST-03769,Kathleen Turner,Cognitive Enterprises,Media & Entertainment,kathleen.turner3769@cognitiveent.com,+1-972-791-1252,"San Francisco, CA",2022-03-25,Inactive
CUST-03770,Betty Allen,Apex Systems,Professional Services & Consulting,betty.allen3770@apexsystems.com,+1-979-462-9536,"San Francisco, CA",2023-07-28,Inactive
CUST-03771,Michelle Campbell,Vanguard Capital,Healthcare & Life Sciences,michelle.campbell3771@vanguardcapi.com,+1-784-496-6046,"Sydney, Australia",2026-01-03,At-Risk
CUST-03772,Elizabeth Nguyen,Zenith Labs,Financial Services & FinTech,elizabeth.nguyen3772@zenithlabs.com,+1-671-776-1782,"Boston, MA",2025-07-05,Inactive
CUST-03773,George Anderson,Prism Analytics,Healthcare & Life Sciences,george.anderson3773@prismanalyti.com,+1-446-802-6872,"Toronto, Canada",2023-01-28,Active
CUST-03774,Barbara Mitchell,Pinnacle Analytics,Manufacturing & Industrial,barbara.mitchell3774@pinnacleanal.com,+1-258-777-6429,"Berlin, Germany",2025-06-17,Churned
CUST-03775,Mark Rodriguez,Aura Digital,Telecommunications,mark.rodriguez3775@auradigital.com,+1-209-769-5191,"Atlanta, GA",2025-11-19,Active
CUST-03776,Stephanie Evans,Velocity Capital,Telecommunications,stephanie.evans3776@velocitycapi.com,+1-590-876-3445,"Seattle, WA",2024-09-08,Inactive
CUST-03777,Nancy White,Starlight Logistics,Healthcare & Life Sciences,nancy.white3777@starlightlog.com,+1-739-368-9790,"Austin, TX",2025-08-02,Churned
CUST-03778,James Carter,Starlight Solutions,Manufacturing & Industrial,james.carter3778@starlightsol.com,+1-452-582-4435,"Austin, TX",2025-08-20,Active
CUST-03779,Jennifer Ramirez,Solstice Capital,Professional Services & Consulting,jennifer.ramirez3779@solsticecapi.com,+1-749-505-7920,"Denver, CO",2025-10-20,Inactive
CUST-03780,Gary Clark,Velocity Analytics,SaaS & Cloud Software,gary.clark3780@velocityanal.com,+1-609-485-6307,"London, UK",2022-11-16,Inactive
CUST-03781,Mark Walker,Omni Digital,Retail & E-Commerce,mark.walker3781@omnidigital.com,+1-534-788-8781,"London, UK",2023-10-29,Inactive
CUST-03782,Kevin Martinez,Vertex Systems,Professional Services & Consulting,kevin.martinez3782@vertexsystem.com,+1-406-283-8824,"Berlin, Germany",2023-12-30,At-Risk
CUST-03783,Michelle Thompson,Aura Labs,Professional Services & Consulting,michelle.thompson3783@auralabs.com,+1-844-362-9240,"London, UK",2022-09-20,Active
CUST-03784,Gary Moore,Horizon Digital,Media & Entertainment,gary.moore3784@horizondigit.com,+1-290-265-5769,"Boston, MA",2024-08-10,Churned
CUST-03785,Deborah Baker,Synapse Global,Media & Entertainment,deborah.baker3785@synapsegloba.com,+1-979-323-2930,"Seattle, WA",2025-03-20,Churned
CUST-03786,Amy Ramirez,Omni Innovations,Manufacturing & Industrial,amy.ramirez3786@omniinnovati.com,+1-828-616-6826,"Boston, MA",2024-07-14,At-Risk
CUST-03787,Kenneth Jones,Starlight Innovations,Telecommunications,kenneth.jones3787@starlightinn.com,+1-315-826-7607,"Boston, MA",2026-02-20,Active
CUST-03788,Jeffrey King,Elevate Global,Manufacturing & Industrial,jeffrey.king3788@elevategloba.com,+1-209-251-4384,"Sydney, Australia",2023-12-01,At-Risk
CUST-03789,Brian Mitchell,Solstice Partners,Healthcare & Life Sciences,brian.mitchell3789@solsticepart.com,+1-313-605-4140,"New York, NY",2024-04-01,Active
CUST-03790,John Garcia,Starlight Digital,Professional Services & Consulting,john.garcia3790@starlightdig.com,+1-687-867-3543,"London, UK",2024-09-17,Inactive
CUST-03791,Daniel Moore,Hyperion Dynamics,Retail & E-Commerce,daniel.moore3791@hyperiondyna.com,+1-963-420-6002,"Toronto, Canada",2024-03-01,At-Risk
CUST-03792,Nancy Walker,Beacon Global,SaaS & Cloud Software,nancy.walker3792@beaconglobal.com,+1-844-732-5162,"London, UK",2024-02-13,At-Risk
CUST-03793,Sharon Adams,Zenith Technologies,Financial Services & FinTech,sharon.adams3793@zenithtechno.com,+1-719-234-5498,"Berlin, Germany",2026-02-07,Active
CUST-03794,Mary Gomez,Stratosphere Systems,Retail & E-Commerce,mary.gomez3794@stratosphere.com,+1-206-273-6466,"Toronto, Canada",2025-03-24,Churned
CUST-03795,Mark Lewis,CoreTech Systems,Professional Services & Consulting,mark.lewis3795@coretechsyst.com,+1-609-609-8962,"Toronto, Canada",2022-03-27,At-Risk
CUST-03796,Susan Thompson,Aegis Enterprises,Retail & E-Commerce,susan.thompson3796@aegisenterpr.com,+1-217-553-5014,"Denver, CO",2026-03-23,Active
CUST-03797,Karen Sanchez,Nexus Health,Telecommunications,karen.sanchez3797@nexushealth.com,+1-474-612-3257,"Atlanta, GA",2026-03-02,Active
CUST-03798,Amy Rodriguez,Nexus Logistics,Professional Services & Consulting,amy.rodriguez3798@nexuslogisti.com,+1-412-604-5897,"Sydney, Australia",2023-06-22,At-Risk
CUST-03799,David Miller,Elevate Digital,Healthcare & Life Sciences,david.miller3799@elevatedigit.com,+1-744-557-7697,"Sydney, Australia",2022-06-22,Inactive
CUST-03800,Jeffrey Mitchell,Velocity Logistics,Healthcare & Life Sciences,jeffrey.mitchell3800@velocitylogi.com,+1-574-243-3796,"Toronto, Canada",2025-08-24,Inactive
CUST-03801,William Thompson,Aegis Digital,Manufacturing & Industrial,william.thompson3801@aegisdigital.com,+1-452-220-9144,"Toronto, Canada",2023-12-01,Inactive
CUST-03802,Ryan Perez,Aegis Capital,Healthcare & Life Sciences,ryan.perez3802@aegiscapital.com,+1-363-595-3988,"San Francisco, CA",2025-06-21,Inactive
CUST-03803,Rebecca Taylor,Stratosphere Health,Professional Services & Consulting,rebecca.taylor3803@stratosphere.com,+1-690-856-9388,"Denver, CO",2025-11-01,Churned
CUST-03804,Paul Jackson,CoreTech Global,SaaS & Cloud Software,paul.jackson3804@coretechglob.com,+1-775-824-1366,"Atlanta, GA",2023-07-19,Inactive
CUST-03805,Kathleen Turner,Aegis Solutions,Financial Services & FinTech,kathleen.turner3805@aegissolutio.com,+1-717-266-8472,"London, UK",2022-11-15,Inactive
CUST-03806,Kathleen White,Catalyst Solutions,Healthcare & Life Sciences,kathleen.white3806@catalystsolu.com,+1-894-483-5897,"London, UK",2022-09-09,Inactive
CUST-03807,Richard Gomez,Prism Health,Healthcare & Life Sciences,richard.gomez3807@prismhealth.com,+1-411-888-2643,"Seattle, WA",2022-11-23,Inactive
CUST-03808,Jason Moore,Elevate Capital,Healthcare & Life Sciences,jason.moore3808@elevatecapit.com,+1-978-889-5006,"Toronto, Canada",2025-12-20,Active
CUST-03809,Carol Nelson,Cognitive Analytics,Retail & E-Commerce,carol.nelson3809@cognitiveana.com,+1-656-644-6742,"Atlanta, GA",2023-01-21,Active
CUST-03810,Edward Roberts,Aegis Health,SaaS & Cloud Software,edward.roberts3810@aegishealth.com,+1-220-570-6343,"Atlanta, GA",2022-05-01,Active
CUST-03811,Joshua Campbell,Elevate Enterprises,Manufacturing & Industrial,joshua.campbell3811@elevateenter.com,+1-514-427-8076,"Berlin, Germany",2026-05-02,Active
CUST-03812,Jacob Nelson,Meridian Solutions,Professional Services & Consulting,jacob.nelson3812@meridiansolu.com,+1-778-378-3307,"Denver, CO",2025-02-06,At-Risk
CUST-03813,James Turner,Cognitive Enterprises,SaaS & Cloud Software,james.turner3813@cognitiveent.com,+1-615-446-5889,"Atlanta, GA",2023-01-26,At-Risk
CUST-03814,Joseph Thompson,Stratosphere Innovations,Media & Entertainment,joseph.thompson3814@stratosphere.com,+1-328-252-1782,"Atlanta, GA",2026-02-22,Active
CUST-03815,Joseph Davis,Aegis Logistics,Retail & E-Commerce,joseph.davis3815@aegislogisti.com,+1-666-434-5714,"Atlanta, GA",2024-09-16,At-Risk
CUST-03816,Dorothy Thomas,Aura Solutions,Retail & E-Commerce,dorothy.thomas3816@aurasolution.com,+1-750-695-3187,"Sydney, Australia",2025-12-20,At-Risk
CUST-03817,Daniel Thompson,Catalyst Analytics,Professional Services & Consulting,daniel.thompson3817@catalystanal.com,+1-461-306-4657,"Denver, CO",2023-01-25,Active
CUST-03818,Carol Moore,Velocity Digital,Media & Entertainment,carol.moore3818@velocitydigi.com,+1-298-602-9748,"Boston, MA",2024-05-08,Churned
CUST-03819,Kevin Adams,Catalyst Analytics,Manufacturing & Industrial,kevin.adams3819@catalystanal.com,+1-882-521-3484,"London, UK",2024-03-08,Churned
CUST-03820,Donald Parker,Hyperion Capital,Professional Services & Consulting,donald.parker3820@hyperioncapi.com,+1-558-765-1289,"Seattle, WA",2023-06-19,Inactive
CUST-03821,Brian Young,CoreTech Health,Retail & E-Commerce,brian.young3821@coretechheal.com,+1-571-713-2601,"Atlanta, GA",2023-03-26,Inactive
CUST-03822,Timothy Sanchez,Nexus Dynamics,Retail & E-Commerce,timothy.sanchez3822@nexusdynamic.com,+1-856-320-4168,"Berlin, Germany",2024-09-02,At-Risk
CUST-03823,Timothy Hernandez,Vanguard Systems,Retail & E-Commerce,timothy.hernandez3823@vanguardsyst.com,+1-202-507-1298,"Atlanta, GA",2025-07-14,Churned
CUST-03824,Cynthia Miller,Omni Global,Media & Entertainment,cynthia.miller3824@omniglobal.com,+1-934-298-5169,"Berlin, Germany",2026-03-06,Active
CUST-03825,Amy Nelson,Cognitive Analytics,Manufacturing & Industrial,amy.nelson3825@cognitiveana.com,+1-328-769-6722,"Boston, MA",2022-12-30,Inactive
CUST-03826,Kenneth Torres,Aegis Technologies,Manufacturing & Industrial,kenneth.torres3826@aegistechnol.com,+1-491-581-7593,"Atlanta, GA",2024-11-22,Active
CUST-03827,John Davis,Acro Technologies,Manufacturing & Industrial,john.davis3827@acrotechnolo.com,+1-598-303-1316,"London, UK",2023-12-23,Inactive
CUST-03828,Elizabeth Robinson,Catalyst Health,SaaS & Cloud Software,elizabeth.robinson3828@catalystheal.com,+1-241-307-8181,"Berlin, Germany",2025-04-27,At-Risk
CUST-03829,John Harris,Acro Health,Retail & E-Commerce,john.harris3829@acrohealth.com,+1-235-700-9896,"London, UK",2024-12-06,Churned
CUST-03830,Sharon Hall,Elevate Dynamics,Professional Services & Consulting,sharon.hall3830@elevatedynam.com,+1-897-300-7518,"Seattle, WA",2023-02-24,At-Risk
CUST-03831,Karen Davis,CoreTech Labs,Professional Services & Consulting,karen.davis3831@coretechlabs.com,+1-443-880-7950,"London, UK",2023-10-17,Inactive
CUST-03832,Jeffrey Sanchez,Aura Systems,Professional Services & Consulting,jeffrey.sanchez3832@aurasystems.com,+1-639-698-4934,"Chicago, IL",2025-12-20,Churned
CUST-03833,Melissa Baker,Catalyst Digital,Telecommunications,melissa.baker3833@catalystdigi.com,+1-701-259-8445,"New York, NY",2025-05-06,Churned
CUST-03834,Thomas Rodriguez,Horizon Capital,Manufacturing & Industrial,thomas.rodriguez3834@horizoncapit.com,+1-288-418-4776,"Boston, MA",2024-09-24,Inactive
CUST-03835,Brian Evans,Quantum Labs,Manufacturing & Industrial,brian.evans3835@quantumlabs.com,+1-208-276-5458,"London, UK",2024-09-30,At-Risk
CUST-03836,Matthew Brown,Elevate Analytics,Retail & E-Commerce,matthew.brown3836@elevateanaly.com,+1-705-850-6075,"Austin, TX",2025-04-30,Active
CUST-03837,Sandra Ramirez,Beacon Partners,Manufacturing & Industrial,sandra.ramirez3837@beaconpartne.com,+1-692-781-7783,"Seattle, WA",2026-03-10,At-Risk
CUST-03838,Jeffrey Roberts,Vertex Digital,Retail & E-Commerce,jeffrey.roberts3838@vertexdigita.com,+1-223-400-1180,"Toronto, Canada",2024-12-05,At-Risk
CUST-03839,Michael Robinson,Aura Digital,Manufacturing & Industrial,michael.robinson3839@auradigital.com,+1-844-647-6976,"Seattle, WA",2026-04-14,At-Risk
CUST-03840,Karen Harris,Apex Capital,Healthcare & Life Sciences,karen.harris3840@apexcapital.com,+1-386-885-7800,"Seattle, WA",2026-01-11,Active
CUST-03841,Donald Campbell,Meridian Labs,Retail & E-Commerce,donald.campbell3841@meridianlabs.com,+1-270-344-9299,"Sydney, Australia",2026-03-20,Active
CUST-03842,Deborah Ramirez,Cognitive Solutions,Financial Services & FinTech,deborah.ramirez3842@cognitivesol.com,+1-889-331-4213,"Austin, TX",2024-06-23,Inactive
CUST-03843,Nancy Jones,Omni Logistics,Healthcare & Life Sciences,nancy.jones3843@omnilogistic.com,+1-363-586-2353,"Seattle, WA",2026-03-20,Active
CUST-03844,Susan Nguyen,Meridian Labs,Healthcare & Life Sciences,susan.nguyen3844@meridianlabs.com,+1-834-513-7460,"Seattle, WA",2022-08-07,Inactive
CUST-03845,Kenneth Lewis,Omni Logistics,Retail & E-Commerce,kenneth.lewis3845@omnilogistic.com,+1-582-419-3963,"Denver, CO",2023-12-10,At-Risk
CUST-03846,Melissa Baker,Aegis Enterprises,Retail & E-Commerce,melissa.baker3846@aegisenterpr.com,+1-313-733-2598,"San Francisco, CA",2025-11-26,Inactive
CUST-03847,Carol Garcia,Stratosphere Global,Media & Entertainment,carol.garcia3847@stratosphere.com,+1-724-218-6539,"Chicago, IL",2023-06-05,Inactive
CUST-03848,Charles Brown,Stratosphere Capital,Financial Services & FinTech,charles.brown3848@stratosphere.com,+1-808-421-8283,"Sydney, Australia",2026-01-31,Active
CUST-03849,Jason Allen,Prism Labs,Financial Services & FinTech,jason.allen3849@prismlabs.com,+1-487-708-2315,"Toronto, Canada",2024-01-19,Churned
CUST-03850,Dorothy Harris,Aura Dynamics,Healthcare & Life Sciences,dorothy.harris3850@auradynamics.com,+1-277-467-9556,"New York, NY",2025-09-21,Active
CUST-03851,Ashley Gonzalez,Vanguard Innovations,Retail & E-Commerce,ashley.gonzalez3851@vanguardinno.com,+1-300-313-4024,"New York, NY",2023-06-29,Inactive
CUST-03852,Jeffrey Hernandez,Horizon Systems,Telecommunications,jeffrey.hernandez3852@horizonsyste.com,+1-401-201-9325,"New York, NY",2025-06-10,Active
CUST-03853,Kathleen Roberts,Beacon Enterprises,Media & Entertainment,kathleen.roberts3853@beaconenterp.com,+1-248-786-1173,"Atlanta, GA",2026-02-24,Active
CUST-03854,Rebecca Nelson,Aura Analytics,Telecommunications,rebecca.nelson3854@auraanalytic.com,+1-757-442-8619,"San Francisco, CA",2025-03-05,Inactive
CUST-03855,Edward Martinez,CoreTech Health,Professional Services & Consulting,edward.martinez3855@coretechheal.com,+1-695-631-8909,"New York, NY",2026-03-07,Active
CUST-03856,David Green,Pinnacle Dynamics,Financial Services & FinTech,david.green3856@pinnacledyna.com,+1-351-242-5619,"Atlanta, GA",2023-03-16,At-Risk
CUST-03857,Ronald Scott,Nexus Logistics,Retail & E-Commerce,ronald.scott3857@nexuslogisti.com,+1-714-599-4643,"San Francisco, CA",2024-01-17,Inactive
CUST-03858,Jennifer Anderson,Aura Dynamics,Telecommunications,jennifer.anderson3858@auradynamics.com,+1-871-536-7563,"Boston, MA",2025-10-15,Active
CUST-03859,Steven Flores,Pinnacle Analytics,Retail & E-Commerce,steven.flores3859@pinnacleanal.com,+1-803-827-2365,"San Francisco, CA",2025-10-03,At-Risk
CUST-03860,Stephanie Williams,Aegis Digital,Manufacturing & Industrial,stephanie.williams3860@aegisdigital.com,+1-899-220-7339,"London, UK",2025-11-03,Churned
CUST-03861,Steven Gomez,Cognitive Technologies,Media & Entertainment,steven.gomez3861@cognitivetec.com,+1-216-434-5888,"Berlin, Germany",2024-05-01,Churned
CUST-03862,Thomas Perez,Aura Solutions,Media & Entertainment,thomas.perez3862@aurasolution.com,+1-255-326-2132,"Berlin, Germany",2025-11-15,At-Risk
CUST-03863,Melissa Scott,Cognitive Solutions,Manufacturing & Industrial,melissa.scott3863@cognitivesol.com,+1-758-345-7410,"Denver, CO",2022-09-16,Inactive
CUST-03864,Cynthia Smith,Acro Enterprises,Healthcare & Life Sciences,cynthia.smith3864@acroenterpri.com,+1-541-452-2097,"San Francisco, CA",2026-02-17,At-Risk
CUST-03865,Ashley Green,Beacon Digital,Healthcare & Life Sciences,ashley.green3865@beacondigita.com,+1-376-611-1056,"Seattle, WA",2024-05-25,At-Risk
CUST-03866,Sarah Lopez,Quantum Global,SaaS & Cloud Software,sarah.lopez3866@quantumgloba.com,+1-925-722-8462,"Toronto, Canada",2023-05-24,Active
CUST-03867,George Gomez,Omni Capital,SaaS & Cloud Software,george.gomez3867@omnicapital.com,+1-818-437-4260,"Austin, TX",2024-06-28,At-Risk
CUST-03868,Melissa Wright,Vanguard Labs,Retail & E-Commerce,melissa.wright3868@vanguardlabs.com,+1-899-836-2354,"Chicago, IL",2025-12-01,Active
CUST-03869,James Clark,Catalyst Analytics,Manufacturing & Industrial,james.clark3869@catalystanal.com,+1-287-691-6103,"Seattle, WA",2025-09-26,Active
CUST-03870,Carol Taylor,Beacon Health,Manufacturing & Industrial,carol.taylor3870@beaconhealth.com,+1-923-553-3000,"Sydney, Australia",2023-11-05,At-Risk
CUST-03871,Patricia Hernandez,CoreTech Solutions,Retail & E-Commerce,patricia.hernandez3871@coretechsolu.com,+1-984-290-3466,"New York, NY",2025-06-25,Active
CUST-03872,Ashley Gonzalez,Vertex Health,Professional Services & Consulting,ashley.gonzalez3872@vertexhealth.com,+1-726-850-8900,"Seattle, WA",2024-07-29,At-Risk
CUST-03873,Mary Anderson,Aegis Labs,Media & Entertainment,mary.anderson3873@aegislabs.com,+1-705-704-2334,"San Francisco, CA",2025-07-25,Active
CUST-03874,Gary Hall,Apex Systems,SaaS & Cloud Software,gary.hall3874@apexsystems.com,+1-621-712-8403,"Seattle, WA",2026-01-11,Churned
CUST-03875,Linda Torres,Prism Solutions,Healthcare & Life Sciences,linda.torres3875@prismsolutio.com,+1-916-591-1078,"Boston, MA",2024-12-16,Active
CUST-03876,Kevin Garcia,Beacon Enterprises,Manufacturing & Industrial,kevin.garcia3876@beaconenterp.com,+1-847-768-6255,"Berlin, Germany",2024-07-13,Inactive
CUST-03877,Anthony Thomas,Acro Global,Retail & E-Commerce,anthony.thomas3877@acroglobal.com,+1-975-770-8430,"San Francisco, CA",2024-07-20,At-Risk
CUST-03878,Stephanie Robinson,Acro Partners,Telecommunications,stephanie.robinson3878@acropartners.com,+1-210-597-5584,"New York, NY",2023-07-15,Inactive
CUST-03879,Mark Martin,Aegis Logistics,Media & Entertainment,mark.martin3879@aegislogisti.com,+1-851-884-4820,"Berlin, Germany",2026-05-02,Active
CUST-03880,William Green,Starlight Analytics,Manufacturing & Industrial,william.green3880@starlightana.com,+1-434-431-3900,"New York, NY",2023-05-20,Active
CUST-03881,Dorothy Nguyen,Pinnacle Digital,Media & Entertainment,dorothy.nguyen3881@pinnacledigi.com,+1-974-711-5325,"Seattle, WA",2025-08-04,At-Risk
CUST-03882,Carol Davis,Starlight Technologies,Retail & E-Commerce,carol.davis3882@starlighttec.com,+1-488-746-1707,"Toronto, Canada",2023-07-08,Churned
CUST-03883,Joshua Hall,Acro Digital,Manufacturing & Industrial,joshua.hall3883@acrodigital.com,+1-755-294-6643,"San Francisco, CA",2025-08-24,Inactive
CUST-03884,Deborah Johnson,Aegis Partners,Retail & E-Commerce,deborah.johnson3884@aegispartner.com,+1-696-252-8454,"Austin, TX",2024-04-11,Active
CUST-03885,George Evans,Cognitive Digital,Retail & E-Commerce,george.evans3885@cognitivedig.com,+1-624-320-2723,"Atlanta, GA",2024-06-01,Inactive
CUST-03886,Susan Brown,Meridian Health,Media & Entertainment,susan.brown3886@meridianheal.com,+1-515-660-6931,"Denver, CO",2022-08-19,Inactive
CUST-03887,Emily Baker,CoreTech Innovations,Telecommunications,emily.baker3887@coretechinno.com,+1-673-353-9384,"Seattle, WA",2023-03-04,Inactive
CUST-03888,Ryan Martinez,Synapse Global,Manufacturing & Industrial,ryan.martinez3888@synapsegloba.com,+1-720-545-5396,"Boston, MA",2025-08-31,At-Risk
CUST-03889,Patricia Carter,Stratosphere Health,SaaS & Cloud Software,patricia.carter3889@stratosphere.com,+1-720-464-7229,"London, UK",2026-04-19,Active
CUST-03890,Brian Mitchell,Pinnacle Technologies,Telecommunications,brian.mitchell3890@pinnacletech.com,+1-941-804-3981,"Denver, CO",2025-10-02,At-Risk
CUST-03891,Timothy Jones,Stratosphere Capital,Healthcare & Life Sciences,timothy.jones3891@stratosphere.com,+1-762-687-1553,"Denver, CO",2026-01-13,Churned
CUST-03892,Jeffrey Lewis,Acro Analytics,Professional Services & Consulting,jeffrey.lewis3892@acroanalytic.com,+1-242-869-4360,"Atlanta, GA",2025-10-27,Active
CUST-03893,Timothy Martinez,Beacon Systems,Media & Entertainment,timothy.martinez3893@beaconsystem.com,+1-804-388-8275,"Atlanta, GA",2026-05-08,At-Risk
CUST-03894,David Nelson,Vertex Technologies,Media & Entertainment,david.nelson3894@vertextechno.com,+1-567-326-3130,"Chicago, IL",2025-07-29,Active
CUST-03895,Rebecca Lopez,Synapse Logistics,SaaS & Cloud Software,rebecca.lopez3895@synapselogis.com,+1-753-868-3751,"Denver, CO",2023-11-07,Churned
CUST-03896,Andrew Gonzalez,Synapse Systems,Manufacturing & Industrial,andrew.gonzalez3896@synapsesyste.com,+1-448-253-3344,"Berlin, Germany",2025-12-20,Churned
CUST-03897,Betty Flores,Cognitive Systems,Retail & E-Commerce,betty.flores3897@cognitivesys.com,+1-589-223-7572,"Boston, MA",2024-07-30,Active
CUST-03898,Patricia Turner,Beacon Health,Retail & E-Commerce,patricia.turner3898@beaconhealth.com,+1-433-896-1037,"Sydney, Australia",2024-04-07,Churned
CUST-03899,Stephanie Flores,Catalyst Logistics,Healthcare & Life Sciences,stephanie.flores3899@catalystlogi.com,+1-550-648-9809,"Chicago, IL",2026-01-27,Active
CUST-03900,Ronald Lee,Starlight Dynamics,Retail & E-Commerce,ronald.lee3900@starlightdyn.com,+1-340-717-6630,"San Francisco, CA",2025-06-10,Churned
CUST-03901,Ashley Walker,Zenith Partners,SaaS & Cloud Software,ashley.walker3901@zenithpartne.com,+1-592-471-5158,"New York, NY",2026-03-18,Active
CUST-03902,Carol Jackson,Horizon Analytics,Professional Services & Consulting,carol.jackson3902@horizonanaly.com,+1-310-319-9524,"Chicago, IL",2022-11-15,At-Risk
CUST-03903,Mary Taylor,Synapse Innovations,Professional Services & Consulting,mary.taylor3903@synapseinnov.com,+1-347-742-1105,"Boston, MA",2026-05-20,At-Risk
CUST-03904,Michelle Thomas,Acro Global,Retail & E-Commerce,michelle.thomas3904@acroglobal.com,+1-574-541-1489,"Austin, TX",2025-11-11,At-Risk
CUST-03905,Kathleen Scott,Pinnacle Capital,Media & Entertainment,kathleen.scott3905@pinnaclecapi.com,+1-607-228-3956,"Toronto, Canada",2024-04-05,Churned
CUST-03906,Jennifer Anderson,CoreTech Health,Healthcare & Life Sciences,jennifer.anderson3906@coretechheal.com,+1-326-455-2231,"Austin, TX",2025-03-20,Inactive
CUST-03907,Kathleen Williams,Vertex Health,Professional Services & Consulting,kathleen.williams3907@vertexhealth.com,+1-611-624-4421,"Toronto, Canada",2025-11-19,Active
CUST-03908,Thomas Wright,Meridian Health,Media & Entertainment,thomas.wright3908@meridianheal.com,+1-732-708-4325,"Austin, TX",2024-12-23,At-Risk
CUST-03909,Elizabeth Taylor,Synapse Labs,Retail & E-Commerce,elizabeth.taylor3909@synapselabs.com,+1-571-618-3845,"London, UK",2026-03-15,Active
CUST-03910,Joseph Walker,Aura Health,Telecommunications,joseph.walker3910@aurahealth.com,+1-508-317-7997,"Boston, MA",2023-08-14,Inactive
CUST-03911,Mary Thomas,Stratosphere Labs,Healthcare & Life Sciences,mary.thomas3911@stratosphere.com,+1-771-718-1108,"Toronto, Canada",2023-04-24,At-Risk
CUST-03912,Jacob Smith,Apex Innovations,Financial Services & FinTech,jacob.smith3912@apexinnovati.com,+1-243-383-9635,"Sydney, Australia",2023-03-07,Inactive
CUST-03913,Gary Martin,Aegis Logistics,Financial Services & FinTech,gary.martin3913@aegislogisti.com,+1-222-350-3608,"Austin, TX",2022-09-11,Active
CUST-03914,James Garcia,CoreTech Analytics,Professional Services & Consulting,james.garcia3914@coretechanal.com,+1-576-478-2094,"Boston, MA",2023-03-17,Inactive
CUST-03915,Ronald Moore,Solstice Analytics,Healthcare & Life Sciences,ronald.moore3915@solsticeanal.com,+1-913-269-1910,"Berlin, Germany",2025-02-26,Inactive
CUST-03916,Paul Sanchez,Pinnacle Dynamics,Media & Entertainment,paul.sanchez3916@pinnacledyna.com,+1-866-218-2600,"Seattle, WA",2025-02-16,Inactive
CUST-03917,Amanda Hernandez,Beacon Logistics,Media & Entertainment,amanda.hernandez3917@beaconlogist.com,+1-483-374-1832,"Boston, MA",2026-01-06,Churned
CUST-03918,Sandra Parker,CoreTech Global,SaaS & Cloud Software,sandra.parker3918@coretechglob.com,+1-748-549-5789,"Atlanta, GA",2024-10-22,At-Risk
CUST-03919,Matthew Gonzalez,Apex Health,Professional Services & Consulting,matthew.gonzalez3919@apexhealth.com,+1-706-345-4897,"Toronto, Canada",2025-07-20,Active
CUST-03920,Betty Sanchez,Horizon Digital,SaaS & Cloud Software,betty.sanchez3920@horizondigit.com,+1-251-290-5253,"Denver, CO",2023-12-07,Churned
CUST-03921,Kevin Lewis,Elevate Dynamics,Manufacturing & Industrial,kevin.lewis3921@elevatedynam.com,+1-611-697-2236,"Austin, TX",2023-04-21,Inactive
CUST-03922,Paul Mitchell,Aura Capital,Professional Services & Consulting,paul.mitchell3922@auracapital.com,+1-921-302-8541,"Toronto, Canada",2025-07-04,Active
CUST-03923,James Miller,Catalyst Technologies,Financial Services & FinTech,james.miller3923@catalysttech.com,+1-643-708-8919,"London, UK",2025-12-08,Churned
CUST-03924,Thomas Johnson,Elevate Dynamics,Professional Services & Consulting,thomas.johnson3924@elevatedynam.com,+1-786-333-1757,"San Francisco, CA",2025-05-14,At-Risk
CUST-03925,Jessica Diaz,Horizon Dynamics,Professional Services & Consulting,jessica.diaz3925@horizondynam.com,+1-444-432-3447,"Austin, TX",2023-05-13,Inactive
CUST-03926,Laura Turner,Apex Partners,Retail & E-Commerce,laura.turner3926@apexpartners.com,+1-863-402-8808,"London, UK",2022-12-01,At-Risk
CUST-03927,Carol Allen,Synapse Health,Financial Services & FinTech,carol.allen3927@synapsehealt.com,+1-749-846-7094,"Seattle, WA",2025-09-25,Inactive
CUST-03928,Michelle Phillips,Quantum Solutions,Telecommunications,michelle.phillips3928@quantumsolut.com,+1-819-861-8268,"Chicago, IL",2025-07-29,Active
CUST-03929,William Jackson,Elevate Dynamics,SaaS & Cloud Software,william.jackson3929@elevatedynam.com,+1-543-670-5959,"Atlanta, GA",2025-07-07,At-Risk
CUST-03930,Joseph Gomez,Prism Dynamics,Retail & E-Commerce,joseph.gomez3930@prismdynamic.com,+1-679-443-7750,"Toronto, Canada",2024-10-26,Active
CUST-03931,Christopher Harris,Hyperion Innovations,Financial Services & FinTech,christopher.harris3931@hyperioninno.com,+1-759-443-2148,"Toronto, Canada",2024-06-10,Inactive
CUST-03932,Daniel Martin,Velocity Health,Media & Entertainment,daniel.martin3932@velocityheal.com,+1-661-441-8114,"Sydney, Australia",2025-04-18,Active
CUST-03933,Cynthia Walker,Synapse Labs,Retail & E-Commerce,cynthia.walker3933@synapselabs.com,+1-396-850-6008,"Boston, MA",2025-09-10,At-Risk
CUST-03934,Margaret Green,Aegis Partners,Retail & E-Commerce,margaret.green3934@aegispartner.com,+1-674-731-9116,"London, UK",2022-10-11,Inactive
CUST-03935,Nancy Hill,Beacon Innovations,Media & Entertainment,nancy.hill3935@beaconinnova.com,+1-546-615-6036,"San Francisco, CA",2025-07-01,At-Risk
CUST-03936,Mark King,Aura Logistics,SaaS & Cloud Software,mark.king3936@auralogistic.com,+1-829-785-1768,"Austin, TX",2026-02-20,Active
CUST-03937,Mark Moore,Horizon Logistics,SaaS & Cloud Software,mark.moore3937@horizonlogis.com,+1-504-328-5800,"Berlin, Germany",2023-06-10,Inactive
CUST-03938,Jacob Nguyen,Pinnacle Technologies,SaaS & Cloud Software,jacob.nguyen3938@pinnacletech.com,+1-252-781-5703,"Sydney, Australia",2023-03-20,At-Risk
CUST-03939,Mary Hill,Vertex Global,Professional Services & Consulting,mary.hill3939@vertexglobal.com,+1-434-689-7802,"Atlanta, GA",2024-12-24,Inactive
CUST-03940,Thomas Jackson,Synapse Global,Telecommunications,thomas.jackson3940@synapsegloba.com,+1-911-341-3062,"Sydney, Australia",2023-11-05,At-Risk
CUST-03941,George Taylor,Elevate Dynamics,SaaS & Cloud Software,george.taylor3941@elevatedynam.com,+1-623-813-4783,"Chicago, IL",2025-12-01,Churned
CUST-03942,Michael Hill,Starlight Solutions,Retail & E-Commerce,michael.hill3942@starlightsol.com,+1-261-302-6440,"Berlin, Germany",2026-04-06,At-Risk
CUST-03943,Charles Robinson,Vanguard Solutions,Financial Services & FinTech,charles.robinson3943@vanguardsolu.com,+1-389-386-7488,"Atlanta, GA",2022-05-31,Inactive
CUST-03944,Donna Jones,Omni Analytics,Professional Services & Consulting,donna.jones3944@omnianalytic.com,+1-786-213-1188,"Denver, CO",2025-11-17,At-Risk
CUST-03945,David King,Omni Dynamics,Manufacturing & Industrial,david.king3945@omnidynamics.com,+1-538-825-9642,"Chicago, IL",2025-10-02,Active
CUST-03946,Paul Lewis,Prism Dynamics,Healthcare & Life Sciences,paul.lewis3946@prismdynamic.com,+1-752-852-4970,"London, UK",2025-05-28,At-Risk
CUST-03947,Michelle Flores,Pinnacle Logistics,Telecommunications,michelle.flores3947@pinnaclelogi.com,+1-693-688-2350,"Sydney, Australia",2025-11-01,Active
CUST-03948,Amanda Thomas,Elevate Technologies,Healthcare & Life Sciences,amanda.thomas3948@elevatetechn.com,+1-642-367-5934,"Austin, TX",2025-09-20,Inactive
CUST-03949,Cynthia Campbell,Starlight Systems,Telecommunications,cynthia.campbell3949@starlightsys.com,+1-211-243-4322,"Seattle, WA",2023-05-26,Active
CUST-03950,Charles Hill,Cognitive Technologies,SaaS & Cloud Software,charles.hill3950@cognitivetec.com,+1-852-256-8083,"Sydney, Australia",2025-02-18,Inactive
CUST-03951,Joshua Turner,Acro Global,Financial Services & FinTech,joshua.turner3951@acroglobal.com,+1-520-508-3386,"Berlin, Germany",2023-09-06,Inactive
CUST-03952,Laura Allen,Meridian Systems,Professional Services & Consulting,laura.allen3952@meridiansyst.com,+1-467-874-1860,"Seattle, WA",2023-10-16,Churned
CUST-03953,Andrew Lopez,Velocity Systems,Financial Services & FinTech,andrew.lopez3953@velocitysyst.com,+1-835-704-3352,"Denver, CO",2024-07-10,Inactive
CUST-03954,Linda Mitchell,Pinnacle Analytics,Professional Services & Consulting,linda.mitchell3954@pinnacleanal.com,+1-785-430-4218,"Boston, MA",2025-06-12,At-Risk
CUST-03955,Donna Anderson,Aura Health,Telecommunications,donna.anderson3955@aurahealth.com,+1-220-483-6234,"London, UK",2022-08-06,Inactive
CUST-03956,Betty Mitchell,Starlight Logistics,Healthcare & Life Sciences,betty.mitchell3956@starlightlog.com,+1-556-378-9411,"Sydney, Australia",2024-07-17,Inactive
CUST-03957,Jacob Scott,Zenith Systems,Professional Services & Consulting,jacob.scott3957@zenithsystem.com,+1-403-454-9371,"Atlanta, GA",2022-12-02,Inactive
CUST-03958,Richard Anderson,Vanguard Technologies,Media & Entertainment,richard.anderson3958@vanguardtech.com,+1-484-548-5072,"Chicago, IL",2023-05-04,At-Risk
CUST-03959,Anthony Brown,Synapse Systems,Telecommunications,anthony.brown3959@synapsesyste.com,+1-304-383-3499,"Boston, MA",2024-11-21,At-Risk
CUST-03960,Emily Carter,Meridian Enterprises,SaaS & Cloud Software,emily.carter3960@meridianente.com,+1-784-751-7132,"Berlin, Germany",2025-09-25,Active
CUST-03961,Matthew Rivera,Acro Dynamics,SaaS & Cloud Software,matthew.rivera3961@acrodynamics.com,+1-436-555-1734,"Chicago, IL",2025-07-02,Active
CUST-03962,Michelle Jones,Beacon Technologies,Healthcare & Life Sciences,michelle.jones3962@beacontechno.com,+1-336-534-2570,"Chicago, IL",2026-05-06,Active
CUST-03963,Patricia Young,Zenith Solutions,Professional Services & Consulting,patricia.young3963@zenithsoluti.com,+1-533-747-9169,"Seattle, WA",2023-09-13,Active
CUST-03964,Michael Phillips,Cognitive Enterprises,SaaS & Cloud Software,michael.phillips3964@cognitiveent.com,+1-356-355-5901,"Boston, MA",2026-06-20,Active
CUST-03965,Carol Sanchez,Prism Solutions,Financial Services & FinTech,carol.sanchez3965@prismsolutio.com,+1-836-360-7083,"London, UK",2023-05-01,Active
CUST-03966,Melissa Diaz,Vertex Dynamics,Professional Services & Consulting,melissa.diaz3966@vertexdynami.com,+1-723-236-8967,"Chicago, IL",2023-07-07,Churned
CUST-03967,Elizabeth Nguyen,Vertex Partners,Manufacturing & Industrial,elizabeth.nguyen3967@vertexpartne.com,+1-554-221-6722,"Sydney, Australia",2023-02-07,At-Risk
CUST-03968,Mark Campbell,Zenith Enterprises,Retail & E-Commerce,mark.campbell3968@zenithenterp.com,+1-832-681-2803,"San Francisco, CA",2022-07-18,At-Risk
CUST-03969,Kevin Hall,Meridian Partners,Professional Services & Consulting,kevin.hall3969@meridianpart.com,+1-709-324-7427,"Seattle, WA",2025-07-17,At-Risk
CUST-03970,Sharon Phillips,Vanguard Dynamics,Healthcare & Life Sciences,sharon.phillips3970@vanguarddyna.com,+1-620-451-1285,"Boston, MA",2024-12-03,Active
CUST-03971,Sharon Davis,CoreTech Global,Healthcare & Life Sciences,sharon.davis3971@coretechglob.com,+1-888-885-9789,"San Francisco, CA",2023-08-31,Inactive
CUST-03972,George Rivera,Pinnacle Systems,Professional Services & Consulting,george.rivera3972@pinnaclesyst.com,+1-210-200-8507,"Austin, TX",2026-03-03,Active
CUST-03973,Sharon Jones,Aegis Technologies,Retail & E-Commerce,sharon.jones3973@aegistechnol.com,+1-257-521-7314,"Austin, TX",2024-10-17,At-Risk
CUST-03974,Amanda Nelson,Velocity Global,Media & Entertainment,amanda.nelson3974@velocityglob.com,+1-280-513-4110,"Atlanta, GA",2025-03-22,Churned
CUST-03975,Betty Hall,Pinnacle Technologies,SaaS & Cloud Software,betty.hall3975@pinnacletech.com,+1-984-807-1621,"Sydney, Australia",2023-05-24,Inactive
CUST-03976,Susan Williams,Vertex Enterprises,Telecommunications,susan.williams3976@vertexenterp.com,+1-299-251-4547,"Sydney, Australia",2023-07-24,Inactive
CUST-03977,Karen Young,Solstice Capital,Financial Services & FinTech,karen.young3977@solsticecapi.com,+1-809-412-1626,"Toronto, Canada",2022-10-17,Inactive
CUST-03978,Kimberly Phillips,Beacon Logistics,Financial Services & FinTech,kimberly.phillips3978@beaconlogist.com,+1-449-768-9568,"Denver, CO",2025-10-10,Active
CUST-03979,Joseph Clark,Solstice Analytics,Professional Services & Consulting,joseph.clark3979@solsticeanal.com,+1-741-561-7888,"San Francisco, CA",2023-08-30,Inactive
CUST-03980,Jennifer Thompson,Velocity Technologies,Telecommunications,jennifer.thompson3980@velocitytech.com,+1-610-770-9786,"Seattle, WA",2025-05-05,Active
CUST-03981,Christopher Harris,Meridian Dynamics,SaaS & Cloud Software,christopher.harris3981@meridiandyna.com,+1-691-359-8999,"New York, NY",2024-07-26,Churned
CUST-03982,Christopher Evans,Apex Digital,Financial Services & FinTech,christopher.evans3982@apexdigital.com,+1-885-497-8330,"Berlin, Germany",2026-01-24,Churned
CUST-03983,Karen Green,Stratosphere Analytics,Manufacturing & Industrial,karen.green3983@stratosphere.com,+1-631-489-1290,"Seattle, WA",2025-05-06,At-Risk
CUST-03984,Cynthia King,Vanguard Digital,SaaS & Cloud Software,cynthia.king3984@vanguarddigi.com,+1-428-250-7559,"Toronto, Canada",2026-05-27,Active
CUST-03985,Jeffrey King,Starlight Health,Professional Services & Consulting,jeffrey.king3985@starlighthea.com,+1-857-461-6679,"San Francisco, CA",2023-09-11,Churned
CUST-03986,Andrew Hill,Horizon Systems,Telecommunications,andrew.hill3986@horizonsyste.com,+1-282-466-7349,"Atlanta, GA",2025-01-09,Inactive
CUST-03987,Kathleen Taylor,Cognitive Technologies,Telecommunications,kathleen.taylor3987@cognitivetec.com,+1-740-727-7846,"Denver, CO",2023-11-21,At-Risk
CUST-03988,Laura White,Vertex Partners,Professional Services & Consulting,laura.white3988@vertexpartne.com,+1-304-286-7962,"Atlanta, GA",2025-10-28,Active
CUST-03989,Joshua Thompson,Pinnacle Technologies,Professional Services & Consulting,joshua.thompson3989@pinnacletech.com,+1-823-574-7589,"Berlin, Germany",2024-05-12,At-Risk
CUST-03990,Anthony Martin,Vanguard Labs,Financial Services & FinTech,anthony.martin3990@vanguardlabs.com,+1-250-840-8190,"Toronto, Canada",2024-04-01,Inactive
CUST-03991,Anthony Nguyen,Hyperion Technologies,SaaS & Cloud Software,anthony.nguyen3991@hyperiontech.com,+1-558-741-6670,"Austin, TX",2025-07-22,At-Risk
CUST-03992,Jason Perez,Starlight Labs,Manufacturing & Industrial,jason.perez3992@starlightlab.com,+1-681-688-8898,"Chicago, IL",2024-10-31,Inactive
CUST-03993,Donald Johnson,Aura Systems,Financial Services & FinTech,donald.johnson3993@aurasystems.com,+1-708-770-8881,"Denver, CO",2025-05-04,Churned
CUST-03994,Susan Nguyen,Synapse Partners,Telecommunications,susan.nguyen3994@synapsepartn.com,+1-581-489-9970,"San Francisco, CA",2023-08-23,Active
CUST-03995,Kathleen Baker,Hyperion Technologies,Financial Services & FinTech,kathleen.baker3995@hyperiontech.com,+1-469-880-1943,"Austin, TX",2025-11-27,Active
CUST-03996,Sarah White,Prism Innovations,Professional Services & Consulting,sarah.white3996@prisminnovat.com,+1-874-259-6604,"New York, NY",2022-09-28,Inactive
CUST-03997,Emily Nguyen,Nexus Capital,SaaS & Cloud Software,emily.nguyen3997@nexuscapital.com,+1-778-800-4420,"Berlin, Germany",2025-06-23,At-Risk
CUST-03998,Amy Sanchez,Velocity Analytics,Manufacturing & Industrial,amy.sanchez3998@velocityanal.com,+1-723-689-3213,"Toronto, Canada",2024-11-26,Inactive
CUST-03999,Donna Harris,Quantum Global,Manufacturing & Industrial,donna.harris3999@quantumgloba.com,+1-408-488-5075,"New York, NY",2025-12-16,Active
CUST-04000,Mark Roberts,Aura Technologies,SaaS & Cloud Software,mark.roberts4000@auratechnolo.com,+1-795-281-5768,"New York, NY",2023-05-28,Inactive
CUST-04001,Mark Lee,Synapse Health,Retail & E-Commerce,mark.lee4001@synapsehealt.com,+1-432-218-9056,"London, UK",2026-05-26,Active
CUST-04002,Kimberly Miller,Acro Health,Telecommunications,kimberly.miller4002@acrohealth.com,+1-478-623-7348,"Seattle, WA",2024-02-13,Churned
CUST-04003,Karen Allen,Elevate Analytics,Manufacturing & Industrial,karen.allen4003@elevateanaly.com,+1-303-734-7186,"Seattle, WA",2024-05-22,Churned
CUST-04004,Christopher Martinez,Aegis Dynamics,Media & Entertainment,christopher.martinez4004@aegisdynamic.com,+1-848-613-1912,"Seattle, WA",2024-07-26,Active
CUST-04005,James Hernandez,Hyperion Systems,SaaS & Cloud Software,james.hernandez4005@hyperionsyst.com,+1-430-493-1638,"Austin, TX",2025-05-11,Active
CUST-04006,Melissa Harris,CoreTech Analytics,Media & Entertainment,melissa.harris4006@coretechanal.com,+1-389-568-2291,"San Francisco, CA",2024-08-28,At-Risk
CUST-04007,Melissa King,Cognitive Digital,SaaS & Cloud Software,melissa.king4007@cognitivedig.com,+1-305-728-3719,"Boston, MA",2025-09-01,Active
CUST-04008,Mary Perez,Vertex Global,Telecommunications,mary.perez4008@vertexglobal.com,+1-245-755-2880,"Denver, CO",2022-10-29,At-Risk
CUST-04009,Lisa Wilson,Cognitive Dynamics,Media & Entertainment,lisa.wilson4009@cognitivedyn.com,+1-767-500-5512,"Toronto, Canada",2026-02-28,Active
CUST-04010,Gary Green,Elevate Technologies,Telecommunications,gary.green4010@elevatetechn.com,+1-627-284-6347,"Chicago, IL",2022-03-13,Inactive
CUST-04011,Sarah Walker,Beacon Health,Professional Services & Consulting,sarah.walker4011@beaconhealth.com,+1-489-510-5963,"Toronto, Canada",2023-04-21,Active
CUST-04012,Karen Smith,Hyperion Dynamics,Retail & E-Commerce,karen.smith4012@hyperiondyna.com,+1-769-352-5113,"Sydney, Australia",2025-12-03,At-Risk
CUST-04013,Ronald Gonzalez,CoreTech Solutions,Manufacturing & Industrial,ronald.gonzalez4013@coretechsolu.com,+1-441-673-2258,"Atlanta, GA",2026-04-23,Active
CUST-04014,Joshua White,Nexus Systems,Financial Services & FinTech,joshua.white4014@nexussystems.com,+1-746-232-3498,"San Francisco, CA",2022-06-12,Active
CUST-04015,Edward Baker,Beacon Logistics,Financial Services & FinTech,edward.baker4015@beaconlogist.com,+1-325-818-5072,"Boston, MA",2025-12-09,At-Risk
CUST-04016,Timothy Smith,Beacon Solutions,SaaS & Cloud Software,timothy.smith4016@beaconsoluti.com,+1-666-294-9214,"Boston, MA",2023-02-23,Active
CUST-04017,Jessica Turner,Quantum Partners,Healthcare & Life Sciences,jessica.turner4017@quantumpartn.com,+1-523-587-3343,"Sydney, Australia",2024-06-08,Inactive
CUST-04018,Joshua Campbell,Meridian Global,Manufacturing & Industrial,joshua.campbell4018@meridianglob.com,+1-265-246-4611,"Boston, MA",2023-07-26,Inactive
CUST-04019,Dorothy Garcia,Omni Solutions,Manufacturing & Industrial,dorothy.garcia4019@omnisolution.com,+1-729-306-2816,"San Francisco, CA",2024-03-11,Inactive
CUST-04020,Susan Martin,Apex Innovations,Financial Services & FinTech,susan.martin4020@apexinnovati.com,+1-921-437-3565,"Sydney, Australia",2023-03-03,Inactive
CUST-04021,Kenneth Green,Quantum Analytics,SaaS & Cloud Software,kenneth.green4021@quantumanaly.com,+1-520-661-1631,"Boston, MA",2025-01-02,At-Risk
CUST-04022,George Clark,Apex Health,Retail & E-Commerce,george.clark4022@apexhealth.com,+1-596-664-2639,"New York, NY",2024-05-10,Active
CUST-04023,Emily Nelson,Solstice Analytics,Manufacturing & Industrial,emily.nelson4023@solsticeanal.com,+1-223-402-2713,"San Francisco, CA",2025-11-18,Active
CUST-04024,Dorothy Phillips,Catalyst Labs,Telecommunications,dorothy.phillips4024@catalystlabs.com,+1-523-685-3050,"Boston, MA",2024-04-11,Churned
CUST-04025,Karen Robinson,Aegis Logistics,Media & Entertainment,karen.robinson4025@aegislogisti.com,+1-476-255-8454,"London, UK",2026-02-23,Active
CUST-04026,Paul Johnson,Vanguard Systems,Media & Entertainment,paul.johnson4026@vanguardsyst.com,+1-465-833-9605,"Boston, MA",2023-07-17,Churned
CUST-04027,Laura Smith,Elevate Systems,Manufacturing & Industrial,laura.smith4027@elevatesyste.com,+1-310-434-7441,"London, UK",2022-12-24,Active
CUST-04028,Andrew Garcia,Synapse Partners,Telecommunications,andrew.garcia4028@synapsepartn.com,+1-273-204-7312,"Boston, MA",2023-03-07,At-Risk
CUST-04029,Robert Anderson,Synapse Global,Media & Entertainment,robert.anderson4029@synapsegloba.com,+1-440-266-1745,"Seattle, WA",2026-01-21,Churned
CUST-04030,Brian Young,Beacon Systems,Financial Services & FinTech,brian.young4030@beaconsystem.com,+1-238-283-1438,"Berlin, Germany",2026-01-13,Active
CUST-04031,Stephanie Adams,Aegis Enterprises,Telecommunications,stephanie.adams4031@aegisenterpr.com,+1-370-529-4700,"San Francisco, CA",2025-06-09,Inactive
CUST-04032,Ronald Williams,Beacon Enterprises,SaaS & Cloud Software,ronald.williams4032@beaconenterp.com,+1-488-651-5761,"New York, NY",2023-10-04,Inactive
CUST-04033,Stephanie Robinson,Elevate Enterprises,Telecommunications,stephanie.robinson4033@elevateenter.com,+1-852-797-9500,"Berlin, Germany",2025-02-03,At-Risk
CUST-04034,Paul Allen,Omni Capital,Financial Services & FinTech,paul.allen4034@omnicapital.com,+1-213-865-5037,"Atlanta, GA",2025-02-24,Inactive
CUST-04035,Stephanie Phillips,Quantum Technologies,SaaS & Cloud Software,stephanie.phillips4035@quantumtechn.com,+1-680-204-2176,"Atlanta, GA",2022-12-09,Active
CUST-04036,Jeffrey Young,Starlight Partners,Manufacturing & Industrial,jeffrey.young4036@starlightpar.com,+1-693-520-6078,"Berlin, Germany",2025-08-20,Inactive
CUST-04037,Margaret Phillips,Stratosphere Partners,SaaS & Cloud Software,margaret.phillips4037@stratosphere.com,+1-741-305-2812,"Atlanta, GA",2022-11-05,Inactive
CUST-04038,Elizabeth Lewis,Quantum Health,Telecommunications,elizabeth.lewis4038@quantumhealt.com,+1-238-484-1387,"New York, NY",2025-11-09,Churned
CUST-04039,Nancy Garcia,Omni Enterprises,Retail & E-Commerce,nancy.garcia4039@omnienterpri.com,+1-566-542-7928,"San Francisco, CA",2025-10-04,At-Risk
CUST-04040,Laura Moore,Vanguard Systems,Manufacturing & Industrial,laura.moore4040@vanguardsyst.com,+1-878-731-5964,"Berlin, Germany",2026-05-16,Active
CUST-04041,Timothy Hall,Aegis Innovations,Healthcare & Life Sciences,timothy.hall4041@aegisinnovat.com,+1-782-311-8865,"Chicago, IL",2025-02-05,Inactive
CUST-04042,Patricia Evans,Stratosphere Digital,Manufacturing & Industrial,patricia.evans4042@stratosphere.com,+1-450-201-1907,"Seattle, WA",2026-02-08,Active
CUST-04043,Donna Flores,Zenith Labs,Healthcare & Life Sciences,donna.flores4043@zenithlabs.com,+1-842-613-6701,"Denver, CO",2022-09-21,Active
CUST-04044,Betty Campbell,Beacon Digital,Financial Services & FinTech,betty.campbell4044@beacondigita.com,+1-829-689-8477,"Sydney, Australia",2025-08-25,Inactive
CUST-04045,Donald Miller,Acro Systems,Retail & E-Commerce,donald.miller4045@acrosystems.com,+1-912-358-5473,"Denver, CO",2024-07-10,Inactive
CUST-04046,Amy Rivera,CoreTech Dynamics,Manufacturing & Industrial,amy.rivera4046@coretechdyna.com,+1-774-557-9618,"Sydney, Australia",2025-01-25,At-Risk
CUST-04047,Edward Diaz,Aegis Logistics,Manufacturing & Industrial,edward.diaz4047@aegislogisti.com,+1-358-690-7357,"London, UK",2023-05-02,Inactive
CUST-04048,Ryan Nelson,Vertex Enterprises,Financial Services & FinTech,ryan.nelson4048@vertexenterp.com,+1-481-790-4289,"Chicago, IL",2025-09-17,At-Risk
CUST-04049,Jessica Carter,Meridian Health,Telecommunications,jessica.carter4049@meridianheal.com,+1-235-640-1096,"Atlanta, GA",2024-11-23,Inactive
CUST-04050,George White,Horizon Logistics,Financial Services & FinTech,george.white4050@horizonlogis.com,+1-435-527-8577,"Atlanta, GA",2023-01-05,Inactive
CUST-04051,Thomas Davis,Zenith Solutions,Telecommunications,thomas.davis4051@zenithsoluti.com,+1-548-225-7442,"Austin, TX",2023-12-26,Inactive
CUST-04052,Matthew White,Starlight Enterprises,Telecommunications,matthew.white4052@starlightent.com,+1-611-413-9767,"Boston, MA",2025-08-16,At-Risk
CUST-04053,Laura Smith,Quantum Enterprises,Professional Services & Consulting,laura.smith4053@quantumenter.com,+1-698-205-4781,"Seattle, WA",2023-11-30,Churned
CUST-04054,Donald Taylor,Aura Dynamics,Media & Entertainment,donald.taylor4054@auradynamics.com,+1-302-753-7473,"Sydney, Australia",2025-10-21,Active
CUST-04055,Ronald Mitchell,Cognitive Dynamics,Professional Services & Consulting,ronald.mitchell4055@cognitivedyn.com,+1-330-818-1897,"Seattle, WA",2024-11-17,Churned
CUST-04056,Kevin Johnson,Elevate Dynamics,Telecommunications,kevin.johnson4056@elevatedynam.com,+1-208-249-2314,"New York, NY",2025-02-02,Active
CUST-04057,Joseph Nelson,Starlight Digital,SaaS & Cloud Software,joseph.nelson4057@starlightdig.com,+1-535-634-2209,"San Francisco, CA",2024-12-17,Churned
CUST-04058,Rebecca Jones,Cognitive Analytics,Manufacturing & Industrial,rebecca.jones4058@cognitiveana.com,+1-465-458-9425,"Toronto, Canada",2024-06-10,Active
CUST-04059,William Rodriguez,Vertex Partners,Manufacturing & Industrial,william.rodriguez4059@vertexpartne.com,+1-249-888-9388,"New York, NY",2025-02-25,Inactive
CUST-04060,Sarah Adams,Starlight Systems,Retail & E-Commerce,sarah.adams4060@starlightsys.com,+1-585-786-1839,"Berlin, Germany",2024-03-02,Inactive
CUST-04061,Stephanie Walker,Hyperion Systems,Manufacturing & Industrial,stephanie.walker4061@hyperionsyst.com,+1-263-470-5299,"San Francisco, CA",2024-05-14,Inactive
CUST-04062,Jessica Young,Aura Analytics,Manufacturing & Industrial,jessica.young4062@auraanalytic.com,+1-623-571-6193,"Berlin, Germany",2023-02-12,At-Risk
CUST-04063,Rebecca Jones,Elevate Dynamics,Healthcare & Life Sciences,rebecca.jones4063@elevatedynam.com,+1-744-760-3231,"San Francisco, CA",2025-12-20,Churned
CUST-04064,Sarah Johnson,Pinnacle Systems,Financial Services & FinTech,sarah.johnson4064@pinnaclesyst.com,+1-945-607-5709,"Toronto, Canada",2023-07-18,Inactive
CUST-04065,Jessica Walker,Beacon Solutions,Manufacturing & Industrial,jessica.walker4065@beaconsoluti.com,+1-360-394-7774,"New York, NY",2024-06-12,Inactive
CUST-04066,Dorothy Carter,Quantum Digital,Telecommunications,dorothy.carter4066@quantumdigit.com,+1-445-633-9302,"London, UK",2021-11-18,Active
CUST-04067,Matthew Lee,Velocity Health,Financial Services & FinTech,matthew.lee4067@velocityheal.com,+1-674-644-5487,"Denver, CO",2022-01-07,Inactive
CUST-04068,Mary Turner,Vanguard Dynamics,Manufacturing & Industrial,mary.turner4068@vanguarddyna.com,+1-883-269-4737,"London, UK",2026-04-24,At-Risk
CUST-04069,Daniel Perez,Hyperion Labs,Healthcare & Life Sciences,daniel.perez4069@hyperionlabs.com,+1-612-665-2666,"Berlin, Germany",2025-10-17,At-Risk
CUST-04070,Daniel Harris,Elevate Systems,Media & Entertainment,daniel.harris4070@elevatesyste.com,+1-467-819-6257,"London, UK",2024-11-30,Churned
CUST-04071,Nancy Lopez,Aegis Dynamics,Telecommunications,nancy.lopez4071@aegisdynamic.com,+1-465-508-9523,"Boston, MA",2026-03-12,Active
CUST-04072,Kimberly Carter,Vanguard Labs,Telecommunications,kimberly.carter4072@vanguardlabs.com,+1-948-755-8127,"Sydney, Australia",2026-01-26,At-Risk
CUST-04073,Joseph Parker,Quantum Solutions,Retail & E-Commerce,joseph.parker4073@quantumsolut.com,+1-427-247-7980,"Chicago, IL",2025-07-25,At-Risk
CUST-04074,Steven Johnson,Elevate Digital,SaaS & Cloud Software,steven.johnson4074@elevatedigit.com,+1-776-711-8846,"Seattle, WA",2026-06-27,Active
CUST-04075,William Turner,Aegis Innovations,Professional Services & Consulting,william.turner4075@aegisinnovat.com,+1-892-875-1914,"London, UK",2025-08-05,Inactive
CUST-04076,Deborah Hall,Synapse Labs,Media & Entertainment,deborah.hall4076@synapselabs.com,+1-691-824-1854,"Toronto, Canada",2026-02-18,Active
CUST-04077,Nancy Thompson,Cognitive Solutions,Healthcare & Life Sciences,nancy.thompson4077@cognitivesol.com,+1-931-472-7392,"New York, NY",2023-02-13,Inactive
CUST-04078,Donald Robinson,Synapse Solutions,Telecommunications,donald.robinson4078@synapsesolut.com,+1-942-606-7476,"Austin, TX",2023-12-08,At-Risk
CUST-04079,Robert Wilson,Hyperion Systems,Professional Services & Consulting,robert.wilson4079@hyperionsyst.com,+1-505-274-9768,"Toronto, Canada",2024-07-04,Churned
CUST-04080,James Lopez,Elevate Innovations,Professional Services & Consulting,james.lopez4080@elevateinnov.com,+1-835-803-9023,"Berlin, Germany",2024-07-14,At-Risk
CUST-04081,Cynthia Roberts,Vanguard Digital,Media & Entertainment,cynthia.roberts4081@vanguarddigi.com,+1-401-816-6881,"London, UK",2025-09-26,Inactive
CUST-04082,Gary Diaz,Cognitive Innovations,Professional Services & Consulting,gary.diaz4082@cognitiveinn.com,+1-778-858-3392,"San Francisco, CA",2022-10-11,Inactive
CUST-04083,Steven Campbell,Acro Enterprises,Financial Services & FinTech,steven.campbell4083@acroenterpri.com,+1-266-690-4548,"San Francisco, CA",2026-06-16,Active
CUST-04084,Ronald Robinson,Apex Systems,Telecommunications,ronald.robinson4084@apexsystems.com,+1-564-602-8586,"Austin, TX",2025-04-25,Churned
CUST-04085,Sharon Miller,Quantum Dynamics,Professional Services & Consulting,sharon.miller4085@quantumdynam.com,+1-499-364-4363,"Toronto, Canada",2024-03-20,At-Risk
CUST-04086,Anthony Johnson,Apex Capital,SaaS & Cloud Software,anthony.johnson4086@apexcapital.com,+1-608-455-1525,"Seattle, WA",2023-11-09,At-Risk
CUST-04087,Charles Torres,Synapse Logistics,Retail & E-Commerce,charles.torres4087@synapselogis.com,+1-773-342-9376,"Berlin, Germany",2025-08-26,Active
CUST-04088,Cynthia Anderson,Synapse Labs,Financial Services & FinTech,cynthia.anderson4088@synapselabs.com,+1-684-899-9547,"New York, NY",2026-06-06,Active
CUST-04089,Margaret Garcia,Synapse Logistics,Media & Entertainment,margaret.garcia4089@synapselogis.com,+1-934-637-6785,"Chicago, IL",2024-11-02,Churned
CUST-04090,Emily Wright,Catalyst Dynamics,Healthcare & Life Sciences,emily.wright4090@catalystdyna.com,+1-684-336-1107,"New York, NY",2023-06-04,Active
CUST-04091,David Flores,Acro Partners,SaaS & Cloud Software,david.flores4091@acropartners.com,+1-503-341-9925,"Toronto, Canada",2023-08-17,Churned
CUST-04092,Jacob Taylor,Aura Solutions,Telecommunications,jacob.taylor4092@aurasolution.com,+1-934-364-9029,"Berlin, Germany",2025-11-15,Active
CUST-04093,Sharon Carter,Stratosphere Logistics,Telecommunications,sharon.carter4093@stratosphere.com,+1-268-360-6361,"Seattle, WA",2024-03-06,At-Risk
CUST-04094,Amanda Perez,Vertex Logistics,SaaS & Cloud Software,amanda.perez4094@vertexlogist.com,+1-573-282-1530,"New York, NY",2024-11-21,Inactive
CUST-04095,Joseph Flores,Prism Digital,Retail & E-Commerce,joseph.flores4095@prismdigital.com,+1-332-331-8033,"Sydney, Australia",2023-02-19,Inactive
CUST-04096,Daniel Wilson,Zenith Technologies,SaaS & Cloud Software,daniel.wilson4096@zenithtechno.com,+1-629-210-8402,"Chicago, IL",2022-07-26,Inactive
CUST-04097,Sarah Rodriguez,Vanguard Innovations,SaaS & Cloud Software,sarah.rodriguez4097@vanguardinno.com,+1-964-869-9666,"Austin, TX",2023-01-09,Active
CUST-04098,Sandra Smith,Zenith Systems,Retail & E-Commerce,sandra.smith4098@zenithsystem.com,+1-346-855-5499,"Berlin, Germany",2022-06-17,Inactive
CUST-04099,Margaret Robinson,Aegis Labs,Manufacturing & Industrial,margaret.robinson4099@aegislabs.com,+1-318-645-3319,"London, UK",2026-05-10,Active
CUST-04100,Patricia Parker,Elevate Solutions,Telecommunications,patricia.parker4100@elevatesolut.com,+1-606-426-3031,"Sydney, Australia",2023-10-13,Inactive
CUST-04101,Jason Turner,Pinnacle Health,Telecommunications,jason.turner4101@pinnacleheal.com,+1-683-892-6006,"Toronto, Canada",2025-12-18,Active
CUST-04102,Mary Thomas,Stratosphere Partners,SaaS & Cloud Software,mary.thomas4102@stratosphere.com,+1-583-485-5140,"Boston, MA",2023-05-13,At-Risk
CUST-04103,David Johnson,Beacon Solutions,Telecommunications,david.johnson4103@beaconsoluti.com,+1-471-794-8607,"Denver, CO",2026-06-19,Active
CUST-04104,James Johnson,Aura Capital,Retail & E-Commerce,james.johnson4104@auracapital.com,+1-953-539-1450,"Boston, MA",2023-12-17,Active
CUST-04105,Richard Perez,CoreTech Logistics,Financial Services & FinTech,richard.perez4105@coretechlogi.com,+1-617-506-3338,"Atlanta, GA",2022-08-02,Inactive
CUST-04106,Timothy Turner,Zenith Dynamics,SaaS & Cloud Software,timothy.turner4106@zenithdynami.com,+1-333-502-2571,"London, UK",2025-09-13,At-Risk
CUST-04107,Jessica Thompson,Apex Innovations,SaaS & Cloud Software,jessica.thompson4107@apexinnovati.com,+1-825-617-7810,"Berlin, Germany",2024-09-15,Inactive
CUST-04108,Richard Campbell,CoreTech Labs,Manufacturing & Industrial,richard.campbell4108@coretechlabs.com,+1-538-366-6429,"San Francisco, CA",2024-08-05,Active
CUST-04109,Melissa Hernandez,Zenith Systems,Healthcare & Life Sciences,melissa.hernandez4109@zenithsystem.com,+1-877-765-1786,"Austin, TX",2025-06-05,Inactive
CUST-04110,Michelle Allen,Horizon Systems,Media & Entertainment,michelle.allen4110@horizonsyste.com,+1-656-851-5983,"Berlin, Germany",2025-06-25,At-Risk
CUST-04111,Donald Thompson,Omni Digital,SaaS & Cloud Software,donald.thompson4111@omnidigital.com,+1-931-513-9141,"Sydney, Australia",2025-11-14,Inactive
CUST-04112,Stephanie Lopez,Aegis Digital,Manufacturing & Industrial,stephanie.lopez4112@aegisdigital.com,+1-573-247-2745,"London, UK",2026-05-26,Active
CUST-04113,Barbara Davis,Aegis Labs,Healthcare & Life Sciences,barbara.davis4113@aegislabs.com,+1-528-718-8133,"Seattle, WA",2023-08-10,At-Risk
CUST-04114,Lisa Robinson,Acro Digital,Healthcare & Life Sciences,lisa.robinson4114@acrodigital.com,+1-242-426-2350,"Denver, CO",2025-09-20,At-Risk
CUST-04115,Jeffrey Moore,Horizon Health,SaaS & Cloud Software,jeffrey.moore4115@horizonhealt.com,+1-221-460-6877,"Chicago, IL",2026-05-29,Active
CUST-04116,James Rivera,Starlight Health,Media & Entertainment,james.rivera4116@starlighthea.com,+1-757-642-2104,"San Francisco, CA",2026-03-01,Active
CUST-04117,Donna Evans,Hyperion Dynamics,Manufacturing & Industrial,donna.evans4117@hyperiondyna.com,+1-920-536-5833,"Seattle, WA",2023-03-22,Inactive
CUST-04118,George Hill,Synapse Technologies,Professional Services & Consulting,george.hill4118@synapsetechn.com,+1-562-777-7664,"Sydney, Australia",2026-03-31,At-Risk
CUST-04119,Jeffrey Lee,Acro Analytics,Financial Services & FinTech,jeffrey.lee4119@acroanalytic.com,+1-897-392-8359,"San Francisco, CA",2023-08-13,Active
CUST-04120,Mark Johnson,Zenith Enterprises,Professional Services & Consulting,mark.johnson4120@zenithenterp.com,+1-622-346-8244,"Atlanta, GA",2023-10-15,Churned
CUST-04121,Steven Lee,Starlight Partners,Financial Services & FinTech,steven.lee4121@starlightpar.com,+1-599-200-6843,"San Francisco, CA",2025-12-05,Active
CUST-04122,Cynthia Williams,Starlight Solutions,Professional Services & Consulting,cynthia.williams4122@starlightsol.com,+1-372-385-2905,"Berlin, Germany",2026-01-30,Active
CUST-04123,Anthony Gonzalez,Beacon Digital,Telecommunications,anthony.gonzalez4123@beacondigita.com,+1-208-726-4207,"New York, NY",2025-10-02,Active
CUST-04124,Paul Robinson,Pinnacle Logistics,Financial Services & FinTech,paul.robinson4124@pinnaclelogi.com,+1-888-719-9457,"Austin, TX",2024-09-15,Inactive
CUST-04125,Sandra Smith,Aura Analytics,Retail & E-Commerce,sandra.smith4125@auraanalytic.com,+1-309-319-5037,"Denver, CO",2023-11-26,Churned
CUST-04126,Kathleen Torres,Elevate Dynamics,Media & Entertainment,kathleen.torres4126@elevatedynam.com,+1-849-536-7454,"San Francisco, CA",2025-06-27,Active
CUST-04127,Michael Gomez,Vanguard Systems,Media & Entertainment,michael.gomez4127@vanguardsyst.com,+1-754-731-6779,"Sydney, Australia",2026-05-14,Active
CUST-04128,Charles Allen,Catalyst Digital,Telecommunications,charles.allen4128@catalystdigi.com,+1-868-307-9947,"Toronto, Canada",2022-08-18,Inactive
CUST-04129,Dorothy Roberts,Vanguard Health,Media & Entertainment,dorothy.roberts4129@vanguardheal.com,+1-914-448-1838,"Denver, CO",2024-05-09,Active
CUST-04130,Mary Adams,Apex Analytics,Manufacturing & Industrial,mary.adams4130@apexanalytic.com,+1-802-491-5869,"Atlanta, GA",2025-06-20,At-Risk
CUST-04131,Kimberly Lee,Acro Logistics,Retail & E-Commerce,kimberly.lee4131@acrologistic.com,+1-484-312-1708,"Boston, MA",2025-10-16,At-Risk
CUST-04132,Laura Sanchez,Cognitive Partners,Healthcare & Life Sciences,laura.sanchez4132@cognitivepar.com,+1-637-338-7317,"Sydney, Australia",2025-09-24,At-Risk
CUST-04133,Carol Jackson,Velocity Systems,Retail & E-Commerce,carol.jackson4133@velocitysyst.com,+1-564-781-2787,"Atlanta, GA",2026-05-16,Active
CUST-04134,Ronald Johnson,CoreTech Enterprises,Manufacturing & Industrial,ronald.johnson4134@coretechente.com,+1-794-867-9444,"Seattle, WA",2025-09-04,Active
CUST-04135,Anthony Flores,Solstice Innovations,SaaS & Cloud Software,anthony.flores4135@solsticeinno.com,+1-821-786-8031,"Atlanta, GA",2026-04-23,Active
CUST-04136,George Allen,Aegis Analytics,Manufacturing & Industrial,george.allen4136@aegisanalyti.com,+1-709-537-7826,"Berlin, Germany",2022-04-29,Inactive
CUST-04137,Elizabeth Harris,Meridian Capital,Retail & E-Commerce,elizabeth.harris4137@meridiancapi.com,+1-514-893-1638,"Chicago, IL",2023-11-03,Churned
CUST-04138,Gary Turner,Zenith Systems,SaaS & Cloud Software,gary.turner4138@zenithsystem.com,+1-868-886-2603,"Atlanta, GA",2026-04-03,At-Risk
CUST-04139,Cynthia Robinson,Beacon Solutions,Manufacturing & Industrial,cynthia.robinson4139@beaconsoluti.com,+1-874-226-1042,"Seattle, WA",2025-09-13,Inactive
CUST-04140,Gary Allen,Horizon Systems,Telecommunications,gary.allen4140@horizonsyste.com,+1-361-352-4125,"London, UK",2026-03-01,Active
CUST-04141,Margaret Rivera,Zenith Capital,Professional Services & Consulting,margaret.rivera4141@zenithcapita.com,+1-214-441-4098,"Boston, MA",2024-05-24,At-Risk
CUST-04142,Timothy Nguyen,Cognitive Health,Professional Services & Consulting,timothy.nguyen4142@cognitivehea.com,+1-768-541-1708,"Austin, TX",2024-05-14,Inactive
CUST-04143,Lisa Anderson,Vertex Labs,Healthcare & Life Sciences,lisa.anderson4143@vertexlabs.com,+1-603-522-4204,"Berlin, Germany",2024-02-19,At-Risk
CUST-04144,Christopher Robinson,Vanguard Innovations,Professional Services & Consulting,christopher.robinson4144@vanguardinno.com,+1-492-838-8380,"San Francisco, CA",2024-07-03,Churned
CUST-04145,Karen Taylor,Elevate Digital,SaaS & Cloud Software,karen.taylor4145@elevatedigit.com,+1-344-331-5025,"Chicago, IL",2023-04-06,Inactive
CUST-04146,Paul Walker,Meridian Solutions,Retail & E-Commerce,paul.walker4146@meridiansolu.com,+1-828-537-1546,"Denver, CO",2026-01-12,Active
CUST-04147,Ashley Rivera,Catalyst Innovations,Professional Services & Consulting,ashley.rivera4147@catalystinno.com,+1-912-662-1686,"Seattle, WA",2023-09-22,Inactive
CUST-04148,Karen Williams,Nexus Global,Financial Services & FinTech,karen.williams4148@nexusglobal.com,+1-458-275-4187,"Atlanta, GA",2026-06-02,Active
CUST-04149,Rebecca Martin,Omni Labs,Professional Services & Consulting,rebecca.martin4149@omnilabs.com,+1-481-681-7416,"London, UK",2025-06-08,Churned
CUST-04150,Joseph Roberts,Synapse Solutions,Manufacturing & Industrial,joseph.roberts4150@synapsesolut.com,+1-812-295-3416,"Berlin, Germany",2023-11-04,Churned
CUST-04151,Kathleen Baker,CoreTech Labs,SaaS & Cloud Software,kathleen.baker4151@coretechlabs.com,+1-533-230-8169,"Denver, CO",2025-05-10,Active
CUST-04152,Stephanie Miller,Hyperion Dynamics,Healthcare & Life Sciences,stephanie.miller4152@hyperiondyna.com,+1-865-442-1432,"Toronto, Canada",2025-01-17,Active
CUST-04153,George Harris,Prism Enterprises,Telecommunications,george.harris4153@prismenterpr.com,+1-912-561-5068,"Toronto, Canada",2024-07-10,Churned
CUST-04154,James Taylor,Catalyst Innovations,Professional Services & Consulting,james.taylor4154@catalystinno.com,+1-795-540-1836,"Seattle, WA",2026-02-01,At-Risk
CUST-04155,Thomas Clark,Stratosphere Digital,Professional Services & Consulting,thomas.clark4155@stratosphere.com,+1-207-711-9166,"Denver, CO",2025-03-17,At-Risk
CUST-04156,Gary Roberts,Horizon Health,Retail & E-Commerce,gary.roberts4156@horizonhealt.com,+1-438-861-3242,"Chicago, IL",2022-10-26,At-Risk
CUST-04157,Gary Clark,Stratosphere Health,SaaS & Cloud Software,gary.clark4157@stratosphere.com,+1-895-620-1579,"Boston, MA",2025-10-24,Active
CUST-04158,Patricia King,Synapse Digital,Manufacturing & Industrial,patricia.king4158@synapsedigit.com,+1-780-586-3328,"Denver, CO",2024-09-10,Inactive
CUST-04159,Jason Torres,Apex Dynamics,Healthcare & Life Sciences,jason.torres4159@apexdynamics.com,+1-264-777-8276,"Austin, TX",2025-04-02,Inactive
CUST-04160,Melissa Perez,Aura Technologies,Telecommunications,melissa.perez4160@auratechnolo.com,+1-669-820-1608,"San Francisco, CA",2025-09-07,At-Risk
CUST-04161,Sharon Adams,Acro Technologies,Financial Services & FinTech,sharon.adams4161@acrotechnolo.com,+1-895-310-3828,"Seattle, WA",2026-03-19,Active
CUST-04162,John Brown,Stratosphere Health,Manufacturing & Industrial,john.brown4162@stratosphere.com,+1-517-826-1543,"Boston, MA",2024-01-17,Active
CUST-04163,Ryan Ramirez,Elevate Analytics,Healthcare & Life Sciences,ryan.ramirez4163@elevateanaly.com,+1-592-386-2210,"San Francisco, CA",2025-10-15,At-Risk
CUST-04164,Matthew Baker,Vanguard Labs,Manufacturing & Industrial,matthew.baker4164@vanguardlabs.com,+1-953-850-2188,"London, UK",2023-03-09,Inactive
CUST-04165,Christopher Torres,Beacon Labs,Healthcare & Life Sciences,christopher.torres4165@beaconlabs.com,+1-203-545-4675,"San Francisco, CA",2025-12-14,Active
CUST-04166,Patricia Walker,Vertex Dynamics,Healthcare & Life Sciences,patricia.walker4166@vertexdynami.com,+1-244-256-3063,"Denver, CO",2025-12-31,At-Risk
CUST-04167,Charles Allen,Vanguard Logistics,Media & Entertainment,charles.allen4167@vanguardlogi.com,+1-967-486-3979,"Atlanta, GA",2023-12-21,At-Risk
CUST-04168,Ryan Roberts,Nexus Innovations,Retail & E-Commerce,ryan.roberts4168@nexusinnovat.com,+1-774-531-9044,"London, UK",2023-02-17,Active
CUST-04169,Jeffrey Gomez,Synapse Capital,Healthcare & Life Sciences,jeffrey.gomez4169@synapsecapit.com,+1-610-398-3469,"New York, NY",2025-10-02,Inactive
CUST-04170,Christopher Hall,Aura Capital,SaaS & Cloud Software,christopher.hall4170@auracapital.com,+1-372-631-1868,"San Francisco, CA",2022-01-28,At-Risk
CUST-04171,Emily Taylor,Pinnacle Digital,Telecommunications,emily.taylor4171@pinnacledigi.com,+1-716-793-6309,"Seattle, WA",2024-10-16,Active
CUST-04172,Sarah Mitchell,Omni Analytics,Telecommunications,sarah.mitchell4172@omnianalytic.com,+1-782-626-1318,"New York, NY",2024-05-06,Inactive
CUST-04173,Jason Turner,Omni Analytics,Healthcare & Life Sciences,jason.turner4173@omnianalytic.com,+1-843-463-6613,"Sydney, Australia",2022-11-10,At-Risk
CUST-04174,Daniel White,Acro Systems,Media & Entertainment,daniel.white4174@acrosystems.com,+1-677-456-8688,"Toronto, Canada",2025-10-30,At-Risk
CUST-04175,Amy Scott,Horizon Enterprises,SaaS & Cloud Software,amy.scott4175@horizonenter.com,+1-204-820-5466,"Atlanta, GA",2024-05-18,Inactive
CUST-04176,Rebecca Lee,Meridian Analytics,Media & Entertainment,rebecca.lee4176@meridiananal.com,+1-645-288-3331,"New York, NY",2024-02-16,Inactive
CUST-04177,Ryan Martinez,Horizon Enterprises,Healthcare & Life Sciences,ryan.martinez4177@horizonenter.com,+1-735-262-3233,"Denver, CO",2026-05-20,Active
CUST-04178,Charles Sanchez,Aura Digital,Financial Services & FinTech,charles.sanchez4178@auradigital.com,+1-860-586-5213,"Sydney, Australia",2025-03-30,Churned
CUST-04179,Jessica Lewis,Apex Technologies,Professional Services & Consulting,jessica.lewis4179@apextechnolo.com,+1-705-276-9453,"Chicago, IL",2026-01-07,At-Risk
CUST-04180,Jason Williams,Aegis Global,Telecommunications,jason.williams4180@aegisglobal.com,+1-728-210-4297,"Toronto, Canada",2024-07-01,Inactive
CUST-04181,Elizabeth Hall,Velocity Global,Telecommunications,elizabeth.hall4181@velocityglob.com,+1-684-791-7024,"Boston, MA",2025-05-04,Inactive
CUST-04182,David Martinez,Acro Health,Manufacturing & Industrial,david.martinez4182@acrohealth.com,+1-379-468-3187,"San Francisco, CA",2025-11-26,Active
CUST-04183,George Thomas,Catalyst Logistics,Retail & E-Commerce,george.thomas4183@catalystlogi.com,+1-609-218-2388,"San Francisco, CA",2025-09-09,Inactive
CUST-04184,William Flores,Horizon Logistics,Retail & E-Commerce,william.flores4184@horizonlogis.com,+1-221-734-8208,"Toronto, Canada",2024-02-04,Inactive
CUST-04185,James Hall,Quantum Analytics,SaaS & Cloud Software,james.hall4185@quantumanaly.com,+1-727-609-8960,"Sydney, Australia",2023-06-17,Active
CUST-04186,Susan White,Synapse Technologies,Media & Entertainment,susan.white4186@synapsetechn.com,+1-865-305-1898,"Atlanta, GA",2026-01-30,Active
CUST-04187,Jacob Evans,Prism Technologies,Retail & E-Commerce,jacob.evans4187@prismtechnol.com,+1-431-634-9977,"Chicago, IL",2022-12-20,At-Risk
CUST-04188,Melissa Campbell,Acro Health,Telecommunications,melissa.campbell4188@acrohealth.com,+1-917-355-5811,"Atlanta, GA",2025-09-25,Active
CUST-04189,Timothy Garcia,Aura Technologies,Professional Services & Consulting,timothy.garcia4189@auratechnolo.com,+1-294-235-1008,"San Francisco, CA",2026-03-10,Active
CUST-04190,Michael Baker,Meridian Technologies,Financial Services & FinTech,michael.baker4190@meridiantech.com,+1-769-570-1460,"Atlanta, GA",2025-04-15,Churned
CUST-04191,Daniel Smith,Catalyst Technologies,Healthcare & Life Sciences,daniel.smith4191@catalysttech.com,+1-882-495-8758,"Seattle, WA",2024-09-19,Churned
CUST-04192,Christopher Baker,Starlight Logistics,Manufacturing & Industrial,christopher.baker4192@starlightlog.com,+1-900-832-3877,"Sydney, Australia",2022-12-18,Inactive
CUST-04193,John Garcia,Apex Logistics,Healthcare & Life Sciences,john.garcia4193@apexlogistic.com,+1-682-573-8755,"London, UK",2024-07-09,Active
CUST-04194,Paul Adams,Acro Logistics,Professional Services & Consulting,paul.adams4194@acrologistic.com,+1-436-813-7918,"Berlin, Germany",2023-06-10,Churned
CUST-04195,Michelle Hill,CoreTech Analytics,Retail & E-Commerce,michelle.hill4195@coretechanal.com,+1-979-371-6677,"Boston, MA",2025-11-29,At-Risk
CUST-04196,Karen Harris,Aura Logistics,Retail & E-Commerce,karen.harris4196@auralogistic.com,+1-865-369-1920,"Berlin, Germany",2022-02-23,Inactive
CUST-04197,Andrew Garcia,Beacon Enterprises,Financial Services & FinTech,andrew.garcia4197@beaconenterp.com,+1-937-416-8222,"Seattle, WA",2023-07-23,At-Risk
CUST-04198,Emily Williams,Aura Partners,Professional Services & Consulting,emily.williams4198@aurapartners.com,+1-393-444-8513,"San Francisco, CA",2024-04-21,Active
CUST-04199,Sandra Parker,Acro Labs,Telecommunications,sandra.parker4199@acrolabs.com,+1-960-787-8328,"Denver, CO",2024-08-03,At-Risk
CUST-04200,Edward Wright,Quantum Digital,Telecommunications,edward.wright4200@quantumdigit.com,+1-743-527-6627,"New York, NY",2026-04-08,Active
CUST-04201,Amy Roberts,Vertex Labs,Media & Entertainment,amy.roberts4201@vertexlabs.com,+1-814-873-1760,"Boston, MA",2025-05-23,Churned
CUST-04202,George King,Prism Health,Telecommunications,george.king4202@prismhealth.com,+1-722-280-5506,"Toronto, Canada",2022-04-25,Active
CUST-04203,Paul Nguyen,Elevate Technologies,SaaS & Cloud Software,paul.nguyen4203@elevatetechn.com,+1-546-715-7566,"Chicago, IL",2022-02-18,Active
CUST-04204,Nancy Jackson,CoreTech Technologies,Professional Services & Consulting,nancy.jackson4204@coretechtech.com,+1-462-471-6418,"Atlanta, GA",2023-08-16,Inactive
CUST-04205,Patricia Torres,Elevate Health,Telecommunications,patricia.torres4205@elevatehealt.com,+1-388-464-7125,"Chicago, IL",2024-08-13,At-Risk
CUST-04206,Ashley Lee,Hyperion Analytics,Financial Services & FinTech,ashley.lee4206@hyperionanal.com,+1-320-292-1929,"San Francisco, CA",2024-11-16,At-Risk
CUST-04207,Melissa Phillips,Zenith Partners,Financial Services & FinTech,melissa.phillips4207@zenithpartne.com,+1-457-620-7951,"Toronto, Canada",2026-05-29,Active
CUST-04208,Michelle Hill,Vanguard Partners,Healthcare & Life Sciences,michelle.hill4208@vanguardpart.com,+1-449-565-7751,"San Francisco, CA",2026-06-06,Active
CUST-04209,Jessica Allen,Aura Systems,SaaS & Cloud Software,jessica.allen4209@aurasystems.com,+1-665-403-5505,"Berlin, Germany",2025-03-31,Active
CUST-04210,Mary Carter,Nexus Dynamics,Healthcare & Life Sciences,mary.carter4210@nexusdynamic.com,+1-629-471-3537,"Berlin, Germany",2024-09-26,At-Risk
CUST-04211,Brian Flores,Meridian Logistics,Healthcare & Life Sciences,brian.flores4211@meridianlogi.com,+1-543-539-5857,"New York, NY",2025-02-08,Active
CUST-04212,Christopher Evans,Cognitive Capital,Media & Entertainment,christopher.evans4212@cognitivecap.com,+1-305-824-3308,"Toronto, Canada",2025-11-22,Active
CUST-04213,David Diaz,Starlight Labs,Retail & E-Commerce,david.diaz4213@starlightlab.com,+1-900-461-9844,"Atlanta, GA",2026-02-15,At-Risk
CUST-04214,Kimberly Lewis,Prism Global,SaaS & Cloud Software,kimberly.lewis4214@prismglobal.com,+1-379-797-5061,"Boston, MA",2024-04-03,Inactive
CUST-04215,Ryan Miller,Meridian Digital,Retail & E-Commerce,ryan.miller4215@meridiandigi.com,+1-686-384-2320,"Berlin, Germany",2025-09-21,Inactive
CUST-04216,Dorothy Ramirez,Vertex Analytics,Healthcare & Life Sciences,dorothy.ramirez4216@vertexanalyt.com,+1-545-748-1776,"Atlanta, GA",2024-11-17,Churned
CUST-04217,Paul Thompson,Hyperion Health,Healthcare & Life Sciences,paul.thompson4217@hyperionheal.com,+1-657-638-9248,"Denver, CO",2024-12-24,Active
CUST-04218,Ryan Nguyen,Horizon Capital,Media & Entertainment,ryan.nguyen4218@horizoncapit.com,+1-539-500-5567,"Atlanta, GA",2022-10-22,Inactive
CUST-04219,Kevin Allen,Omni Analytics,Retail & E-Commerce,kevin.allen4219@omnianalytic.com,+1-442-484-1069,"San Francisco, CA",2025-07-18,Active
CUST-04220,Joseph Flores,Hyperion Digital,Manufacturing & Industrial,joseph.flores4220@hyperiondigi.com,+1-204-536-8126,"Denver, CO",2025-01-09,At-Risk
CUST-04221,Lisa Hall,Acro Innovations,Financial Services & FinTech,lisa.hall4221@acroinnovati.com,+1-796-413-5115,"Sydney, Australia",2025-01-28,Inactive
CUST-04222,Edward Thomas,Solstice Health,SaaS & Cloud Software,edward.thomas4222@solsticeheal.com,+1-357-485-9650,"San Francisco, CA",2026-06-25,Active
CUST-04223,Andrew Gomez,Prism Analytics,Manufacturing & Industrial,andrew.gomez4223@prismanalyti.com,+1-937-885-6725,"Denver, CO",2024-11-20,Inactive
CUST-04224,Timothy Davis,Vertex Innovations,Telecommunications,timothy.davis4224@vertexinnova.com,+1-612-339-3167,"Toronto, Canada",2024-08-11,Churned
CUST-04225,Donald Parker,Nexus Labs,Media & Entertainment,donald.parker4225@nexuslabs.com,+1-874-628-6493,"New York, NY",2025-11-20,At-Risk
CUST-04226,Steven King,Apex Partners,Professional Services & Consulting,steven.king4226@apexpartners.com,+1-305-587-1575,"Chicago, IL",2023-06-22,Churned
CUST-04227,Thomas Rivera,Hyperion Analytics,Retail & E-Commerce,thomas.rivera4227@hyperionanal.com,+1-455-254-4492,"Chicago, IL",2022-12-03,Inactive
CUST-04228,Jeffrey Baker,Synapse Labs,Media & Entertainment,jeffrey.baker4228@synapselabs.com,+1-750-623-3653,"San Francisco, CA",2025-08-05,At-Risk
CUST-04229,Andrew Martin,Acro Partners,Professional Services & Consulting,andrew.martin4229@acropartners.com,+1-393-264-2722,"Denver, CO",2024-11-15,Inactive
CUST-04230,Thomas Green,Vertex Systems,SaaS & Cloud Software,thomas.green4230@vertexsystem.com,+1-758-390-8999,"Atlanta, GA",2024-08-01,At-Risk
CUST-04231,Michael Sanchez,Pinnacle Solutions,Professional Services & Consulting,michael.sanchez4231@pinnaclesolu.com,+1-506-555-9366,"Sydney, Australia",2024-07-04,Churned
CUST-04232,Kevin Allen,Beacon Global,Manufacturing & Industrial,kevin.allen4232@beaconglobal.com,+1-644-533-5857,"Seattle, WA",2025-07-11,At-Risk
CUST-04233,William King,Apex Dynamics,Healthcare & Life Sciences,william.king4233@apexdynamics.com,+1-343-277-3807,"Seattle, WA",2023-04-15,Inactive
CUST-04234,Edward Ramirez,Cognitive Technologies,Professional Services & Consulting,edward.ramirez4234@cognitivetec.com,+1-480-599-9617,"London, UK",2025-06-23,Inactive
CUST-04235,Donna Lopez,Horizon Capital,Healthcare & Life Sciences,donna.lopez4235@horizoncapit.com,+1-746-493-8356,"Sydney, Australia",2022-01-05,Inactive
CUST-04236,John Perez,Hyperion Technologies,Manufacturing & Industrial,john.perez4236@hyperiontech.com,+1-886-425-3745,"San Francisco, CA",2024-05-09,Inactive
CUST-04237,Ryan Garcia,CoreTech Labs,Healthcare & Life Sciences,ryan.garcia4237@coretechlabs.com,+1-964-363-1274,"Chicago, IL",2024-07-16,At-Risk
CUST-04238,Anthony Parker,Pinnacle Global,Telecommunications,anthony.parker4238@pinnacleglob.com,+1-330-653-8873,"Boston, MA",2023-11-09,Churned
CUST-04239,Deborah Rodriguez,Pinnacle Capital,Professional Services & Consulting,deborah.rodriguez4239@pinnaclecapi.com,+1-683-347-9670,"Austin, TX",2025-01-02,Churned
CUST-04240,Cynthia Mitchell,Beacon Technologies,Manufacturing & Industrial,cynthia.mitchell4240@beacontechno.com,+1-207-717-8915,"Austin, TX",2024-02-04,Inactive
CUST-04241,Laura Scott,Vanguard Partners,Retail & E-Commerce,laura.scott4241@vanguardpart.com,+1-282-207-7663,"Atlanta, GA",2025-07-02,Active
CUST-04242,Lisa Nelson,Horizon Systems,Manufacturing & Industrial,lisa.nelson4242@horizonsyste.com,+1-854-848-6684,"Boston, MA",2024-04-02,At-Risk
CUST-04243,Melissa Walker,Vanguard Innovations,Telecommunications,melissa.walker4243@vanguardinno.com,+1-398-865-3114,"Austin, TX",2025-10-03,Churned
CUST-04244,Laura Young,Velocity Digital,SaaS & Cloud Software,laura.young4244@velocitydigi.com,+1-461-538-4489,"New York, NY",2022-09-06,Inactive
CUST-04245,Carol King,Catalyst Digital,Media & Entertainment,carol.king4245@catalystdigi.com,+1-263-328-8574,"Chicago, IL",2025-07-25,Active
CUST-04246,Mark Mitchell,Velocity Logistics,Healthcare & Life Sciences,mark.mitchell4246@velocitylogi.com,+1-764-552-8342,"Austin, TX",2024-11-12,Inactive
CUST-04247,Robert Martin,Zenith Dynamics,Retail & E-Commerce,robert.martin4247@zenithdynami.com,+1-982-356-6424,"New York, NY",2024-02-23,At-Risk
CUST-04248,Carol Perez,Prism Global,Manufacturing & Industrial,carol.perez4248@prismglobal.com,+1-661-669-1633,"London, UK",2025-10-21,Active
CUST-04249,Emily Miller,Quantum Global,Media & Entertainment,emily.miller4249@quantumgloba.com,+1-751-270-6893,"Toronto, Canada",2025-07-25,At-Risk
CUST-04250,Rebecca Green,Prism Global,Media & Entertainment,rebecca.green4250@prismglobal.com,+1-741-600-6624,"Chicago, IL",2023-05-29,Inactive
CUST-04251,Edward Hill,Apex Enterprises,Retail & E-Commerce,edward.hill4251@apexenterpri.com,+1-888-470-8065,"Toronto, Canada",2025-09-07,At-Risk
CUST-04252,Amy Mitchell,Vanguard Systems,Healthcare & Life Sciences,amy.mitchell4252@vanguardsyst.com,+1-383-838-2155,"Sydney, Australia",2023-06-10,At-Risk
CUST-04253,Christopher Jackson,Horizon Health,Professional Services & Consulting,christopher.jackson4253@horizonhealt.com,+1-748-676-8171,"Seattle, WA",2026-03-28,Active
CUST-04254,Patricia Smith,Aura Partners,Telecommunications,patricia.smith4254@aurapartners.com,+1-445-893-5288,"Austin, TX",2025-06-20,Active
CUST-04255,Kenneth Nguyen,Cognitive Logistics,Retail & E-Commerce,kenneth.nguyen4255@cognitivelog.com,+1-632-481-1520,"Austin, TX",2023-03-08,At-Risk
CUST-04256,Gary Clark,Apex Logistics,Professional Services & Consulting,gary.clark4256@apexlogistic.com,+1-261-287-3109,"Chicago, IL",2026-01-17,Active
CUST-04257,Michael Anderson,Vanguard Health,SaaS & Cloud Software,michael.anderson4257@vanguardheal.com,+1-321-447-9266,"Sydney, Australia",2025-01-12,Inactive
CUST-04258,Amy Garcia,Starlight Global,Healthcare & Life Sciences,amy.garcia4258@starlightglo.com,+1-430-453-6830,"Toronto, Canada",2024-02-18,At-Risk
CUST-04259,Jason Scott,Elevate Technologies,Professional Services & Consulting,jason.scott4259@elevatetechn.com,+1-278-239-9861,"Toronto, Canada",2024-04-01,Active
CUST-04260,Robert Davis,Catalyst Partners,Manufacturing & Industrial,robert.davis4260@catalystpart.com,+1-669-486-4239,"Chicago, IL",2025-04-08,Active
CUST-04261,Michelle Sanchez,Acro Technologies,Healthcare & Life Sciences,michelle.sanchez4261@acrotechnolo.com,+1-872-660-9044,"Berlin, Germany",2024-07-16,At-Risk
CUST-04262,Nancy Allen,Starlight Analytics,Financial Services & FinTech,nancy.allen4262@starlightana.com,+1-591-574-8069,"Seattle, WA",2023-11-21,Inactive
CUST-04263,Melissa Robinson,Zenith Health,Retail & E-Commerce,melissa.robinson4263@zenithhealth.com,+1-707-548-6623,"Seattle, WA",2022-10-28,Inactive
CUST-04264,Melissa White,Apex Innovations,Professional Services & Consulting,melissa.white4264@apexinnovati.com,+1-446-844-7336,"Berlin, Germany",2026-03-18,At-Risk
CUST-04265,Sarah Torres,Zenith Logistics,Financial Services & FinTech,sarah.torres4265@zenithlogist.com,+1-318-507-9420,"Atlanta, GA",2026-06-06,Active
CUST-04266,George Turner,Prism Solutions,Manufacturing & Industrial,george.turner4266@prismsolutio.com,+1-554-364-6127,"London, UK",2025-02-27,Active
CUST-04267,Thomas Mitchell,Aura Innovations,Healthcare & Life Sciences,thomas.mitchell4267@aurainnovati.com,+1-665-884-9676,"New York, NY",2026-03-02,Active
CUST-04268,Christopher Roberts,Starlight Solutions,Telecommunications,christopher.roberts4268@starlightsol.com,+1-521-298-2099,"Berlin, Germany",2023-05-04,Active
CUST-04269,Lisa Garcia,Prism Partners,Professional Services & Consulting,lisa.garcia4269@prismpartner.com,+1-503-502-6237,"Atlanta, GA",2025-11-14,Churned
CUST-04270,Karen Brown,Stratosphere Technologies,Healthcare & Life Sciences,karen.brown4270@stratosphere.com,+1-846-594-5293,"Atlanta, GA",2026-05-29,Active
CUST-04271,Cynthia Gonzalez,Apex Capital,Healthcare & Life Sciences,cynthia.gonzalez4271@apexcapital.com,+1-259-393-6937,"Boston, MA",2025-10-06,At-Risk
CUST-04272,Donald Lopez,CoreTech Solutions,Healthcare & Life Sciences,donald.lopez4272@coretechsolu.com,+1-492-492-1157,"Sydney, Australia",2024-03-15,Inactive
CUST-04273,Daniel Nguyen,Stratosphere Labs,Telecommunications,daniel.nguyen4273@stratosphere.com,+1-497-859-1361,"Chicago, IL",2024-05-29,Active
CUST-04274,Steven Garcia,Synapse Labs,Financial Services & FinTech,steven.garcia4274@synapselabs.com,+1-240-570-3699,"Toronto, Canada",2025-11-22,At-Risk
CUST-04275,Amanda Walker,Cognitive Innovations,SaaS & Cloud Software,amanda.walker4275@cognitiveinn.com,+1-228-489-8838,"Sydney, Australia",2026-01-31,Active
CUST-04276,Steven Garcia,Hyperion Labs,Manufacturing & Industrial,steven.garcia4276@hyperionlabs.com,+1-533-509-7662,"Austin, TX",2026-03-11,Active
CUST-04277,Mary Garcia,Horizon Health,Financial Services & FinTech,mary.garcia4277@horizonhealt.com,+1-409-509-4821,"San Francisco, CA",2025-05-04,Active
CUST-04278,Dorothy Phillips,Solstice Digital,Professional Services & Consulting,dorothy.phillips4278@solsticedigi.com,+1-271-406-4511,"Atlanta, GA",2023-08-15,Inactive
CUST-04279,Sharon Hall,Synapse Analytics,Telecommunications,sharon.hall4279@synapseanaly.com,+1-626-289-4041,"Toronto, Canada",2022-06-17,Inactive
CUST-04280,Amy Thomas,Prism Partners,Healthcare & Life Sciences,amy.thomas4280@prismpartner.com,+1-987-319-3469,"San Francisco, CA",2024-05-20,Active
CUST-04281,Patricia Roberts,Synapse Health,Financial Services & FinTech,patricia.roberts4281@synapsehealt.com,+1-925-408-9232,"Sydney, Australia",2025-10-22,Active
CUST-04282,William Anderson,Nexus Solutions,Retail & E-Commerce,william.anderson4282@nexussolutio.com,+1-513-773-1563,"London, UK",2024-12-22,Churned
CUST-04283,Christopher Flores,Solstice Health,SaaS & Cloud Software,christopher.flores4283@solsticeheal.com,+1-759-860-9655,"Toronto, Canada",2024-02-02,Inactive
CUST-04284,David Nguyen,Beacon Logistics,Telecommunications,david.nguyen4284@beaconlogist.com,+1-570-361-4084,"Boston, MA",2023-12-07,At-Risk
CUST-04285,Joseph Evans,Cognitive Solutions,SaaS & Cloud Software,joseph.evans4285@cognitivesol.com,+1-358-271-4554,"Toronto, Canada",2026-01-13,Active
CUST-04286,Matthew Lee,Beacon Capital,Manufacturing & Industrial,matthew.lee4286@beaconcapita.com,+1-653-355-4825,"San Francisco, CA",2025-10-30,At-Risk
CUST-04287,Sharon Parker,Velocity Global,Media & Entertainment,sharon.parker4287@velocityglob.com,+1-508-270-8934,"New York, NY",2026-05-30,At-Risk
CUST-04288,William Smith,Velocity Systems,Financial Services & FinTech,william.smith4288@velocitysyst.com,+1-318-718-8850,"London, UK",2025-06-26,Active
CUST-04289,Emily Williams,Aegis Partners,SaaS & Cloud Software,emily.williams4289@aegispartner.com,+1-445-410-3603,"San Francisco, CA",2023-03-19,Inactive
CUST-04290,Robert Carter,Vanguard Enterprises,Retail & E-Commerce,robert.carter4290@vanguardente.com,+1-577-640-1455,"London, UK",2025-07-03,Churned
CUST-04291,Amy Jones,Omni Capital,Media & Entertainment,amy.jones4291@omnicapital.com,+1-554-259-9125,"Denver, CO",2026-01-16,Active
CUST-04292,Ryan Thompson,Starlight Digital,Healthcare & Life Sciences,ryan.thompson4292@starlightdig.com,+1-925-868-8524,"Seattle, WA",2023-10-07,Inactive
CUST-04293,Karen Anderson,Vertex Partners,Telecommunications,karen.anderson4293@vertexpartne.com,+1-414-320-7461,"Sydney, Australia",2025-09-27,Active
CUST-04294,Patricia Turner,Stratosphere Logistics,Media & Entertainment,patricia.turner4294@stratosphere.com,+1-716-278-2520,"Berlin, Germany",2023-09-08,Inactive
CUST-04295,Linda Lee,Starlight Digital,Media & Entertainment,linda.lee4295@starlightdig.com,+1-393-787-7211,"New York, NY",2025-10-23,Inactive
CUST-04296,Anthony Brown,Pinnacle Global,Media & Entertainment,anthony.brown4296@pinnacleglob.com,+1-214-553-5602,"New York, NY",2026-04-21,Active
CUST-04297,Stephanie Hill,Beacon Global,Manufacturing & Industrial,stephanie.hill4297@beaconglobal.com,+1-341-453-4574,"Sydney, Australia",2022-05-21,Active
CUST-04298,Cynthia Brown,Apex Analytics,Financial Services & FinTech,cynthia.brown4298@apexanalytic.com,+1-898-525-9567,"Sydney, Australia",2023-04-21,At-Risk
CUST-04299,Mary Gomez,Apex Health,Media & Entertainment,mary.gomez4299@apexhealth.com,+1-481-871-1795,"San Francisco, CA",2024-02-12,Inactive
CUST-04300,Rebecca Gonzalez,Vanguard Dynamics,Manufacturing & Industrial,rebecca.gonzalez4300@vanguarddyna.com,+1-421-231-7655,"Boston, MA",2026-06-11,Active
CUST-04301,Carol Wright,Starlight Analytics,Retail & E-Commerce,carol.wright4301@starlightana.com,+1-913-754-9620,"Boston, MA",2024-03-18,At-Risk
CUST-04302,Matthew Flores,Velocity Dynamics,Manufacturing & Industrial,matthew.flores4302@velocitydyna.com,+1-544-814-1085,"Atlanta, GA",2023-07-03,Inactive
CUST-04303,Amy Lopez,Hyperion Capital,Professional Services & Consulting,amy.lopez4303@hyperioncapi.com,+1-910-344-7124,"Toronto, Canada",2025-04-17,Churned
CUST-04304,Carol Mitchell,Omni Innovations,Professional Services & Consulting,carol.mitchell4304@omniinnovati.com,+1-417-835-2873,"San Francisco, CA",2026-06-14,Active
CUST-04305,Rebecca Gomez,Apex Systems,Retail & E-Commerce,rebecca.gomez4305@apexsystems.com,+1-370-440-8018,"Toronto, Canada",2024-11-10,Churned
CUST-04306,Amy Wright,Horizon Systems,Media & Entertainment,amy.wright4306@horizonsyste.com,+1-606-776-4154,"Chicago, IL",2025-03-07,At-Risk
CUST-04307,Charles Thomas,Horizon Technologies,SaaS & Cloud Software,charles.thomas4307@horizontechn.com,+1-912-441-7737,"Boston, MA",2024-02-19,At-Risk
CUST-04308,Steven Lewis,Catalyst Capital,Retail & E-Commerce,steven.lewis4308@catalystcapi.com,+1-632-480-9474,"Denver, CO",2026-05-29,Active
CUST-04309,Sharon Mitchell,Meridian Digital,Retail & E-Commerce,sharon.mitchell4309@meridiandigi.com,+1-603-436-9046,"San Francisco, CA",2024-08-06,Churned
CUST-04310,Barbara Rodriguez,Nexus Global,Manufacturing & Industrial,barbara.rodriguez4310@nexusglobal.com,+1-669-540-6655,"San Francisco, CA",2025-09-13,Churned
CUST-04311,Nancy Torres,Acro Analytics,Telecommunications,nancy.torres4311@acroanalytic.com,+1-325-466-6871,"New York, NY",2023-11-15,Inactive
CUST-04312,Joshua Smith,Solstice Solutions,Financial Services & FinTech,joshua.smith4312@solsticesolu.com,+1-476-459-2302,"Sydney, Australia",2022-08-21,Inactive
CUST-04313,Melissa Lewis,Synapse Capital,Financial Services & FinTech,melissa.lewis4313@synapsecapit.com,+1-520-419-7213,"Sydney, Australia",2022-06-03,At-Risk
CUST-04314,David Jones,Pinnacle Capital,Telecommunications,david.jones4314@pinnaclecapi.com,+1-305-514-7335,"San Francisco, CA",2023-01-25,Inactive
CUST-04315,Patricia Parker,Stratosphere Global,Financial Services & FinTech,patricia.parker4315@stratosphere.com,+1-729-822-3726,"San Francisco, CA",2023-07-08,Inactive
CUST-04316,Stephanie Mitchell,CoreTech Technologies,Professional Services & Consulting,stephanie.mitchell4316@coretechtech.com,+1-548-845-5417,"Seattle, WA",2022-12-05,At-Risk
CUST-04317,Edward Thompson,Omni Dynamics,Telecommunications,edward.thompson4317@omnidynamics.com,+1-453-588-9299,"Toronto, Canada",2023-09-27,Churned
CUST-04318,Steven Diaz,Starlight Partners,Manufacturing & Industrial,steven.diaz4318@starlightpar.com,+1-663-291-5373,"Atlanta, GA",2024-06-07,At-Risk
CUST-04319,Patricia Gonzalez,Prism Labs,Retail & E-Commerce,patricia.gonzalez4319@prismlabs.com,+1-903-522-5600,"Berlin, Germany",2026-03-28,Active
CUST-04320,Carol Diaz,Cognitive Innovations,Telecommunications,carol.diaz4320@cognitiveinn.com,+1-230-209-4782,"Denver, CO",2026-01-12,Active
CUST-04321,James Diaz,Vertex Solutions,Telecommunications,james.diaz4321@vertexsoluti.com,+1-341-355-9135,"Berlin, Germany",2025-08-02,Active
CUST-04322,Karen Anderson,Solstice Global,Media & Entertainment,karen.anderson4322@solsticeglob.com,+1-904-328-2621,"Boston, MA",2023-03-15,Inactive
CUST-04323,Jeffrey Mitchell,Stratosphere Global,Manufacturing & Industrial,jeffrey.mitchell4323@stratosphere.com,+1-577-873-1906,"Toronto, Canada",2026-01-28,Active
CUST-04324,Michelle Turner,Aura Logistics,Media & Entertainment,michelle.turner4324@auralogistic.com,+1-800-398-5237,"New York, NY",2023-03-06,At-Risk
CUST-04325,Patricia Roberts,Zenith Health,Financial Services & FinTech,patricia.roberts4325@zenithhealth.com,+1-900-569-1543,"Denver, CO",2025-02-03,Churned
CUST-04326,Joseph Jones,Stratosphere Global,Retail & E-Commerce,joseph.jones4326@stratosphere.com,+1-447-481-9645,"New York, NY",2025-04-07,Inactive
CUST-04327,Steven Scott,Omni Systems,Media & Entertainment,steven.scott4327@omnisystems.com,+1-235-215-7880,"Atlanta, GA",2023-08-25,At-Risk
CUST-04328,Daniel Phillips,Meridian Health,Professional Services & Consulting,daniel.phillips4328@meridianheal.com,+1-877-790-6494,"Sydney, Australia",2024-09-08,Inactive
CUST-04329,Jessica Martin,Synapse Health,Professional Services & Consulting,jessica.martin4329@synapsehealt.com,+1-492-827-7343,"Boston, MA",2025-08-02,Active
CUST-04330,Jason Torres,Aegis Enterprises,Healthcare & Life Sciences,jason.torres4330@aegisenterpr.com,+1-960-687-6795,"San Francisco, CA",2025-05-28,Churned
CUST-04331,Sharon Rodriguez,Meridian Innovations,Healthcare & Life Sciences,sharon.rodriguez4331@meridianinno.com,+1-208-212-2839,"Toronto, Canada",2023-04-01,At-Risk
CUST-04332,Rebecca Mitchell,Zenith Partners,Financial Services & FinTech,rebecca.mitchell4332@zenithpartne.com,+1-658-409-5438,"Berlin, Germany",2023-03-15,Active
CUST-04333,Donna Robinson,Cognitive Logistics,Retail & E-Commerce,donna.robinson4333@cognitivelog.com,+1-970-526-4016,"Sydney, Australia",2023-11-24,Inactive
CUST-04334,Sandra Lee,Aura Solutions,Telecommunications,sandra.lee4334@aurasolution.com,+1-418-764-4734,"Sydney, Australia",2026-06-09,Active
CUST-04335,Christopher Ramirez,Omni Digital,Media & Entertainment,christopher.ramirez4335@omnidigital.com,+1-294-899-1756,"Sydney, Australia",2023-03-22,Inactive
CUST-04336,Michael Garcia,Acro Technologies,Media & Entertainment,michael.garcia4336@acrotechnolo.com,+1-306-328-5650,"Toronto, Canada",2025-07-20,Active
CUST-04337,Carol Lewis,Beacon Solutions,Manufacturing & Industrial,carol.lewis4337@beaconsoluti.com,+1-478-779-5943,"New York, NY",2025-07-24,At-Risk
CUST-04338,Andrew Garcia,Zenith Partners,Retail & E-Commerce,andrew.garcia4338@zenithpartne.com,+1-841-852-5017,"Austin, TX",2022-11-22,Inactive
CUST-04339,Kenneth Rivera,Catalyst Labs,Healthcare & Life Sciences,kenneth.rivera4339@catalystlabs.com,+1-407-855-4494,"Toronto, Canada",2023-09-14,Inactive
CUST-04340,Kathleen Hernandez,Aura Capital,Media & Entertainment,kathleen.hernandez4340@auracapital.com,+1-568-615-9059,"Sydney, Australia",2024-03-04,At-Risk
CUST-04341,Jessica Nelson,Stratosphere Technologies,Healthcare & Life Sciences,jessica.nelson4341@stratosphere.com,+1-534-587-5487,"Denver, CO",2023-11-10,At-Risk
CUST-04342,Ryan Rivera,Meridian Solutions,Financial Services & FinTech,ryan.rivera4342@meridiansolu.com,+1-731-773-3128,"Seattle, WA",2025-04-29,Active
CUST-04343,David Turner,Solstice Partners,Media & Entertainment,david.turner4343@solsticepart.com,+1-892-734-5548,"New York, NY",2023-06-17,Churned
CUST-04344,Elizabeth Campbell,Apex Analytics,Financial Services & FinTech,elizabeth.campbell4344@apexanalytic.com,+1-627-322-2246,"San Francisco, CA",2023-09-29,Churned
CUST-04345,Joshua Sanchez,Omni Enterprises,Telecommunications,joshua.sanchez4345@omnienterpri.com,+1-866-283-2688,"Sydney, Australia",2026-01-18,At-Risk
CUST-04346,Donald Brown,Starlight Health,Media & Entertainment,donald.brown4346@starlighthea.com,+1-511-376-5947,"Seattle, WA",2025-12-18,Active
CUST-04347,Gary Wilson,CoreTech Partners,Professional Services & Consulting,gary.wilson4347@coretechpart.com,+1-390-446-9143,"Sydney, Australia",2024-12-02,Churned
CUST-04348,Kathleen Jackson,Horizon Logistics,Media & Entertainment,kathleen.jackson4348@horizonlogis.com,+1-205-257-8680,"Atlanta, GA",2025-11-14,At-Risk
CUST-04349,Jessica Green,Hyperion Innovations,Manufacturing & Industrial,jessica.green4349@hyperioninno.com,+1-543-297-3569,"Austin, TX",2024-04-12,Churned
CUST-04350,Barbara Carter,Velocity Digital,SaaS & Cloud Software,barbara.carter4350@velocitydigi.com,+1-368-369-7654,"Toronto, Canada",2026-06-15,Active
CUST-04351,Kathleen Torres,Cognitive Technologies,Telecommunications,kathleen.torres4351@cognitivetec.com,+1-616-621-1319,"Berlin, Germany",2025-04-30,Churned
CUST-04352,Charles Wright,Pinnacle Innovations,Manufacturing & Industrial,charles.wright4352@pinnacleinno.com,+1-421-784-6914,"Toronto, Canada",2026-01-10,At-Risk
CUST-04353,Ryan Jones,Pinnacle Enterprises,Telecommunications,ryan.jones4353@pinnacleente.com,+1-743-336-2776,"Berlin, Germany",2025-08-06,Active
CUST-04354,James Turner,Apex Systems,Media & Entertainment,james.turner4354@apexsystems.com,+1-976-807-1346,"New York, NY",2022-09-10,Inactive
CUST-04355,Laura Williams,Vanguard Analytics,SaaS & Cloud Software,laura.williams4355@vanguardanal.com,+1-847-724-7830,"Toronto, Canada",2025-08-28,Active
CUST-04356,Sharon Carter,Cognitive Systems,Healthcare & Life Sciences,sharon.carter4356@cognitivesys.com,+1-711-235-9435,"New York, NY",2025-07-23,Inactive
CUST-04357,Donald Moore,Solstice Enterprises,Healthcare & Life Sciences,donald.moore4357@solsticeente.com,+1-912-645-9056,"Berlin, Germany",2023-05-26,Inactive
CUST-04358,Joshua Wright,Acro Partners,Telecommunications,joshua.wright4358@acropartners.com,+1-381-830-7714,"Berlin, Germany",2025-10-02,At-Risk
CUST-04359,Brian Brown,Meridian Labs,Retail & E-Commerce,brian.brown4359@meridianlabs.com,+1-476-548-7471,"Berlin, Germany",2025-09-24,Active
CUST-04360,Kenneth Lewis,Hyperion Global,Media & Entertainment,kenneth.lewis4360@hyperionglob.com,+1-570-893-5524,"Denver, CO",2024-08-31,Active
CUST-04361,Barbara Roberts,Elevate Capital,Healthcare & Life Sciences,barbara.roberts4361@elevatecapit.com,+1-306-657-5447,"Toronto, Canada",2023-10-07,Inactive
CUST-04362,Amy Walker,Cognitive Innovations,SaaS & Cloud Software,amy.walker4362@cognitiveinn.com,+1-399-514-6469,"New York, NY",2026-02-07,At-Risk
CUST-04363,Thomas Carter,Hyperion Technologies,Healthcare & Life Sciences,thomas.carter4363@hyperiontech.com,+1-384-606-4698,"Denver, CO",2024-10-21,Churned
CUST-04364,Linda Wilson,Hyperion Partners,Telecommunications,linda.wilson4364@hyperionpart.com,+1-462-553-3815,"Berlin, Germany",2026-01-28,Active
CUST-04365,Melissa Lewis,Vanguard Systems,SaaS & Cloud Software,melissa.lewis4365@vanguardsyst.com,+1-933-233-8560,"London, UK",2026-03-27,Active
CUST-04366,Dorothy Roberts,Starlight Technologies,Telecommunications,dorothy.roberts4366@starlighttec.com,+1-544-288-8089,"Chicago, IL",2025-07-06,Active
CUST-04367,Carol Martinez,Velocity Dynamics,Retail & E-Commerce,carol.martinez4367@velocitydyna.com,+1-610-690-7030,"Atlanta, GA",2025-05-04,Active
CUST-04368,Jessica Rodriguez,Aegis Digital,Manufacturing & Industrial,jessica.rodriguez4368@aegisdigital.com,+1-979-848-1405,"Atlanta, GA",2023-12-13,At-Risk
CUST-04369,Linda Campbell,Catalyst Partners,Manufacturing & Industrial,linda.campbell4369@catalystpart.com,+1-941-617-4422,"Denver, CO",2024-05-01,At-Risk
CUST-04370,Matthew Rodriguez,Meridian Global,Manufacturing & Industrial,matthew.rodriguez4370@meridianglob.com,+1-465-332-3448,"Chicago, IL",2025-10-24,Active
CUST-04371,Amanda Hall,Beacon Dynamics,Manufacturing & Industrial,amanda.hall4371@beacondynami.com,+1-344-424-9147,"Atlanta, GA",2024-08-07,Inactive
CUST-04372,Daniel Lopez,Aegis Labs,Manufacturing & Industrial,daniel.lopez4372@aegislabs.com,+1-237-438-4758,"San Francisco, CA",2026-04-14,Active
CUST-04373,Jacob Evans,Starlight Digital,SaaS & Cloud Software,jacob.evans4373@starlightdig.com,+1-757-798-6114,"New York, NY",2023-11-13,Active
CUST-04374,Charles Adams,Stratosphere Enterprises,SaaS & Cloud Software,charles.adams4374@stratosphere.com,+1-961-656-1182,"Chicago, IL",2025-06-12,Active
CUST-04375,Paul Gonzalez,Stratosphere Systems,Manufacturing & Industrial,paul.gonzalez4375@stratosphere.com,+1-327-847-9804,"Berlin, Germany",2025-08-03,At-Risk
CUST-04376,Anthony Wright,Omni Innovations,Telecommunications,anthony.wright4376@omniinnovati.com,+1-985-284-3095,"Berlin, Germany",2025-09-21,At-Risk
CUST-04377,George Adams,Meridian Capital,SaaS & Cloud Software,george.adams4377@meridiancapi.com,+1-676-424-8207,"Boston, MA",2023-03-18,Inactive
CUST-04378,Richard Nguyen,Solstice Labs,Professional Services & Consulting,richard.nguyen4378@solsticelabs.com,+1-894-316-8823,"Berlin, Germany",2025-12-17,Churned
CUST-04379,Rebecca Torres,Aura Global,SaaS & Cloud Software,rebecca.torres4379@auraglobal.com,+1-843-595-5846,"Berlin, Germany",2023-07-24,Active
CUST-04380,Melissa Diaz,Zenith Innovations,Retail & E-Commerce,melissa.diaz4380@zenithinnova.com,+1-946-347-2570,"Boston, MA",2025-11-03,Active
CUST-04381,Melissa Young,Aura Digital,Manufacturing & Industrial,melissa.young4381@auradigital.com,+1-836-884-3577,"Atlanta, GA",2021-12-06,At-Risk
CUST-04382,Sharon Jackson,Apex Innovations,Manufacturing & Industrial,sharon.jackson4382@apexinnovati.com,+1-349-844-8377,"Sydney, Australia",2024-11-04,Active
CUST-04383,Margaret Adams,Elevate Global,Professional Services & Consulting,margaret.adams4383@elevategloba.com,+1-410-469-3175,"London, UK",2026-05-05,At-Risk
CUST-04384,Betty Green,Cognitive Technologies,Manufacturing & Industrial,betty.green4384@cognitivetec.com,+1-668-828-8679,"London, UK",2025-08-09,At-Risk
CUST-04385,Betty Baker,Stratosphere Solutions,Professional Services & Consulting,betty.baker4385@stratosphere.com,+1-444-368-2549,"New York, NY",2024-06-06,Inactive
CUST-04386,Melissa Carter,Cognitive Partners,Telecommunications,melissa.carter4386@cognitivepar.com,+1-572-282-1489,"Seattle, WA",2026-05-10,Active
CUST-04387,Thomas Perez,Apex Global,Telecommunications,thomas.perez4387@apexglobal.com,+1-955-864-9585,"Denver, CO",2024-06-14,Inactive
CUST-04388,Stephanie Green,Aura Labs,SaaS & Cloud Software,stephanie.green4388@auralabs.com,+1-862-668-4656,"Denver, CO",2023-01-18,Inactive
CUST-04389,Joshua Young,Pinnacle Analytics,Financial Services & FinTech,joshua.young4389@pinnacleanal.com,+1-782-790-9714,"Boston, MA",2024-12-30,Active
CUST-04390,Jason Thomas,Hyperion Capital,Professional Services & Consulting,jason.thomas4390@hyperioncapi.com,+1-831-291-1015,"Sydney, Australia",2025-05-13,Active
CUST-04391,Sandra King,Aegis Dynamics,Retail & E-Commerce,sandra.king4391@aegisdynamic.com,+1-681-590-3767,"Austin, TX",2021-11-14,Inactive
CUST-04392,Karen Miller,Aegis Innovations,Telecommunications,karen.miller4392@aegisinnovat.com,+1-894-652-5832,"Chicago, IL",2026-04-22,Active
CUST-04393,Anthony Torres,Aura Global,Manufacturing & Industrial,anthony.torres4393@auraglobal.com,+1-819-463-6518,"London, UK",2025-08-03,Inactive
CUST-04394,Andrew Smith,Stratosphere Capital,Professional Services & Consulting,andrew.smith4394@stratosphere.com,+1-962-492-7795,"Seattle, WA",2022-08-03,Active
CUST-04395,George Ramirez,Starlight Logistics,Professional Services & Consulting,george.ramirez4395@starlightlog.com,+1-277-681-1953,"Chicago, IL",2023-01-02,Inactive
CUST-04396,Gary Wilson,Nexus Technologies,Healthcare & Life Sciences,gary.wilson4396@nexustechnol.com,+1-294-216-3399,"Sydney, Australia",2023-07-08,Churned
CUST-04397,Cynthia Wilson,Beacon Logistics,Telecommunications,cynthia.wilson4397@beaconlogist.com,+1-900-371-6749,"Chicago, IL",2024-06-24,Active
CUST-04398,Deborah Nelson,Acro Systems,Healthcare & Life Sciences,deborah.nelson4398@acrosystems.com,+1-948-409-5670,"Austin, TX",2023-09-04,Active
CUST-04399,Laura Moore,Cognitive Systems,Financial Services & FinTech,laura.moore4399@cognitivesys.com,+1-884-600-1083,"Denver, CO",2022-12-20,Active
CUST-04400,Richard Nguyen,Quantum Technologies,SaaS & Cloud Software,richard.nguyen4400@quantumtechn.com,+1-762-731-8058,"Boston, MA",2023-08-21,Inactive
CUST-04401,Ronald Campbell,CoreTech Technologies,Media & Entertainment,ronald.campbell4401@coretechtech.com,+1-964-357-7772,"Chicago, IL",2025-10-10,At-Risk
CUST-04402,Donna Martin,Starlight Analytics,Manufacturing & Industrial,donna.martin4402@starlightana.com,+1-681-726-6855,"Berlin, Germany",2026-05-27,Active
CUST-04403,George Green,Omni Solutions,Media & Entertainment,george.green4403@omnisolution.com,+1-260-831-1380,"Denver, CO",2023-01-31,Inactive
CUST-04404,Margaret Young,Quantum Global,Retail & E-Commerce,margaret.young4404@quantumgloba.com,+1-873-877-6992,"Sydney, Australia",2023-07-16,At-Risk
CUST-04405,Susan Smith,Prism Innovations,Media & Entertainment,susan.smith4405@prisminnovat.com,+1-933-478-7856,"Chicago, IL",2023-02-06,Inactive
CUST-04406,Sharon Torres,Prism Enterprises,Media & Entertainment,sharon.torres4406@prismenterpr.com,+1-906-439-9840,"Chicago, IL",2026-06-04,Active
CUST-04407,Jeffrey Roberts,Horizon Technologies,Professional Services & Consulting,jeffrey.roberts4407@horizontechn.com,+1-714-786-1491,"Austin, TX",2023-07-08,Inactive
CUST-04408,Kevin Harris,Pinnacle Innovations,Financial Services & FinTech,kevin.harris4408@pinnacleinno.com,+1-396-653-9885,"Toronto, Canada",2022-03-29,At-Risk
CUST-04409,Joshua Mitchell,Acro Analytics,Financial Services & FinTech,joshua.mitchell4409@acroanalytic.com,+1-742-752-9232,"London, UK",2022-08-20,Inactive
CUST-04410,Donald Lewis,Omni Systems,Retail & E-Commerce,donald.lewis4410@omnisystems.com,+1-245-820-7607,"Seattle, WA",2026-01-05,Active
CUST-04411,Kenneth Flores,Stratosphere Capital,SaaS & Cloud Software,kenneth.flores4411@stratosphere.com,+1-362-531-1946,"Denver, CO",2023-09-01,At-Risk
CUST-04412,Karen Thomas,Nexus Capital,Telecommunications,karen.thomas4412@nexuscapital.com,+1-603-822-3709,"Boston, MA",2022-09-27,At-Risk
CUST-04413,Dorothy Anderson,Prism Labs,Manufacturing & Industrial,dorothy.anderson4413@prismlabs.com,+1-458-741-7646,"Seattle, WA",2025-11-16,Active
CUST-04414,Kevin Lopez,Quantum Dynamics,Financial Services & FinTech,kevin.lopez4414@quantumdynam.com,+1-565-598-1527,"Berlin, Germany",2026-06-13,Active
CUST-04415,Donald Allen,Acro Solutions,SaaS & Cloud Software,donald.allen4415@acrosolution.com,+1-760-246-4433,"Toronto, Canada",2023-03-23,Inactive
CUST-04416,Kevin Parker,Prism Global,Retail & E-Commerce,kevin.parker4416@prismglobal.com,+1-638-200-5909,"Denver, CO",2023-03-22,At-Risk
CUST-04417,Linda Wilson,Meridian Global,Retail & E-Commerce,linda.wilson4417@meridianglob.com,+1-483-670-8050,"Atlanta, GA",2025-04-09,At-Risk
CUST-04418,Jessica Nelson,CoreTech Solutions,Telecommunications,jessica.nelson4418@coretechsolu.com,+1-391-381-2897,"San Francisco, CA",2022-06-28,Active
CUST-04419,Carol Williams,Starlight Systems,Telecommunications,carol.williams4419@starlightsys.com,+1-521-559-7697,"Sydney, Australia",2025-02-21,At-Risk
CUST-04420,David Green,Cognitive Logistics,SaaS & Cloud Software,david.green4420@cognitivelog.com,+1-510-325-6142,"New York, NY",2024-12-27,Active
CUST-04421,Mark Wilson,Stratosphere Innovations,Healthcare & Life Sciences,mark.wilson4421@stratosphere.com,+1-626-877-7571,"Toronto, Canada",2023-09-27,At-Risk
CUST-04422,James Miller,Vanguard Capital,Professional Services & Consulting,james.miller4422@vanguardcapi.com,+1-968-200-1424,"Seattle, WA",2022-12-03,Inactive
CUST-04423,Nancy Nguyen,Aegis Labs,Media & Entertainment,nancy.nguyen4423@aegislabs.com,+1-732-211-2735,"Chicago, IL",2026-06-11,Active
CUST-04424,Patricia Jones,Synapse Partners,Retail & E-Commerce,patricia.jones4424@synapsepartn.com,+1-677-296-9879,"Seattle, WA",2023-08-24,Churned
CUST-04425,Barbara White,Horizon Technologies,Telecommunications,barbara.white4425@horizontechn.com,+1-870-292-5836,"Sydney, Australia",2024-03-03,Active
CUST-04426,Joseph Gonzalez,Beacon Logistics,Professional Services & Consulting,joseph.gonzalez4426@beaconlogist.com,+1-565-544-2979,"New York, NY",2022-08-08,Inactive
CUST-04427,Richard Nelson,CoreTech Labs,Manufacturing & Industrial,richard.nelson4427@coretechlabs.com,+1-622-745-8176,"London, UK",2023-01-08,Inactive
CUST-04428,William Allen,Pinnacle Labs,Media & Entertainment,william.allen4428@pinnaclelabs.com,+1-695-207-9786,"San Francisco, CA",2022-01-26,Active
CUST-04429,Mary Adams,Prism Health,Healthcare & Life Sciences,mary.adams4429@prismhealth.com,+1-409-366-6990,"London, UK",2021-10-14,At-Risk
CUST-04430,Robert Young,Zenith Solutions,Telecommunications,robert.young4430@zenithsoluti.com,+1-358-805-4604,"San Francisco, CA",2024-09-29,Churned
CUST-04431,Anthony Evans,Hyperion Solutions,Manufacturing & Industrial,anthony.evans4431@hyperionsolu.com,+1-791-561-3673,"Boston, MA",2025-09-17,Active
CUST-04432,Sarah Williams,Cognitive Partners,Retail & E-Commerce,sarah.williams4432@cognitivepar.com,+1-882-253-4493,"New York, NY",2025-09-18,Active
CUST-04433,Kathleen Parker,Aura Solutions,Media & Entertainment,kathleen.parker4433@aurasolution.com,+1-572-734-6714,"Atlanta, GA",2024-01-26,At-Risk
CUST-04434,Deborah Martinez,Zenith Analytics,Retail & E-Commerce,deborah.martinez4434@zenithanalyt.com,+1-208-597-7544,"Toronto, Canada",2024-07-14,Inactive
CUST-04435,Susan Jones,Zenith Dynamics,Telecommunications,susan.jones4435@zenithdynami.com,+1-335-233-4760,"Sydney, Australia",2023-10-29,At-Risk
CUST-04436,Linda Harris,Cognitive Partners,Professional Services & Consulting,linda.harris4436@cognitivepar.com,+1-640-525-9034,"San Francisco, CA",2022-08-29,At-Risk
CUST-04437,Barbara Hernandez,Quantum Solutions,Telecommunications,barbara.hernandez4437@quantumsolut.com,+1-859-264-9880,"New York, NY",2023-09-26,Inactive
CUST-04438,William Davis,Aura Digital,Healthcare & Life Sciences,william.davis4438@auradigital.com,+1-928-860-4768,"Berlin, Germany",2023-08-24,Churned
CUST-04439,Mark Gonzalez,Nexus Dynamics,Professional Services & Consulting,mark.gonzalez4439@nexusdynamic.com,+1-798-720-9115,"Seattle, WA",2024-07-01,Inactive
CUST-04440,Sarah Brown,Pinnacle Labs,Healthcare & Life Sciences,sarah.brown4440@pinnaclelabs.com,+1-318-491-6584,"Chicago, IL",2024-12-07,Inactive
CUST-04441,Sharon Scott,Aura Digital,Financial Services & FinTech,sharon.scott4441@auradigital.com,+1-797-596-2765,"New York, NY",2023-03-26,Inactive
CUST-04442,Stephanie Parker,Horizon Technologies,Retail & E-Commerce,stephanie.parker4442@horizontechn.com,+1-232-552-3675,"Seattle, WA",2024-06-14,Churned
CUST-04443,Barbara Jones,Hyperion Labs,SaaS & Cloud Software,barbara.jones4443@hyperionlabs.com,+1-633-206-9501,"Chicago, IL",2022-10-07,Inactive
CUST-04444,Jessica Sanchez,Omni Labs,Financial Services & FinTech,jessica.sanchez4444@omnilabs.com,+1-771-213-5147,"Sydney, Australia",2026-04-19,Active
CUST-04445,Steven Mitchell,Pinnacle Partners,SaaS & Cloud Software,steven.mitchell4445@pinnaclepart.com,+1-919-277-9184,"Toronto, Canada",2025-11-18,At-Risk
CUST-04446,Susan Taylor,Nexus Labs,Manufacturing & Industrial,susan.taylor4446@nexuslabs.com,+1-636-777-6335,"Boston, MA",2023-03-07,Inactive
CUST-04447,Dorothy Moore,Cognitive Innovations,SaaS & Cloud Software,dorothy.moore4447@cognitiveinn.com,+1-212-804-6446,"Denver, CO",2024-06-04,At-Risk
CUST-04448,John Clark,Hyperion Digital,Media & Entertainment,john.clark4448@hyperiondigi.com,+1-549-607-8081,"Boston, MA",2023-06-21,Churned
CUST-04449,Mark Baker,Elevate Logistics,Professional Services & Consulting,mark.baker4449@elevatelogis.com,+1-870-241-8980,"London, UK",2023-06-24,Inactive
CUST-04450,Dorothy Martinez,Elevate Enterprises,Financial Services & FinTech,dorothy.martinez4450@elevateenter.com,+1-347-881-1263,"Boston, MA",2023-07-22,Churned
CUST-04451,Emily Flores,Catalyst Analytics,Media & Entertainment,emily.flores4451@catalystanal.com,+1-384-523-4121,"Denver, CO",2024-01-19,At-Risk
CUST-04452,Andrew Robinson,Beacon Labs,Telecommunications,andrew.robinson4452@beaconlabs.com,+1-288-814-6658,"London, UK",2025-11-15,Active
CUST-04453,Matthew Williams,Quantum Global,Retail & E-Commerce,matthew.williams4453@quantumgloba.com,+1-343-737-7567,"Atlanta, GA",2024-10-24,Churned
CUST-04454,Jessica Walker,Prism Logistics,Telecommunications,jessica.walker4454@prismlogisti.com,+1-528-796-1234,"Toronto, Canada",2025-08-19,Churned
CUST-04455,Sarah Gomez,Aura Global,Healthcare & Life Sciences,sarah.gomez4455@auraglobal.com,+1-657-597-2389,"London, UK",2024-07-06,Inactive
CUST-04456,Jessica Carter,Beacon Global,Healthcare & Life Sciences,jessica.carter4456@beaconglobal.com,+1-754-608-8133,"Sydney, Australia",2023-01-04,Inactive
CUST-04457,Mary Roberts,Stratosphere Enterprises,Healthcare & Life Sciences,mary.roberts4457@stratosphere.com,+1-610-761-7767,"Boston, MA",2025-12-02,Active
CUST-04458,Kathleen Adams,Nexus Solutions,Telecommunications,kathleen.adams4458@nexussolutio.com,+1-588-361-9153,"Seattle, WA",2025-01-24,Active
CUST-04459,Gary Evans,Aura Enterprises,SaaS & Cloud Software,gary.evans4459@auraenterpri.com,+1-265-572-9146,"Austin, TX",2022-11-30,At-Risk
CUST-04460,Thomas Wilson,Vertex Digital,Healthcare & Life Sciences,thomas.wilson4460@vertexdigita.com,+1-352-480-3937,"Seattle, WA",2025-08-10,At-Risk
CUST-04461,Margaret Perez,Hyperion Innovations,Telecommunications,margaret.perez4461@hyperioninno.com,+1-201-733-6259,"New York, NY",2025-01-22,At-Risk
CUST-04462,Donna Hill,Beacon Solutions,Media & Entertainment,donna.hill4462@beaconsoluti.com,+1-311-570-1926,"Austin, TX",2025-12-23,At-Risk
CUST-04463,Carol Roberts,Hyperion Technologies,Professional Services & Consulting,carol.roberts4463@hyperiontech.com,+1-434-538-4263,"Sydney, Australia",2022-09-16,Inactive
CUST-04464,Barbara Gonzalez,CoreTech Solutions,Retail & E-Commerce,barbara.gonzalez4464@coretechsolu.com,+1-624-217-6396,"Seattle, WA",2025-10-05,Active
CUST-04465,Sandra Jackson,Aura Dynamics,Manufacturing & Industrial,sandra.jackson4465@auradynamics.com,+1-330-326-1108,"Austin, TX",2026-03-28,Active
CUST-04466,William Martinez,Cognitive Enterprises,Retail & E-Commerce,william.martinez4466@cognitiveent.com,+1-432-311-5541,"Sydney, Australia",2026-04-22,Active
CUST-04467,Elizabeth Moore,Apex Labs,Media & Entertainment,elizabeth.moore4467@apexlabs.com,+1-428-471-4224,"Toronto, Canada",2022-02-17,At-Risk
CUST-04468,Cynthia Turner,Meridian Health,Healthcare & Life Sciences,cynthia.turner4468@meridianheal.com,+1-512-246-3434,"Sydney, Australia",2024-04-26,At-Risk
CUST-04469,Richard Davis,Pinnacle Capital,Healthcare & Life Sciences,richard.davis4469@pinnaclecapi.com,+1-295-422-9062,"Chicago, IL",2025-09-07,Inactive
CUST-04470,William Allen,Quantum Logistics,SaaS & Cloud Software,william.allen4470@quantumlogis.com,+1-898-780-7272,"New York, NY",2023-11-04,Inactive
CUST-04471,Karen Parker,Prism Dynamics,Telecommunications,karen.parker4471@prismdynamic.com,+1-675-731-8130,"Seattle, WA",2022-09-02,Inactive
CUST-04472,Betty Baker,Aegis Innovations,Media & Entertainment,betty.baker4472@aegisinnovat.com,+1-490-555-3088,"Atlanta, GA",2026-04-28,At-Risk
CUST-04473,Rebecca Wilson,Starlight Digital,Retail & E-Commerce,rebecca.wilson4473@starlightdig.com,+1-736-745-3354,"Toronto, Canada",2025-12-01,At-Risk
CUST-04474,Margaret Mitchell,Starlight Analytics,Healthcare & Life Sciences,margaret.mitchell4474@starlightana.com,+1-519-502-4042,"Seattle, WA",2025-05-28,Active
CUST-04475,Thomas Green,Aegis Systems,Professional Services & Consulting,thomas.green4475@aegissystems.com,+1-270-677-9624,"San Francisco, CA",2025-07-24,Inactive
CUST-04476,Lisa Scott,Apex Innovations,SaaS & Cloud Software,lisa.scott4476@apexinnovati.com,+1-458-544-6988,"Chicago, IL",2023-01-31,Inactive
CUST-04477,Sandra Scott,CoreTech Capital,Healthcare & Life Sciences,sandra.scott4477@coretechcapi.com,+1-684-362-1116,"Toronto, Canada",2023-05-17,Inactive
CUST-04478,Dorothy Lewis,Beacon Analytics,Telecommunications,dorothy.lewis4478@beaconanalyt.com,+1-588-245-9720,"Denver, CO",2023-01-19,At-Risk
CUST-04479,Thomas Wright,Horizon Analytics,Retail & E-Commerce,thomas.wright4479@horizonanaly.com,+1-924-712-8319,"Seattle, WA",2025-10-14,Active
CUST-04480,William Campbell,Aura Dynamics,SaaS & Cloud Software,william.campbell4480@auradynamics.com,+1-684-520-4401,"Berlin, Germany",2025-10-04,Active
CUST-04481,Elizabeth Baker,Stratosphere Digital,Telecommunications,elizabeth.baker4481@stratosphere.com,+1-569-818-4106,"Toronto, Canada",2024-06-12,Active
CUST-04482,Susan White,Starlight Labs,Healthcare & Life Sciences,susan.white4482@starlightlab.com,+1-332-297-1564,"Denver, CO",2024-11-05,At-Risk
CUST-04483,Kathleen Turner,Prism Digital,Financial Services & FinTech,kathleen.turner4483@prismdigital.com,+1-470-425-1062,"Boston, MA",2025-08-26,Active
CUST-04484,Jessica Smith,Beacon Solutions,Retail & E-Commerce,jessica.smith4484@beaconsoluti.com,+1-565-345-7257,"Boston, MA",2026-01-11,Active
CUST-04485,Donna Thompson,Zenith Analytics,Retail & E-Commerce,donna.thompson4485@zenithanalyt.com,+1-410-418-2132,"Boston, MA",2025-03-30,Inactive
CUST-04486,Kathleen Miller,Quantum Logistics,Professional Services & Consulting,kathleen.miller4486@quantumlogis.com,+1-433-448-5532,"Chicago, IL",2025-11-05,Churned
CUST-04487,Laura Hernandez,Elevate Global,Media & Entertainment,laura.hernandez4487@elevategloba.com,+1-295-225-1748,"New York, NY",2022-05-04,Active
CUST-04488,Anthony Gomez,Velocity Enterprises,Manufacturing & Industrial,anthony.gomez4488@velocityente.com,+1-509-814-9131,"Boston, MA",2025-10-03,At-Risk
CUST-04489,George Mitchell,Zenith Capital,Professional Services & Consulting,george.mitchell4489@zenithcapita.com,+1-935-623-2127,"Toronto, Canada",2025-11-01,Churned
CUST-04490,Barbara Turner,Meridian Capital,Telecommunications,barbara.turner4490@meridiancapi.com,+1-928-333-2894,"New York, NY",2025-09-20,At-Risk
CUST-04491,George Torres,Cognitive Dynamics,Media & Entertainment,george.torres4491@cognitivedyn.com,+1-462-422-8476,"London, UK",2023-02-27,Inactive
CUST-04492,Sharon Anderson,Solstice Dynamics,Media & Entertainment,sharon.anderson4492@solsticedyna.com,+1-798-246-4451,"Boston, MA",2026-05-22,Active
CUST-04493,Betty Davis,Synapse Dynamics,Healthcare & Life Sciences,betty.davis4493@synapsedynam.com,+1-817-529-5326,"Chicago, IL",2025-08-17,Active
CUST-04494,Jennifer Lewis,Apex Enterprises,Media & Entertainment,jennifer.lewis4494@apexenterpri.com,+1-903-320-6115,"Chicago, IL",2023-11-19,Churned
CUST-04495,Betty Phillips,Beacon Capital,Media & Entertainment,betty.phillips4495@beaconcapita.com,+1-671-682-9132,"Boston, MA",2024-03-04,Churned
CUST-04496,Steven Smith,Acro Technologies,Manufacturing & Industrial,steven.smith4496@acrotechnolo.com,+1-595-620-6787,"Denver, CO",2025-06-21,Inactive
CUST-04497,Stephanie Smith,Apex Logistics,Media & Entertainment,stephanie.smith4497@apexlogistic.com,+1-935-342-3655,"Denver, CO",2023-07-18,At-Risk
CUST-04498,Karen Davis,Synapse Labs,Healthcare & Life Sciences,karen.davis4498@synapselabs.com,+1-795-417-9248,"San Francisco, CA",2023-09-08,At-Risk
CUST-04499,Rebecca Parker,Horizon Dynamics,Media & Entertainment,rebecca.parker4499@horizondynam.com,+1-468-650-3189,"Toronto, Canada",2024-11-28,At-Risk
CUST-04500,Jason Taylor,Zenith Labs,Manufacturing & Industrial,jason.taylor4500@zenithlabs.com,+1-411-402-1181,"London, UK",2024-02-18,Active
CUST-04501,Joshua Campbell,Starlight Innovations,Telecommunications,joshua.campbell4501@starlightinn.com,+1-371-878-1601,"London, UK",2026-01-18,Active
CUST-04502,Stephanie Sanchez,Aura Global,SaaS & Cloud Software,stephanie.sanchez4502@auraglobal.com,+1-757-560-4794,"Boston, MA",2026-03-03,Active
CUST-04503,Richard Lopez,Stratosphere Enterprises,Retail & E-Commerce,richard.lopez4503@stratosphere.com,+1-549-733-5540,"Chicago, IL",2024-05-14,At-Risk
CUST-04504,Barbara Davis,Solstice Logistics,Retail & E-Commerce,barbara.davis4504@solsticelogi.com,+1-560-300-3523,"Denver, CO",2023-10-04,Active
CUST-04505,Dorothy Lopez,Quantum Technologies,Telecommunications,dorothy.lopez4505@quantumtechn.com,+1-441-678-2447,"Sydney, Australia",2022-08-23,Inactive
CUST-04506,Jacob Carter,Zenith Technologies,Retail & E-Commerce,jacob.carter4506@zenithtechno.com,+1-928-430-7164,"Toronto, Canada",2024-03-06,At-Risk
CUST-04507,Steven Green,Solstice Solutions,Financial Services & FinTech,steven.green4507@solsticesolu.com,+1-621-546-6728,"Sydney, Australia",2026-01-21,Churned
CUST-04508,George Mitchell,Horizon Labs,Professional Services & Consulting,george.mitchell4508@horizonlabs.com,+1-465-370-2200,"London, UK",2023-02-04,Inactive
CUST-04509,Ashley Young,Cognitive Labs,Manufacturing & Industrial,ashley.young4509@cognitivelab.com,+1-414-619-4169,"San Francisco, CA",2025-07-23,Active
CUST-04510,Ronald Perez,Cognitive Analytics,Healthcare & Life Sciences,ronald.perez4510@cognitiveana.com,+1-610-672-8006,"Atlanta, GA",2022-08-02,Inactive
CUST-04511,Amy Walker,Meridian Innovations,Manufacturing & Industrial,amy.walker4511@meridianinno.com,+1-773-635-2178,"Seattle, WA",2025-03-06,Active
CUST-04512,Anthony Turner,Starlight Enterprises,Financial Services & FinTech,anthony.turner4512@starlightent.com,+1-464-809-2195,"Atlanta, GA",2024-06-16,Inactive
CUST-04513,Brian Anderson,Starlight Partners,SaaS & Cloud Software,brian.anderson4513@starlightpar.com,+1-869-757-5878,"Toronto, Canada",2023-11-20,At-Risk
CUST-04514,Daniel Ramirez,Meridian Partners,Healthcare & Life Sciences,daniel.ramirez4514@meridianpart.com,+1-406-822-1212,"Chicago, IL",2026-06-07,Active
CUST-04515,Gary Diaz,Beacon Solutions,Professional Services & Consulting,gary.diaz4515@beaconsoluti.com,+1-234-296-2228,"New York, NY",2026-04-24,Active
CUST-04516,William Anderson,Elevate Solutions,Professional Services & Consulting,william.anderson4516@elevatesolut.com,+1-739-200-6043,"Boston, MA",2023-01-25,Inactive
CUST-04517,Andrew Lopez,CoreTech Systems,Telecommunications,andrew.lopez4517@coretechsyst.com,+1-712-833-3560,"Boston, MA",2026-06-25,Active
CUST-04518,Elizabeth Taylor,Cognitive Health,SaaS & Cloud Software,elizabeth.taylor4518@cognitivehea.com,+1-203-737-7451,"San Francisco, CA",2024-10-14,Inactive
CUST-04519,Richard Phillips,Beacon Labs,Retail & E-Commerce,richard.phillips4519@beaconlabs.com,+1-921-820-1303,"Atlanta, GA",2025-03-11,At-Risk
CUST-04520,Donna Turner,Velocity Labs,Financial Services & FinTech,donna.turner4520@velocitylabs.com,+1-693-429-9688,"Seattle, WA",2025-10-10,Active
CUST-04521,Patricia Harris,Acro Health,Telecommunications,patricia.harris4521@acrohealth.com,+1-883-436-7342,"Atlanta, GA",2023-09-24,Inactive
CUST-04522,Laura Lopez,Nexus Health,Telecommunications,laura.lopez4522@nexushealth.com,+1-247-385-4173,"San Francisco, CA",2026-04-11,Active
CUST-04523,Ryan Lopez,Pinnacle Enterprises,Manufacturing & Industrial,ryan.lopez4523@pinnacleente.com,+1-378-258-6961,"Berlin, Germany",2025-11-17,Inactive
CUST-04524,Deborah Torres,Cognitive Analytics,Healthcare & Life Sciences,deborah.torres4524@cognitiveana.com,+1-572-835-8683,"Boston, MA",2025-10-14,Active
CUST-04525,Susan Nelson,Starlight Logistics,Professional Services & Consulting,susan.nelson4525@starlightlog.com,+1-899-654-4202,"Seattle, WA",2025-11-14,Churned
CUST-04526,Christopher Roberts,Meridian Analytics,SaaS & Cloud Software,christopher.roberts4526@meridiananal.com,+1-319-897-6499,"San Francisco, CA",2023-05-23,Inactive
CUST-04527,Donna Baker,Elevate Solutions,Media & Entertainment,donna.baker4527@elevatesolut.com,+1-712-410-3996,"Berlin, Germany",2025-04-24,Churned
CUST-04528,Timothy Smith,Cognitive Global,Professional Services & Consulting,timothy.smith4528@cognitiveglo.com,+1-721-765-9782,"Denver, CO",2022-11-07,Inactive
CUST-04529,Rebecca Carter,Vertex Technologies,Professional Services & Consulting,rebecca.carter4529@vertextechno.com,+1-820-685-4284,"Berlin, Germany",2025-07-10,At-Risk
CUST-04530,Brian Allen,Beacon Analytics,Retail & E-Commerce,brian.allen4530@beaconanalyt.com,+1-914-399-7729,"Chicago, IL",2022-02-09,At-Risk
CUST-04531,Kimberly Moore,Meridian Technologies,Healthcare & Life Sciences,kimberly.moore4531@meridiantech.com,+1-406-353-9028,"Denver, CO",2024-05-12,At-Risk
CUST-04532,Ronald Turner,Meridian Logistics,Telecommunications,ronald.turner4532@meridianlogi.com,+1-809-603-5322,"Seattle, WA",2024-11-29,Active
CUST-04533,Kevin King,Acro Logistics,Telecommunications,kevin.king4533@acrologistic.com,+1-834-465-5343,"Denver, CO",2026-04-03,Active
CUST-04534,Jeffrey Mitchell,Vertex Innovations,Professional Services & Consulting,jeffrey.mitchell4534@vertexinnova.com,+1-956-444-5506,"Berlin, Germany",2025-09-21,Active
CUST-04535,Jeffrey Taylor,Aegis Logistics,SaaS & Cloud Software,jeffrey.taylor4535@aegislogisti.com,+1-854-332-5148,"Sydney, Australia",2025-08-22,At-Risk
CUST-04536,Patricia Roberts,Catalyst Systems,Media & Entertainment,patricia.roberts4536@catalystsyst.com,+1-374-814-1091,"Atlanta, GA",2025-07-07,Active
CUST-04537,Paul Baker,CoreTech Capital,Telecommunications,paul.baker4537@coretechcapi.com,+1-433-857-5238,"Seattle, WA",2022-09-02,Inactive
CUST-04538,Kevin Johnson,Vanguard Analytics,Professional Services & Consulting,kevin.johnson4538@vanguardanal.com,+1-768-233-8897,"Boston, MA",2026-03-23,Active
CUST-04539,James White,Vanguard Capital,Manufacturing & Industrial,james.white4539@vanguardcapi.com,+1-947-746-7092,"Chicago, IL",2025-03-06,Active
CUST-04540,Stephanie Nguyen,Stratosphere Dynamics,Financial Services & FinTech,stephanie.nguyen4540@stratosphere.com,+1-617-815-7222,"Chicago, IL",2023-10-11,At-Risk
CUST-04541,Joshua Mitchell,Solstice Technologies,Retail & E-Commerce,joshua.mitchell4541@solsticetech.com,+1-687-426-8513,"New York, NY",2023-08-05,At-Risk
CUST-04542,Anthony Brown,Omni Solutions,Professional Services & Consulting,anthony.brown4542@omnisolution.com,+1-940-595-4578,"New York, NY",2025-10-09,Active
CUST-04543,Daniel Phillips,Zenith Enterprises,SaaS & Cloud Software,daniel.phillips4543@zenithenterp.com,+1-306-246-3312,"Seattle, WA",2024-06-02,At-Risk
CUST-04544,Timothy White,Solstice Systems,Media & Entertainment,timothy.white4544@solsticesyst.com,+1-796-642-4374,"Berlin, Germany",2024-01-08,Active
CUST-04545,Margaret Jackson,Beacon Analytics,Retail & E-Commerce,margaret.jackson4545@beaconanalyt.com,+1-638-472-7456,"Berlin, Germany",2025-02-15,At-Risk
CUST-04546,Sharon Mitchell,Nexus Systems,Manufacturing & Industrial,sharon.mitchell4546@nexussystems.com,+1-698-401-8774,"Austin, TX",2025-01-23,Churned
CUST-04547,Dorothy Davis,Aegis Health,Healthcare & Life Sciences,dorothy.davis4547@aegishealth.com,+1-926-789-5647,"New York, NY",2023-07-30,At-Risk
CUST-04548,David Brown,Vertex Technologies,Healthcare & Life Sciences,david.brown4548@vertextechno.com,+1-701-646-1735,"Berlin, Germany",2026-05-17,Active
CUST-04549,Kathleen Phillips,Horizon Solutions,Professional Services & Consulting,kathleen.phillips4549@horizonsolut.com,+1-602-506-9482,"San Francisco, CA",2026-05-03,At-Risk
CUST-04550,Dorothy Nguyen,Acro Analytics,Media & Entertainment,dorothy.nguyen4550@acroanalytic.com,+1-731-401-4867,"Chicago, IL",2025-12-07,Churned
CUST-04551,Robert Ramirez,Vertex Enterprises,Retail & E-Commerce,robert.ramirez4551@vertexenterp.com,+1-530-657-7081,"Chicago, IL",2025-06-03,Inactive
CUST-04552,Paul Rivera,Meridian Capital,Manufacturing & Industrial,paul.rivera4552@meridiancapi.com,+1-224-552-4005,"Seattle, WA",2023-04-06,Active
CUST-04553,Timothy Williams,Synapse Labs,Media & Entertainment,timothy.williams4553@synapselabs.com,+1-944-613-9648,"New York, NY",2023-03-06,Active
CUST-04554,Jacob Perez,Pinnacle Labs,Media & Entertainment,jacob.perez4554@pinnaclelabs.com,+1-693-287-9876,"New York, NY",2025-03-30,Inactive
CUST-04555,Jessica Hernandez,Elevate Dynamics,Manufacturing & Industrial,jessica.hernandez4555@elevatedynam.com,+1-609-297-4578,"Sydney, Australia",2025-10-17,Active
CUST-04556,Joseph Rodriguez,Stratosphere Analytics,Media & Entertainment,joseph.rodriguez4556@stratosphere.com,+1-573-812-9534,"Boston, MA",2025-07-24,Active
CUST-04557,Joshua Baker,Quantum Digital,Manufacturing & Industrial,joshua.baker4557@quantumdigit.com,+1-711-621-9200,"Chicago, IL",2026-05-09,Active
CUST-04558,Laura Smith,Aegis Digital,SaaS & Cloud Software,laura.smith4558@aegisdigital.com,+1-793-267-1735,"Atlanta, GA",2026-04-17,At-Risk
CUST-04559,Stephanie Diaz,Velocity Innovations,Financial Services & FinTech,stephanie.diaz4559@velocityinno.com,+1-638-473-1668,"New York, NY",2022-11-18,Inactive
CUST-04560,Amy Williams,Acro Capital,Manufacturing & Industrial,amy.williams4560@acrocapital.com,+1-898-860-5937,"Toronto, Canada",2023-12-17,Inactive
CUST-04561,Jeffrey King,CoreTech Enterprises,Manufacturing & Industrial,jeffrey.king4561@coretechente.com,+1-434-460-9479,"New York, NY",2023-12-07,Churned
CUST-04562,Brian Robinson,Stratosphere Global,Professional Services & Consulting,brian.robinson4562@stratosphere.com,+1-492-894-1118,"Berlin, Germany",2024-05-03,Inactive
CUST-04563,Emily Taylor,Elevate Dynamics,Media & Entertainment,emily.taylor4563@elevatedynam.com,+1-727-259-1162,"Austin, TX",2023-02-07,Inactive
CUST-04564,Matthew Davis,Acro Capital,Manufacturing & Industrial,matthew.davis4564@acrocapital.com,+1-600-462-5025,"Berlin, Germany",2023-01-07,At-Risk
CUST-04565,William Ramirez,Meridian Digital,Professional Services & Consulting,william.ramirez4565@meridiandigi.com,+1-840-714-5374,"Sydney, Australia",2025-10-31,Active
CUST-04566,Dorothy Moore,Nexus Capital,Professional Services & Consulting,dorothy.moore4566@nexuscapital.com,+1-802-420-1392,"Sydney, Australia",2023-11-24,Inactive
CUST-04567,Margaret Lopez,Velocity Technologies,Media & Entertainment,margaret.lopez4567@velocitytech.com,+1-581-646-1083,"Berlin, Germany",2025-08-19,At-Risk
CUST-04568,Carol Martinez,Pinnacle Health,SaaS & Cloud Software,carol.martinez4568@pinnacleheal.com,+1-962-570-3604,"San Francisco, CA",2023-03-24,At-Risk
CUST-04569,Anthony Turner,Velocity Technologies,Healthcare & Life Sciences,anthony.turner4569@velocitytech.com,+1-813-874-7589,"London, UK",2021-12-06,Inactive
CUST-04570,Edward Gonzalez,Vanguard Technologies,Healthcare & Life Sciences,edward.gonzalez4570@vanguardtech.com,+1-567-609-6777,"Chicago, IL",2022-08-10,Inactive
CUST-04571,Dorothy Smith,Vanguard Technologies,Media & Entertainment,dorothy.smith4571@vanguardtech.com,+1-859-807-2922,"London, UK",2025-10-08,At-Risk
CUST-04572,Amanda Moore,Nexus Labs,Healthcare & Life Sciences,amanda.moore4572@nexuslabs.com,+1-675-413-3676,"Berlin, Germany",2025-06-15,Active
CUST-04573,Patricia Davis,Hyperion Partners,Professional Services & Consulting,patricia.davis4573@hyperionpart.com,+1-296-771-6347,"Chicago, IL",2023-11-27,At-Risk
CUST-04574,James Johnson,Prism Dynamics,Manufacturing & Industrial,james.johnson4574@prismdynamic.com,+1-881-744-3294,"San Francisco, CA",2024-09-03,Churned
CUST-04575,John Carter,Zenith Partners,Telecommunications,john.carter4575@zenithpartne.com,+1-330-256-5930,"Toronto, Canada",2024-03-14,Churned
CUST-04576,Jessica Gomez,Zenith Technologies,Manufacturing & Industrial,jessica.gomez4576@zenithtechno.com,+1-555-504-9694,"New York, NY",2024-01-21,At-Risk
CUST-04577,Andrew Rivera,Acro Systems,Professional Services & Consulting,andrew.rivera4577@acrosystems.com,+1-975-697-8324,"Atlanta, GA",2025-07-27,At-Risk
CUST-04578,Anthony Nguyen,Solstice Digital,Healthcare & Life Sciences,anthony.nguyen4578@solsticedigi.com,+1-934-537-6364,"Boston, MA",2025-06-30,At-Risk
CUST-04579,Donald King,Quantum Innovations,Financial Services & FinTech,donald.king4579@quantuminnov.com,+1-361-697-3381,"Toronto, Canada",2025-06-10,Inactive
CUST-04580,Matthew Carter,Solstice Partners,Healthcare & Life Sciences,matthew.carter4580@solsticepart.com,+1-482-334-6816,"Denver, CO",2026-02-05,Active
CUST-04581,Richard Allen,Aegis Dynamics,Professional Services & Consulting,richard.allen4581@aegisdynamic.com,+1-863-678-7861,"Seattle, WA",2024-05-04,Inactive
CUST-04582,William Perez,Aegis Health,SaaS & Cloud Software,william.perez4582@aegishealth.com,+1-255-725-3030,"Chicago, IL",2026-04-23,At-Risk
CUST-04583,Jason Campbell,CoreTech Partners,Professional Services & Consulting,jason.campbell4583@coretechpart.com,+1-469-713-8429,"Boston, MA",2023-06-20,Churned
CUST-04584,Deborah Miller,Aura Labs,Professional Services & Consulting,deborah.miller4584@auralabs.com,+1-926-501-9396,"New York, NY",2024-11-07,Churned
CUST-04585,Andrew Nguyen,CoreTech Solutions,Professional Services & Consulting,andrew.nguyen4585@coretechsolu.com,+1-232-722-3231,"Sydney, Australia",2025-09-21,Active
CUST-04586,Steven Jackson,Pinnacle Digital,Retail & E-Commerce,steven.jackson4586@pinnacledigi.com,+1-444-540-1438,"New York, NY",2024-04-01,Inactive
CUST-04587,Jeffrey Diaz,Pinnacle Health,Professional Services & Consulting,jeffrey.diaz4587@pinnacleheal.com,+1-561-815-4446,"Seattle, WA",2024-12-20,At-Risk
CUST-04588,Melissa Parker,Aegis Capital,Financial Services & FinTech,melissa.parker4588@aegiscapital.com,+1-720-337-3499,"New York, NY",2022-04-19,Active
CUST-04589,Laura Lewis,Starlight Innovations,Retail & E-Commerce,laura.lewis4589@starlightinn.com,+1-987-662-9137,"Atlanta, GA",2025-07-09,Active
CUST-04590,Amy Moore,Catalyst Health,Healthcare & Life Sciences,amy.moore4590@catalystheal.com,+1-491-320-3067,"Seattle, WA",2025-07-16,Churned
CUST-04591,Betty Allen,Acro Dynamics,Retail & E-Commerce,betty.allen4591@acrodynamics.com,+1-801-454-8905,"Sydney, Australia",2026-03-22,Active
CUST-04592,Jacob Flores,Nexus Technologies,Media & Entertainment,jacob.flores4592@nexustechnol.com,+1-928-491-6422,"New York, NY",2025-11-24,At-Risk
CUST-04593,George Hill,Prism Capital,Retail & E-Commerce,george.hill4593@prismcapital.com,+1-905-626-8566,"London, UK",2026-02-07,Active
CUST-04594,Dorothy Campbell,Quantum Global,Telecommunications,dorothy.campbell4594@quantumgloba.com,+1-403-894-6585,"Austin, TX",2022-07-31,Inactive
CUST-04595,Rebecca Nelson,Meridian Solutions,Healthcare & Life Sciences,rebecca.nelson4595@meridiansolu.com,+1-573-800-4620,"Seattle, WA",2024-06-29,Active
CUST-04596,Carol Johnson,Synapse Labs,Media & Entertainment,carol.johnson4596@synapselabs.com,+1-658-469-1341,"Denver, CO",2025-08-12,At-Risk
CUST-04597,Edward Martin,Quantum Labs,Healthcare & Life Sciences,edward.martin4597@quantumlabs.com,+1-703-351-8908,"Austin, TX",2025-09-13,Churned
CUST-04598,Ronald White,Stratosphere Labs,Financial Services & FinTech,ronald.white4598@stratosphere.com,+1-577-315-4308,"Boston, MA",2025-10-07,Active
CUST-04599,Kimberly Miller,Meridian Logistics,SaaS & Cloud Software,kimberly.miller4599@meridianlogi.com,+1-548-489-6972,"New York, NY",2024-03-21,Inactive
CUST-04600,Carol Scott,Vanguard Labs,Retail & E-Commerce,carol.scott4600@vanguardlabs.com,+1-565-837-6508,"Seattle, WA",2024-10-01,At-Risk
CUST-04601,George Ramirez,Synapse Solutions,Telecommunications,george.ramirez4601@synapsesolut.com,+1-880-419-4334,"Toronto, Canada",2023-09-24,Inactive
CUST-04602,Melissa Gomez,Aura Analytics,Telecommunications,melissa.gomez4602@auraanalytic.com,+1-722-255-6834,"Denver, CO",2023-12-24,Churned
CUST-04603,James Martin,CoreTech Health,Financial Services & FinTech,james.martin4603@coretechheal.com,+1-715-627-1832,"New York, NY",2025-09-05,Inactive
CUST-04604,Emily Gonzalez,Vertex Analytics,Financial Services & FinTech,emily.gonzalez4604@vertexanalyt.com,+1-538-896-8725,"Seattle, WA",2022-10-19,Inactive
CUST-04605,Michelle Roberts,Synapse Solutions,Media & Entertainment,michelle.roberts4605@synapsesolut.com,+1-438-428-7405,"London, UK",2025-11-11,Churned
CUST-04606,Deborah Williams,Starlight Health,Manufacturing & Industrial,deborah.williams4606@starlighthea.com,+1-885-896-7885,"San Francisco, CA",2025-04-17,Inactive
CUST-04607,John King,Cognitive Capital,Professional Services & Consulting,john.king4607@cognitivecap.com,+1-896-225-2441,"Berlin, Germany",2024-11-12,Churned
CUST-04608,John White,Catalyst Labs,Manufacturing & Industrial,john.white4608@catalystlabs.com,+1-281-295-2769,"London, UK",2024-07-24,Active
CUST-04609,Melissa Turner,Stratosphere Dynamics,SaaS & Cloud Software,melissa.turner4609@stratosphere.com,+1-616-491-1794,"Austin, TX",2024-03-16,Inactive
CUST-04610,John Flores,Zenith Systems,Manufacturing & Industrial,john.flores4610@zenithsystem.com,+1-423-784-8101,"Sydney, Australia",2023-06-03,Active
CUST-04611,Ashley Young,Cognitive Technologies,Healthcare & Life Sciences,ashley.young4611@cognitivetec.com,+1-882-885-4869,"New York, NY",2023-07-25,Inactive
CUST-04612,Laura King,Synapse Logistics,Financial Services & FinTech,laura.king4612@synapselogis.com,+1-746-829-4461,"Toronto, Canada",2025-06-02,Active
CUST-04613,Joshua Jackson,Acro Capital,Financial Services & FinTech,joshua.jackson4613@acrocapital.com,+1-664-642-7622,"Denver, CO",2022-09-20,Inactive
CUST-04614,Ashley Mitchell,Omni Partners,Healthcare & Life Sciences,ashley.mitchell4614@omnipartners.com,+1-209-756-4810,"Sydney, Australia",2023-07-23,At-Risk
CUST-04615,Joshua Allen,Zenith Solutions,Healthcare & Life Sciences,joshua.allen4615@zenithsoluti.com,+1-391-614-8126,"Boston, MA",2024-07-24,Active
CUST-04616,Emily Walker,Omni Dynamics,Telecommunications,emily.walker4616@omnidynamics.com,+1-482-230-5221,"Boston, MA",2023-05-01,At-Risk
CUST-04617,Cynthia Adams,Horizon Systems,Healthcare & Life Sciences,cynthia.adams4617@horizonsyste.com,+1-814-644-7659,"Atlanta, GA",2025-04-02,Churned
CUST-04618,Donald Lewis,Elevate Labs,Professional Services & Consulting,donald.lewis4618@elevatelabs.com,+1-296-899-8772,"Toronto, Canada",2022-10-03,Inactive
CUST-04619,Jeffrey Evans,Prism Enterprises,Healthcare & Life Sciences,jeffrey.evans4619@prismenterpr.com,+1-598-739-8305,"Boston, MA",2025-04-24,Inactive
CUST-04620,Barbara Martin,Omni Global,Manufacturing & Industrial,barbara.martin4620@omniglobal.com,+1-832-542-5084,"London, UK",2023-06-06,Inactive
CUST-04621,Barbara Phillips,Aegis Innovations,Telecommunications,barbara.phillips4621@aegisinnovat.com,+1-519-869-3362,"Denver, CO",2023-03-30,Inactive
CUST-04622,Margaret Flores,Omni Technologies,Healthcare & Life Sciences,margaret.flores4622@omnitechnolo.com,+1-588-797-1182,"Berlin, Germany",2025-06-12,Churned
CUST-04623,Edward Moore,Starlight Health,Telecommunications,edward.moore4623@starlighthea.com,+1-629-883-9509,"Denver, CO",2022-05-19,Active
CUST-04624,David Davis,Aura Capital,Healthcare & Life Sciences,david.davis4624@auracapital.com,+1-791-349-4981,"Austin, TX",2026-03-18,Active
CUST-04625,Sarah Moore,Beacon Capital,Media & Entertainment,sarah.moore4625@beaconcapita.com,+1-391-253-4711,"Austin, TX",2022-09-13,Inactive
CUST-04626,Cynthia Wilson,Vanguard Analytics,Retail & E-Commerce,cynthia.wilson4626@vanguardanal.com,+1-597-891-2053,"New York, NY",2025-12-22,Active
CUST-04627,Anthony Allen,Pinnacle Analytics,Retail & E-Commerce,anthony.allen4627@pinnacleanal.com,+1-734-534-9122,"Sydney, Australia",2025-07-31,At-Risk
CUST-04628,Ashley Brown,Omni Labs,Professional Services & Consulting,ashley.brown4628@omnilabs.com,+1-799-594-6333,"Seattle, WA",2025-09-26,At-Risk
CUST-04629,Laura Nelson,Beacon Logistics,Professional Services & Consulting,laura.nelson4629@beaconlogist.com,+1-715-594-1034,"Atlanta, GA",2025-09-16,At-Risk
CUST-04630,Michael Thompson,Aegis Solutions,Healthcare & Life Sciences,michael.thompson4630@aegissolutio.com,+1-853-690-7952,"Denver, CO",2026-01-22,Active
CUST-04631,Dorothy Green,Omni Health,Retail & E-Commerce,dorothy.green4631@omnihealth.com,+1-625-429-3713,"Chicago, IL",2023-04-18,Active
CUST-04632,Cynthia Williams,Catalyst Global,Financial Services & FinTech,cynthia.williams4632@catalystglob.com,+1-645-563-4160,"Boston, MA",2024-06-19,At-Risk
CUST-04633,Steven Phillips,Omni Dynamics,SaaS & Cloud Software,steven.phillips4633@omnidynamics.com,+1-499-354-2438,"New York, NY",2025-07-06,Churned
CUST-04634,Sharon Lewis,Omni Analytics,Financial Services & FinTech,sharon.lewis4634@omnianalytic.com,+1-341-251-5088,"Seattle, WA",2023-10-10,Inactive
CUST-04635,Michelle Garcia,Velocity Health,Financial Services & FinTech,michelle.garcia4635@velocityheal.com,+1-741-555-1355,"London, UK",2024-02-27,At-Risk
CUST-04636,Carol Clark,Catalyst Logistics,Financial Services & FinTech,carol.clark4636@catalystlogi.com,+1-430-524-9967,"Chicago, IL",2025-01-04,Inactive
CUST-04637,Kenneth Brown,Horizon Solutions,Retail & E-Commerce,kenneth.brown4637@horizonsolut.com,+1-391-390-9203,"Chicago, IL",2024-12-19,At-Risk
CUST-04638,Jacob Ramirez,Pinnacle Digital,Manufacturing & Industrial,jacob.ramirez4638@pinnacledigi.com,+1-702-887-1780,"Austin, TX",2026-04-15,Active
CUST-04639,Kimberly Rodriguez,Stratosphere Systems,Financial Services & FinTech,kimberly.rodriguez4639@stratosphere.com,+1-612-241-9280,"New York, NY",2025-09-13,Churned
CUST-04640,Elizabeth Mitchell,Meridian Technologies,SaaS & Cloud Software,elizabeth.mitchell4640@meridiantech.com,+1-355-329-2335,"Seattle, WA",2024-11-19,Churned
CUST-04641,Paul Thompson,Acro Partners,Retail & E-Commerce,paul.thompson4641@acropartners.com,+1-986-616-6928,"London, UK",2025-08-07,Inactive
CUST-04642,Robert Perez,Hyperion Analytics,SaaS & Cloud Software,robert.perez4642@hyperionanal.com,+1-385-559-8032,"Sydney, Australia",2023-04-20,Inactive
CUST-04643,Richard Davis,Prism Systems,Professional Services & Consulting,richard.davis4643@prismsystems.com,+1-399-245-6113,"Toronto, Canada",2023-04-10,Inactive
CUST-04644,James Green,Meridian Analytics,Professional Services & Consulting,james.green4644@meridiananal.com,+1-427-241-8014,"San Francisco, CA",2024-06-09,Active
CUST-04645,Elizabeth Smith,Elevate Labs,Healthcare & Life Sciences,elizabeth.smith4645@elevatelabs.com,+1-312-611-8467,"Austin, TX",2023-12-02,Churned
CUST-04646,Andrew Perez,Stratosphere Partners,Media & Entertainment,andrew.perez4646@stratosphere.com,+1-490-657-4919,"San Francisco, CA",2023-07-18,Churned
CUST-04647,Karen Williams,Prism Systems,Financial Services & FinTech,karen.williams4647@prismsystems.com,+1-330-654-5620,"London, UK",2025-10-12,Active
CUST-04648,Ashley Phillips,Vertex Dynamics,Telecommunications,ashley.phillips4648@vertexdynami.com,+1-622-559-7523,"Denver, CO",2022-11-25,Inactive
CUST-04649,Jennifer Lopez,Vanguard Systems,Telecommunications,jennifer.lopez4649@vanguardsyst.com,+1-624-564-6566,"San Francisco, CA",2025-03-25,Inactive
CUST-04650,Robert Clark,Starlight Dynamics,Retail & E-Commerce,robert.clark4650@starlightdyn.com,+1-534-539-6543,"Atlanta, GA",2024-11-11,Active
CUST-04651,Karen Clark,Acro Dynamics,SaaS & Cloud Software,karen.clark4651@acrodynamics.com,+1-448-614-8750,"Berlin, Germany",2022-09-10,Inactive
CUST-04652,Linda Martinez,Acro Digital,Professional Services & Consulting,linda.martinez4652@acrodigital.com,+1-208-207-6836,"San Francisco, CA",2023-10-04,Churned
CUST-04653,Sharon Scott,Meridian Technologies,Telecommunications,sharon.scott4653@meridiantech.com,+1-203-526-8575,"London, UK",2023-01-05,At-Risk
CUST-04654,Elizabeth Roberts,Vertex Dynamics,Financial Services & FinTech,elizabeth.roberts4654@vertexdynami.com,+1-736-293-7276,"Sydney, Australia",2024-07-02,Churned
CUST-04655,Ryan Parker,Zenith Health,Manufacturing & Industrial,ryan.parker4655@zenithhealth.com,+1-447-573-4074,"Austin, TX",2024-05-11,Active
CUST-04656,Sandra Carter,Zenith Systems,SaaS & Cloud Software,sandra.carter4656@zenithsystem.com,+1-580-479-9679,"Berlin, Germany",2022-04-05,Inactive
CUST-04657,Andrew Campbell,Cognitive Digital,Professional Services & Consulting,andrew.campbell4657@cognitivedig.com,+1-629-538-8750,"San Francisco, CA",2024-08-01,Churned
CUST-04658,Linda Lewis,Cognitive Enterprises,Manufacturing & Industrial,linda.lewis4658@cognitiveent.com,+1-311-740-4722,"Austin, TX",2026-06-20,Active
CUST-04659,John Martinez,Omni Dynamics,Telecommunications,john.martinez4659@omnidynamics.com,+1-472-622-9656,"Berlin, Germany",2024-10-13,Active
CUST-04660,Kevin Green,Aura Innovations,Financial Services & FinTech,kevin.green4660@aurainnovati.com,+1-226-346-1565,"London, UK",2024-11-12,Churned
CUST-04661,Joshua Jones,Starlight Logistics,Financial Services & FinTech,joshua.jones4661@starlightlog.com,+1-928-512-9919,"Seattle, WA",2025-12-24,Active
CUST-04662,John Roberts,Aegis Solutions,SaaS & Cloud Software,john.roberts4662@aegissolutio.com,+1-427-394-5660,"London, UK",2025-12-13,Active
CUST-04663,Ronald Roberts,Catalyst Digital,Manufacturing & Industrial,ronald.roberts4663@catalystdigi.com,+1-627-407-4901,"Chicago, IL",2024-04-22,Inactive
CUST-04664,James Lee,Meridian Digital,Professional Services & Consulting,james.lee4664@meridiandigi.com,+1-510-398-8626,"Sydney, Australia",2023-10-04,Churned
CUST-04665,Michael Smith,Cognitive Partners,Retail & E-Commerce,michael.smith4665@cognitivepar.com,+1-616-469-4822,"San Francisco, CA",2025-05-15,Churned
CUST-04666,Laura Lewis,Nexus Logistics,Healthcare & Life Sciences,laura.lewis4666@nexuslogisti.com,+1-674-210-5416,"San Francisco, CA",2024-04-11,Churned
CUST-04667,Jeffrey Brown,Quantum Partners,Healthcare & Life Sciences,jeffrey.brown4667@quantumpartn.com,+1-921-837-3779,"Seattle, WA",2025-04-16,Active
CUST-04668,Mark Parker,Stratosphere Logistics,Media & Entertainment,mark.parker4668@stratosphere.com,+1-660-857-9832,"San Francisco, CA",2023-06-05,Churned
CUST-04669,Melissa Harris,Solstice Solutions,Media & Entertainment,melissa.harris4669@solsticesolu.com,+1-820-655-7143,"Denver, CO",2025-12-14,At-Risk
CUST-04670,John Thompson,Elevate Solutions,Media & Entertainment,john.thompson4670@elevatesolut.com,+1-443-776-4915,"Sydney, Australia",2025-12-06,At-Risk
CUST-04671,Patricia Carter,Zenith Solutions,SaaS & Cloud Software,patricia.carter4671@zenithsoluti.com,+1-556-571-2375,"Berlin, Germany",2025-01-21,Inactive
CUST-04672,Edward Hill,Starlight Capital,Manufacturing & Industrial,edward.hill4672@starlightcap.com,+1-935-866-2206,"Chicago, IL",2023-05-29,Inactive
CUST-04673,Gary Nguyen,Stratosphere Global,Retail & E-Commerce,gary.nguyen4673@stratosphere.com,+1-712-228-9505,"Berlin, Germany",2025-04-14,Churned
CUST-04674,Steven Campbell,Prism Technologies,Telecommunications,steven.campbell4674@prismtechnol.com,+1-922-844-5849,"Seattle, WA",2022-06-23,Active
CUST-04675,Amanda Evans,Hyperion Digital,Professional Services & Consulting,amanda.evans4675@hyperiondigi.com,+1-408-577-8652,"London, UK",2023-04-02,Inactive
CUST-04676,Robert Nelson,Meridian Partners,Telecommunications,robert.nelson4676@meridianpart.com,+1-207-790-5275,"Seattle, WA",2024-12-29,Inactive
CUST-04677,Ronald Lopez,Apex Analytics,Professional Services & Consulting,ronald.lopez4677@apexanalytic.com,+1-351-868-3986,"Denver, CO",2023-05-22,Active
CUST-04678,Laura Davis,Cognitive Logistics,Healthcare & Life Sciences,laura.davis4678@cognitivelog.com,+1-227-331-7275,"Denver, CO",2023-05-24,Inactive
CUST-04679,David Davis,Horizon Global,SaaS & Cloud Software,david.davis4679@horizongloba.com,+1-321-227-4609,"Sydney, Australia",2026-02-22,Active
CUST-04680,Sharon Turner,Apex Health,Financial Services & FinTech,sharon.turner4680@apexhealth.com,+1-486-785-1057,"London, UK",2026-06-16,Active
CUST-04681,David Adams,Acro Technologies,SaaS & Cloud Software,david.adams4681@acrotechnolo.com,+1-340-711-7655,"Chicago, IL",2024-10-07,Inactive
CUST-04682,Nancy King,Apex Innovations,Media & Entertainment,nancy.king4682@apexinnovati.com,+1-703-707-1815,"Atlanta, GA",2025-08-14,Inactive
CUST-04683,William Moore,Aura Health,Media & Entertainment,william.moore4683@aurahealth.com,+1-915-594-9298,"Austin, TX",2025-12-14,Inactive
CUST-04684,Thomas Miller,Quantum Health,Professional Services & Consulting,thomas.miller4684@quantumhealt.com,+1-864-871-7573,"Denver, CO",2023-04-17,At-Risk
CUST-04685,Donna Ramirez,Apex Analytics,Media & Entertainment,donna.ramirez4685@apexanalytic.com,+1-851-525-6931,"Chicago, IL",2025-12-10,Churned
CUST-04686,Deborah Hall,Cognitive Logistics,Financial Services & FinTech,deborah.hall4686@cognitivelog.com,+1-372-352-1604,"London, UK",2025-11-27,At-Risk
CUST-04687,Amanda Parker,Quantum Systems,Professional Services & Consulting,amanda.parker4687@quantumsyste.com,+1-446-782-8529,"Denver, CO",2024-01-06,At-Risk
CUST-04688,Andrew Campbell,Solstice Labs,Healthcare & Life Sciences,andrew.campbell4688@solsticelabs.com,+1-246-249-9126,"Seattle, WA",2025-03-05,At-Risk
CUST-04689,Amanda Miller,Pinnacle Analytics,Retail & E-Commerce,amanda.miller4689@pinnacleanal.com,+1-738-626-8747,"Sydney, Australia",2025-07-25,Active
CUST-04690,Matthew White,Horizon Solutions,Healthcare & Life Sciences,matthew.white4690@horizonsolut.com,+1-316-701-9136,"Sydney, Australia",2023-11-03,Inactive
CUST-04691,Dorothy Allen,Acro Enterprises,Media & Entertainment,dorothy.allen4691@acroenterpri.com,+1-822-444-7124,"Atlanta, GA",2022-08-19,Inactive
CUST-04692,Kevin Adams,Horizon Enterprises,Manufacturing & Industrial,kevin.adams4692@horizonenter.com,+1-441-581-7334,"Toronto, Canada",2025-01-08,Active
CUST-04693,Jacob Carter,Quantum Dynamics,Professional Services & Consulting,jacob.carter4693@quantumdynam.com,+1-237-282-4279,"Austin, TX",2023-06-05,At-Risk
CUST-04694,Linda Hall,Beacon Enterprises,Telecommunications,linda.hall4694@beaconenterp.com,+1-792-326-3436,"Berlin, Germany",2025-11-30,At-Risk
CUST-04695,Edward Phillips,Meridian Solutions,Financial Services & FinTech,edward.phillips4695@meridiansolu.com,+1-631-799-4099,"London, UK",2026-03-17,Active
CUST-04696,Anthony White,Vanguard Logistics,SaaS & Cloud Software,anthony.white4696@vanguardlogi.com,+1-843-278-5019,"Chicago, IL",2023-09-25,Inactive
CUST-04697,Kathleen Scott,Stratosphere Technologies,Professional Services & Consulting,kathleen.scott4697@stratosphere.com,+1-603-743-3172,"Berlin, Germany",2025-10-17,Active
CUST-04698,Kathleen White,Vanguard Systems,Professional Services & Consulting,kathleen.white4698@vanguardsyst.com,+1-383-633-3812,"Seattle, WA",2025-10-17,At-Risk
CUST-04699,Michael Rodriguez,Elevate Logistics,Retail & E-Commerce,michael.rodriguez4699@elevatelogis.com,+1-703-459-8865,"Toronto, Canada",2023-01-12,At-Risk
CUST-04700,Jessica Davis,Synapse Capital,Healthcare & Life Sciences,jessica.davis4700@synapsecapit.com,+1-806-880-4227,"Denver, CO",2025-08-11,Inactive
CUST-04701,Emily Mitchell,Catalyst Solutions,Media & Entertainment,emily.mitchell4701@catalystsolu.com,+1-785-369-3089,"Chicago, IL",2025-06-09,Inactive
CUST-04702,Sarah Nguyen,Vanguard Solutions,Media & Entertainment,sarah.nguyen4702@vanguardsolu.com,+1-672-722-8069,"Berlin, Germany",2023-03-25,Active
CUST-04703,Kevin Smith,Vanguard Health,Retail & E-Commerce,kevin.smith4703@vanguardheal.com,+1-939-649-7119,"Berlin, Germany",2025-08-07,Active
CUST-04704,Linda Lee,Aegis Analytics,Media & Entertainment,linda.lee4704@aegisanalyti.com,+1-695-776-2292,"Sydney, Australia",2025-08-07,At-Risk
CUST-04705,Ryan Martin,Stratosphere Solutions,Healthcare & Life Sciences,ryan.martin4705@stratosphere.com,+1-509-416-5944,"Berlin, Germany",2023-02-08,Inactive
CUST-04706,Kenneth Wilson,Catalyst Systems,Financial Services & FinTech,kenneth.wilson4706@catalystsyst.com,+1-907-538-9109,"San Francisco, CA",2023-04-22,Inactive
CUST-04707,Amanda Williams,Cognitive Dynamics,Media & Entertainment,amanda.williams4707@cognitivedyn.com,+1-252-833-5451,"Austin, TX",2025-03-13,Churned
CUST-04708,John Campbell,Stratosphere Global,Professional Services & Consulting,john.campbell4708@stratosphere.com,+1-860-560-7843,"Atlanta, GA",2022-11-28,Active
CUST-04709,Lisa Flores,Omni Systems,Manufacturing & Industrial,lisa.flores4709@omnisystems.com,+1-303-616-9779,"London, UK",2023-07-20,Churned
CUST-04710,Edward Evans,Acro Technologies,Professional Services & Consulting,edward.evans4710@acrotechnolo.com,+1-217-609-5460,"Seattle, WA",2026-06-18,Active
CUST-04711,Sandra Roberts,Cognitive Logistics,Retail & E-Commerce,sandra.roberts4711@cognitivelog.com,+1-309-261-2105,"Boston, MA",2024-08-03,At-Risk
CUST-04712,Robert Martin,Hyperion Partners,Media & Entertainment,robert.martin4712@hyperionpart.com,+1-808-685-5267,"Sydney, Australia",2026-05-04,Active
CUST-04713,Matthew Thompson,Omni Partners,Healthcare & Life Sciences,matthew.thompson4713@omnipartners.com,+1-202-309-9594,"San Francisco, CA",2025-07-06,Inactive
CUST-04714,Elizabeth Allen,Horizon Logistics,Telecommunications,elizabeth.allen4714@horizonlogis.com,+1-838-856-2861,"London, UK",2025-02-09,Churned
CUST-04715,Betty Martinez,Starlight Partners,Manufacturing & Industrial,betty.martinez4715@starlightpar.com,+1-660-528-4442,"Seattle, WA",2026-03-20,Active
CUST-04716,Donna Gomez,Solstice Logistics,Financial Services & FinTech,donna.gomez4716@solsticelogi.com,+1-292-532-9183,"San Francisco, CA",2026-02-27,At-Risk
CUST-04717,John Diaz,Stratosphere Enterprises,Media & Entertainment,john.diaz4717@stratosphere.com,+1-606-254-2515,"Seattle, WA",2025-06-28,Inactive
CUST-04718,Timothy Jackson,Aura Dynamics,Telecommunications,timothy.jackson4718@auradynamics.com,+1-510-542-6297,"Austin, TX",2023-05-07,Inactive
CUST-04719,Andrew Clark,Synapse Technologies,Healthcare & Life Sciences,andrew.clark4719@synapsetechn.com,+1-437-549-5106,"San Francisco, CA",2026-04-10,At-Risk
CUST-04720,Deborah Flores,Zenith Digital,Healthcare & Life Sciences,deborah.flores4720@zenithdigita.com,+1-880-455-5661,"Austin, TX",2025-04-06,Inactive
CUST-04721,James Young,Vertex Labs,Media & Entertainment,james.young4721@vertexlabs.com,+1-883-502-4753,"Chicago, IL",2026-05-03,At-Risk
CUST-04722,Kimberly Harris,Beacon Technologies,Professional Services & Consulting,kimberly.harris4722@beacontechno.com,+1-684-250-1829,"Boston, MA",2022-05-04,Active
CUST-04723,Rebecca Brown,Vanguard Health,Financial Services & FinTech,rebecca.brown4723@vanguardheal.com,+1-653-791-6856,"New York, NY",2024-02-02,Inactive
CUST-04724,Susan Sanchez,Stratosphere Innovations,Healthcare & Life Sciences,susan.sanchez4724@stratosphere.com,+1-466-847-2399,"San Francisco, CA",2024-05-13,At-Risk
CUST-04725,Daniel Smith,Synapse Dynamics,Retail & E-Commerce,daniel.smith4725@synapsedynam.com,+1-310-699-6537,"Berlin, Germany",2025-04-14,At-Risk
CUST-04726,Stephanie Jones,Beacon Capital,SaaS & Cloud Software,stephanie.jones4726@beaconcapita.com,+1-546-646-5146,"London, UK",2022-03-14,At-Risk
CUST-04727,William King,CoreTech Innovations,Retail & E-Commerce,william.king4727@coretechinno.com,+1-397-423-4228,"San Francisco, CA",2025-06-03,Inactive
CUST-04728,Sharon Sanchez,Catalyst Digital,SaaS & Cloud Software,sharon.sanchez4728@catalystdigi.com,+1-731-548-2103,"Austin, TX",2024-06-25,Churned
CUST-04729,Kevin Ramirez,Zenith Labs,Professional Services & Consulting,kevin.ramirez4729@zenithlabs.com,+1-320-649-2620,"Toronto, Canada",2024-03-27,Churned
CUST-04730,Melissa Campbell,Meridian Capital,Healthcare & Life Sciences,melissa.campbell4730@meridiancapi.com,+1-261-537-3911,"London, UK",2025-10-26,Active
CUST-04731,Joshua Nguyen,Synapse Dynamics,Financial Services & FinTech,joshua.nguyen4731@synapsedynam.com,+1-319-858-2681,"London, UK",2023-08-11,Inactive
CUST-04732,Andrew Hernandez,Cognitive Health,Retail & E-Commerce,andrew.hernandez4732@cognitivehea.com,+1-316-497-2804,"Toronto, Canada",2024-09-13,Inactive
CUST-04733,Andrew Smith,Starlight Solutions,Manufacturing & Industrial,andrew.smith4733@starlightsol.com,+1-571-606-4105,"Toronto, Canada",2025-10-15,Churned
CUST-04734,Jessica Jackson,Synapse Global,Professional Services & Consulting,jessica.jackson4734@synapsegloba.com,+1-206-323-3658,"Austin, TX",2022-09-18,Inactive
CUST-04735,Patricia Miller,Acro Enterprises,SaaS & Cloud Software,patricia.miller4735@acroenterpri.com,+1-253-834-9291,"Austin, TX",2023-10-20,At-Risk
CUST-04736,Joshua Hall,Prism Global,Telecommunications,joshua.hall4736@prismglobal.com,+1-573-839-5870,"Denver, CO",2025-06-06,Active
CUST-04737,Elizabeth Hall,Horizon Dynamics,Media & Entertainment,elizabeth.hall4737@horizondynam.com,+1-815-327-5051,"Austin, TX",2025-12-04,Inactive
CUST-04738,Deborah Robinson,Aura Innovations,Financial Services & FinTech,deborah.robinson4738@aurainnovati.com,+1-520-479-3027,"Denver, CO",2026-03-04,At-Risk
CUST-04739,Kenneth Gonzalez,Hyperion Digital,Financial Services & FinTech,kenneth.gonzalez4739@hyperiondigi.com,+1-871-226-2558,"Toronto, Canada",2023-10-23,Inactive
CUST-04740,Richard Gonzalez,Nexus Capital,Professional Services & Consulting,richard.gonzalez4740@nexuscapital.com,+1-423-304-6886,"Austin, TX",2026-05-23,Active
CUST-04741,Stephanie Turner,Horizon Labs,Healthcare & Life Sciences,stephanie.turner4741@horizonlabs.com,+1-497-387-9898,"Chicago, IL",2023-09-20,Churned
CUST-04742,Steven Rivera,Apex Digital,Healthcare & Life Sciences,steven.rivera4742@apexdigital.com,+1-944-457-7464,"Austin, TX",2025-04-26,At-Risk
CUST-04743,Daniel Sanchez,Meridian Partners,Financial Services & FinTech,daniel.sanchez4743@meridianpart.com,+1-449-361-1164,"Berlin, Germany",2024-05-25,Active
CUST-04744,Sarah Lee,Vanguard Partners,Retail & E-Commerce,sarah.lee4744@vanguardpart.com,+1-448-749-7945,"Austin, TX",2024-02-10,Inactive
CUST-04745,Jeffrey Phillips,Nexus Partners,Media & Entertainment,jeffrey.phillips4745@nexuspartner.com,+1-595-230-6094,"Atlanta, GA",2022-11-12,At-Risk
CUST-04746,Sarah Flores,CoreTech Systems,Media & Entertainment,sarah.flores4746@coretechsyst.com,+1-924-636-7473,"Berlin, Germany",2024-07-16,Active
CUST-04747,Jacob Martin,Nexus Capital,Media & Entertainment,jacob.martin4747@nexuscapital.com,+1-338-276-1650,"Atlanta, GA",2024-07-14,Active
CUST-04748,Laura Adams,Aegis Dynamics,Retail & E-Commerce,laura.adams4748@aegisdynamic.com,+1-254-220-4950,"Sydney, Australia",2025-01-22,Active
CUST-04749,Betty Hall,Nexus Labs,Professional Services & Consulting,betty.hall4749@nexuslabs.com,+1-220-889-9078,"San Francisco, CA",2024-07-06,Active
CUST-04750,Charles Jackson,Acro Labs,Healthcare & Life Sciences,charles.jackson4750@acrolabs.com,+1-484-387-8082,"Seattle, WA",2024-04-07,Churned
CUST-04751,Brian Jackson,Vertex Global,Manufacturing & Industrial,brian.jackson4751@vertexglobal.com,+1-383-697-8117,"London, UK",2025-07-09,Active
CUST-04752,Sandra Nguyen,Horizon Innovations,Healthcare & Life Sciences,sandra.nguyen4752@horizoninnov.com,+1-769-873-2694,"Chicago, IL",2024-02-06,Active
CUST-04753,Nancy Gomez,Solstice Health,Manufacturing & Industrial,nancy.gomez4753@solsticeheal.com,+1-864-396-3726,"Denver, CO",2026-03-30,At-Risk
CUST-04754,Ryan Scott,Velocity Global,SaaS & Cloud Software,ryan.scott4754@velocityglob.com,+1-956-240-5492,"Atlanta, GA",2026-03-04,Active
CUST-04755,Lisa Adams,Vanguard Innovations,Media & Entertainment,lisa.adams4755@vanguardinno.com,+1-437-280-9537,"Berlin, Germany",2024-05-03,Inactive
CUST-04756,Melissa Nguyen,Vanguard Solutions,Financial Services & FinTech,melissa.nguyen4756@vanguardsolu.com,+1-637-898-4065,"Sydney, Australia",2025-07-31,Inactive
CUST-04757,William Adams,Stratosphere Innovations,Manufacturing & Industrial,william.adams4757@stratosphere.com,+1-925-678-1934,"Boston, MA",2024-12-07,Inactive
CUST-04758,Brian Smith,Meridian Partners,SaaS & Cloud Software,brian.smith4758@meridianpart.com,+1-691-583-1100,"Atlanta, GA",2023-07-06,Churned
CUST-04759,Joshua Torres,Prism Logistics,Telecommunications,joshua.torres4759@prismlogisti.com,+1-555-667-7191,"Chicago, IL",2023-08-17,Active
CUST-04760,Rebecca Rivera,Pinnacle Dynamics,Financial Services & FinTech,rebecca.rivera4760@pinnacledyna.com,+1-760-211-6330,"Chicago, IL",2024-02-23,Inactive
CUST-04761,Amanda Jones,Elevate Labs,Retail & E-Commerce,amanda.jones4761@elevatelabs.com,+1-487-567-5553,"Toronto, Canada",2025-09-27,Active
CUST-04762,Nancy Hernandez,Catalyst Health,Professional Services & Consulting,nancy.hernandez4762@catalystheal.com,+1-304-400-4095,"Seattle, WA",2022-10-23,Inactive
CUST-04763,John Mitchell,Aegis Health,Financial Services & FinTech,john.mitchell4763@aegishealth.com,+1-502-298-7774,"Seattle, WA",2023-12-08,Churned
CUST-04764,Anthony Nelson,Zenith Innovations,Financial Services & FinTech,anthony.nelson4764@zenithinnova.com,+1-921-301-1424,"Sydney, Australia",2023-06-07,Active
CUST-04765,Timothy Young,Prism Innovations,Financial Services & FinTech,timothy.young4765@prisminnovat.com,+1-436-639-4758,"Berlin, Germany",2026-03-11,Active
CUST-04766,Stephanie Carter,Catalyst Digital,SaaS & Cloud Software,stephanie.carter4766@catalystdigi.com,+1-952-231-5125,"Seattle, WA",2024-01-27,Inactive
CUST-04767,David Young,Vanguard Analytics,Healthcare & Life Sciences,david.young4767@vanguardanal.com,+1-443-467-3200,"Austin, TX",2024-04-12,Inactive
CUST-04768,Rebecca Parker,Zenith Analytics,Media & Entertainment,rebecca.parker4768@zenithanalyt.com,+1-927-403-3826,"New York, NY",2023-09-23,At-Risk
CUST-04769,Betty Green,Horizon Solutions,Healthcare & Life Sciences,betty.green4769@horizonsolut.com,+1-283-651-2034,"Toronto, Canada",2024-02-09,Churned
CUST-04770,Sandra Thompson,Prism Logistics,Media & Entertainment,sandra.thompson4770@prismlogisti.com,+1-899-527-3277,"Sydney, Australia",2022-08-09,Inactive
CUST-04771,Jessica Jones,Synapse Analytics,Professional Services & Consulting,jessica.jones4771@synapseanaly.com,+1-634-450-9159,"London, UK",2022-10-26,Active
CUST-04772,Betty Jones,Vertex Enterprises,Manufacturing & Industrial,betty.jones4772@vertexenterp.com,+1-308-216-9766,"Chicago, IL",2025-11-05,At-Risk
CUST-04773,Stephanie Hernandez,Vanguard Technologies,Telecommunications,stephanie.hernandez4773@vanguardtech.com,+1-986-542-5250,"Sydney, Australia",2022-09-12,Inactive
CUST-04774,Patricia Johnson,Vanguard Partners,Financial Services & FinTech,patricia.johnson4774@vanguardpart.com,+1-220-449-7840,"Toronto, Canada",2024-05-16,Churned
CUST-04775,Joshua Scott,Catalyst Digital,Financial Services & FinTech,joshua.scott4775@catalystdigi.com,+1-239-245-3113,"Berlin, Germany",2024-02-12,At-Risk
CUST-04776,David Allen,Hyperion Enterprises,Financial Services & FinTech,david.allen4776@hyperionente.com,+1-459-224-9912,"Sydney, Australia",2024-06-05,Churned
CUST-04777,Barbara Lewis,Nexus Dynamics,Retail & E-Commerce,barbara.lewis4777@nexusdynamic.com,+1-265-634-8710,"Denver, CO",2025-09-05,Active
CUST-04778,Laura Adams,Velocity Systems,Healthcare & Life Sciences,laura.adams4778@velocitysyst.com,+1-489-781-8835,"San Francisco, CA",2025-05-13,At-Risk
CUST-04779,Mary Wilson,Aura Dynamics,SaaS & Cloud Software,mary.wilson4779@auradynamics.com,+1-393-859-6101,"Boston, MA",2024-09-23,Inactive
CUST-04780,Amy Taylor,Stratosphere Digital,Manufacturing & Industrial,amy.taylor4780@stratosphere.com,+1-513-332-2711,"Boston, MA",2022-08-31,Inactive
CUST-04781,Jennifer Clark,Catalyst Solutions,SaaS & Cloud Software,jennifer.clark4781@catalystsolu.com,+1-502-604-1031,"New York, NY",2023-07-13,Inactive
CUST-04782,David Smith,Velocity Enterprises,Financial Services & FinTech,david.smith4782@velocityente.com,+1-325-440-6508,"Chicago, IL",2024-07-07,At-Risk
CUST-04783,George Perez,CoreTech Analytics,Retail & E-Commerce,george.perez4783@coretechanal.com,+1-249-683-3404,"Austin, TX",2025-10-11,Active
CUST-04784,Thomas Baker,Vanguard Health,Professional Services & Consulting,thomas.baker4784@vanguardheal.com,+1-974-675-3137,"Denver, CO",2022-12-11,At-Risk
CUST-04785,William Young,Beacon Labs,Financial Services & FinTech,william.young4785@beaconlabs.com,+1-736-814-9139,"Sydney, Australia",2024-12-10,At-Risk
CUST-04786,Ryan Young,Pinnacle Analytics,Media & Entertainment,ryan.young4786@pinnacleanal.com,+1-266-422-9193,"Seattle, WA",2026-05-22,Active
CUST-04787,Kathleen Robinson,Aura Solutions,Healthcare & Life Sciences,kathleen.robinson4787@aurasolution.com,+1-822-749-2376,"Chicago, IL",2023-06-26,Inactive
CUST-04788,Mark Flores,Acro Logistics,Healthcare & Life Sciences,mark.flores4788@acrologistic.com,+1-485-718-8807,"New York, NY",2024-08-29,Inactive
CUST-04789,Mark Williams,Omni Innovations,Financial Services & FinTech,mark.williams4789@omniinnovati.com,+1-459-526-6596,"London, UK",2025-09-25,At-Risk
CUST-04790,Timothy Allen,Vertex Logistics,Media & Entertainment,timothy.allen4790@vertexlogist.com,+1-429-487-2859,"Sydney, Australia",2026-04-12,Active
CUST-04791,Patricia Young,Cognitive Logistics,Telecommunications,patricia.young4791@cognitivelog.com,+1-946-893-1656,"Boston, MA",2025-04-27,Active
CUST-04792,Ashley Green,Velocity Labs,Financial Services & FinTech,ashley.green4792@velocitylabs.com,+1-697-526-9355,"Seattle, WA",2024-10-21,Inactive
CUST-04793,Kevin Flores,Stratosphere Health,Financial Services & FinTech,kevin.flores4793@stratosphere.com,+1-853-533-4906,"Toronto, Canada",2025-04-22,Active
CUST-04794,Ronald Campbell,Hyperion Technologies,Professional Services & Consulting,ronald.campbell4794@hyperiontech.com,+1-514-815-4132,"Boston, MA",2026-01-08,At-Risk
CUST-04795,Donald Nguyen,Synapse Analytics,Financial Services & FinTech,donald.nguyen4795@synapseanaly.com,+1-778-523-5123,"Berlin, Germany",2022-10-24,Inactive
CUST-04796,Patricia Clark,Vanguard Capital,Professional Services & Consulting,patricia.clark4796@vanguardcapi.com,+1-668-208-3298,"Denver, CO",2024-07-20,At-Risk
CUST-04797,Michael Mitchell,Acro Logistics,Financial Services & FinTech,michael.mitchell4797@acrologistic.com,+1-402-669-5572,"Seattle, WA",2024-12-08,Active
CUST-04798,Lisa Brown,Aura Innovations,Professional Services & Consulting,lisa.brown4798@aurainnovati.com,+1-865-556-6514,"Berlin, Germany",2025-07-09,Churned
CUST-04799,Mark Baker,Aegis Enterprises,Retail & E-Commerce,mark.baker4799@aegisenterpr.com,+1-661-728-7769,"New York, NY",2024-06-12,Active
CUST-04800,Ryan Robinson,Zenith Capital,Healthcare & Life Sciences,ryan.robinson4800@zenithcapita.com,+1-933-338-2734,"Berlin, Germany",2026-01-13,Active
CUST-04801,John Mitchell,Nexus Analytics,Healthcare & Life Sciences,john.mitchell4801@nexusanalyti.com,+1-883-209-5542,"Berlin, Germany",2021-10-06,Active
CUST-04802,Robert Roberts,Starlight Health,Retail & E-Commerce,robert.roberts4802@starlighthea.com,+1-979-269-3044,"Atlanta, GA",2022-08-04,Inactive
CUST-04803,Daniel Jackson,Beacon Solutions,Media & Entertainment,daniel.jackson4803@beaconsoluti.com,+1-885-703-9805,"Seattle, WA",2023-02-26,Inactive
CUST-04804,Mary Moore,Quantum Technologies,Retail & E-Commerce,mary.moore4804@quantumtechn.com,+1-638-618-8921,"Toronto, Canada",2022-07-12,Inactive
CUST-04805,William King,Pinnacle Enterprises,Retail & E-Commerce,william.king4805@pinnacleente.com,+1-644-329-5789,"Austin, TX",2025-10-17,Churned
CUST-04806,Joshua Evans,Meridian Technologies,Retail & E-Commerce,joshua.evans4806@meridiantech.com,+1-762-624-8700,"London, UK",2025-09-12,Active
CUST-04807,William Davis,Apex Solutions,Media & Entertainment,william.davis4807@apexsolution.com,+1-215-436-4968,"Atlanta, GA",2022-12-07,Active
CUST-04808,Christopher Lee,Acro Labs,SaaS & Cloud Software,christopher.lee4808@acrolabs.com,+1-493-875-5812,"Sydney, Australia",2023-12-28,Inactive
CUST-04809,Mark Gomez,Starlight Technologies,Media & Entertainment,mark.gomez4809@starlighttec.com,+1-338-515-7163,"Chicago, IL",2025-07-18,At-Risk
CUST-04810,Jason Roberts,Solstice Health,Media & Entertainment,jason.roberts4810@solsticeheal.com,+1-463-815-1980,"Berlin, Germany",2023-03-08,Inactive
CUST-04811,Betty Green,Starlight Technologies,Retail & E-Commerce,betty.green4811@starlighttec.com,+1-726-303-8602,"Chicago, IL",2024-11-19,At-Risk
CUST-04812,Jeffrey Flores,Elevate Digital,Healthcare & Life Sciences,jeffrey.flores4812@elevatedigit.com,+1-614-787-3635,"Boston, MA",2023-01-17,Inactive
CUST-04813,Andrew Robinson,Apex Enterprises,Financial Services & FinTech,andrew.robinson4813@apexenterpri.com,+1-897-396-1969,"San Francisco, CA",2021-12-31,Active
CUST-04814,Barbara Allen,Pinnacle Labs,Retail & E-Commerce,barbara.allen4814@pinnaclelabs.com,+1-340-453-2371,"Chicago, IL",2026-01-21,Active
CUST-04815,Dorothy Thompson,Zenith Global,Professional Services & Consulting,dorothy.thompson4815@zenithglobal.com,+1-723-327-3720,"San Francisco, CA",2024-10-21,Churned
CUST-04816,Cynthia White,Elevate Solutions,Media & Entertainment,cynthia.white4816@elevatesolut.com,+1-223-451-5443,"New York, NY",2026-05-30,Active
CUST-04817,Donald Carter,Acro Enterprises,Manufacturing & Industrial,donald.carter4817@acroenterpri.com,+1-359-562-7247,"Sydney, Australia",2023-03-23,Inactive
CUST-04818,Jacob Jackson,Apex Partners,Professional Services & Consulting,jacob.jackson4818@apexpartners.com,+1-590-341-6164,"Chicago, IL",2024-11-06,Churned
CUST-04819,Barbara Adams,Aura Dynamics,Manufacturing & Industrial,barbara.adams4819@auradynamics.com,+1-275-544-5224,"San Francisco, CA",2026-01-30,Inactive
CUST-04820,Susan Green,Vertex Solutions,SaaS & Cloud Software,susan.green4820@vertexsoluti.com,+1-341-228-7212,"Berlin, Germany",2024-11-14,Active
CUST-04821,Mary Young,Quantum Systems,Telecommunications,mary.young4821@quantumsyste.com,+1-798-408-1864,"Berlin, Germany",2024-12-24,At-Risk
CUST-04822,John White,Hyperion Dynamics,Financial Services & FinTech,john.white4822@hyperiondyna.com,+1-517-471-3686,"Berlin, Germany",2023-03-15,Inactive
CUST-04823,Jason Gomez,Acro Logistics,Manufacturing & Industrial,jason.gomez4823@acrologistic.com,+1-973-574-4279,"Sydney, Australia",2025-01-17,At-Risk
CUST-04824,Dorothy Nelson,Hyperion Innovations,Telecommunications,dorothy.nelson4824@hyperioninno.com,+1-327-619-2780,"San Francisco, CA",2025-10-28,At-Risk
CUST-04825,Kenneth Nelson,Starlight Health,Retail & E-Commerce,kenneth.nelson4825@starlighthea.com,+1-953-345-7768,"Boston, MA",2025-09-30,Active
CUST-04826,William Wright,Omni Partners,Professional Services & Consulting,william.wright4826@omnipartners.com,+1-415-649-6189,"Seattle, WA",2024-08-11,At-Risk
CUST-04827,Karen Sanchez,Solstice Dynamics,Professional Services & Consulting,karen.sanchez4827@solsticedyna.com,+1-747-309-5418,"New York, NY",2026-04-12,Active
CUST-04828,Donna Williams,Synapse Labs,Manufacturing & Industrial,donna.williams4828@synapselabs.com,+1-400-555-7069,"Austin, TX",2022-06-13,Inactive
CUST-04829,Sandra Evans,Catalyst Capital,SaaS & Cloud Software,sandra.evans4829@catalystcapi.com,+1-412-885-6460,"Sydney, Australia",2024-05-27,Active
CUST-04830,Nancy Allen,Solstice Technologies,Professional Services & Consulting,nancy.allen4830@solsticetech.com,+1-708-523-1746,"New York, NY",2025-09-17,At-Risk
CUST-04831,Amy Rivera,Aura Capital,Financial Services & FinTech,amy.rivera4831@auracapital.com,+1-903-845-8390,"London, UK",2024-12-21,Churned
CUST-04832,Betty White,Omni Labs,Retail & E-Commerce,betty.white4832@omnilabs.com,+1-567-385-5595,"Austin, TX",2024-03-05,Churned
CUST-04833,Jacob Young,Meridian Analytics,Retail & E-Commerce,jacob.young4833@meridiananal.com,+1-481-779-7398,"Boston, MA",2025-12-09,Active
CUST-04834,Dorothy Gomez,Cognitive Systems,SaaS & Cloud Software,dorothy.gomez4834@cognitivesys.com,+1-638-489-1866,"Boston, MA",2023-12-21,Inactive
CUST-04835,Michael Ramirez,Apex Global,Healthcare & Life Sciences,michael.ramirez4835@apexglobal.com,+1-505-759-8117,"Denver, CO",2026-01-01,Active
CUST-04836,Thomas Mitchell,Aura Analytics,Professional Services & Consulting,thomas.mitchell4836@auraanalytic.com,+1-413-708-8579,"Seattle, WA",2022-04-27,Inactive
CUST-04837,Sandra Gomez,Horizon Innovations,Retail & E-Commerce,sandra.gomez4837@horizoninnov.com,+1-589-221-2649,"Berlin, Germany",2023-07-10,At-Risk
CUST-04838,Sarah Davis,Apex Partners,Retail & E-Commerce,sarah.davis4838@apexpartners.com,+1-680-360-6905,"New York, NY",2022-11-29,Inactive
CUST-04839,Steven Phillips,Catalyst Digital,Manufacturing & Industrial,steven.phillips4839@catalystdigi.com,+1-646-244-2516,"London, UK",2023-04-27,Inactive
CUST-04840,Sharon Brown,Cognitive Partners,Manufacturing & Industrial,sharon.brown4840@cognitivepar.com,+1-848-458-8679,"Austin, TX",2026-05-12,At-Risk
CUST-04841,Patricia Lewis,Cognitive Dynamics,Telecommunications,patricia.lewis4841@cognitivedyn.com,+1-570-884-2706,"Austin, TX",2023-09-03,Inactive
CUST-04842,Kathleen Jackson,Stratosphere Solutions,Telecommunications,kathleen.jackson4842@stratosphere.com,+1-423-334-7090,"New York, NY",2022-12-05,Inactive
CUST-04843,Linda Adams,Vanguard Digital,Retail & E-Commerce,linda.adams4843@vanguarddigi.com,+1-891-849-9331,"Chicago, IL",2024-08-18,At-Risk
CUST-04844,Dorothy Moore,Hyperion Analytics,Professional Services & Consulting,dorothy.moore4844@hyperionanal.com,+1-903-448-8002,"Austin, TX",2025-01-03,At-Risk
CUST-04845,Barbara Gomez,Meridian Health,Retail & E-Commerce,barbara.gomez4845@meridianheal.com,+1-625-468-6507,"London, UK",2025-10-29,Active
CUST-04846,Donna Hill,Zenith Digital,Professional Services & Consulting,donna.hill4846@zenithdigita.com,+1-839-562-8477,"Sydney, Australia",2023-06-07,At-Risk
CUST-04847,Joseph Lopez,Acro Digital,Manufacturing & Industrial,joseph.lopez4847@acrodigital.com,+1-312-704-5716,"Sydney, Australia",2024-11-06,Inactive
CUST-04848,Charles Lewis,CoreTech Solutions,Manufacturing & Industrial,charles.lewis4848@coretechsolu.com,+1-349-899-5585,"Austin, TX",2023-05-09,Active
CUST-04849,Patricia Hernandez,Stratosphere Health,Manufacturing & Industrial,patricia.hernandez4849@stratosphere.com,+1-882-332-8795,"Denver, CO",2023-06-10,Churned
CUST-04850,Deborah Miller,Acro Global,Retail & E-Commerce,deborah.miller4850@acroglobal.com,+1-232-882-5534,"Sydney, Australia",2022-09-20,At-Risk
CUST-04851,Jennifer Moore,CoreTech Global,Professional Services & Consulting,jennifer.moore4851@coretechglob.com,+1-576-301-2323,"Berlin, Germany",2023-07-15,Inactive
CUST-04852,Christopher Scott,Beacon Systems,Financial Services & FinTech,christopher.scott4852@beaconsystem.com,+1-217-558-1107,"San Francisco, CA",2025-11-09,At-Risk
CUST-04853,Sarah Rivera,Hyperion Capital,Healthcare & Life Sciences,sarah.rivera4853@hyperioncapi.com,+1-689-865-5783,"New York, NY",2023-06-19,Churned
CUST-04854,Carol Nguyen,Catalyst Dynamics,Healthcare & Life Sciences,carol.nguyen4854@catalystdyna.com,+1-631-702-8889,"Atlanta, GA",2022-08-10,At-Risk
CUST-04855,Paul Lopez,Stratosphere Health,Manufacturing & Industrial,paul.lopez4855@stratosphere.com,+1-916-471-4555,"Seattle, WA",2025-08-02,Inactive
CUST-04856,Sandra Evans,Velocity Analytics,Manufacturing & Industrial,sandra.evans4856@velocityanal.com,+1-337-651-9520,"Sydney, Australia",2023-05-30,At-Risk
CUST-04857,Betty Hill,Pinnacle Labs,Healthcare & Life Sciences,betty.hill4857@pinnaclelabs.com,+1-553-322-1672,"San Francisco, CA",2023-05-15,Active
CUST-04858,Mary Rodriguez,Beacon Technologies,Media & Entertainment,mary.rodriguez4858@beacontechno.com,+1-975-369-2109,"Atlanta, GA",2022-10-30,Inactive
CUST-04859,Steven Gonzalez,Velocity Logistics,Retail & E-Commerce,steven.gonzalez4859@velocitylogi.com,+1-735-594-7269,"Sydney, Australia",2023-10-13,Inactive
CUST-04860,Carol Wilson,Meridian Solutions,Professional Services & Consulting,carol.wilson4860@meridiansolu.com,+1-688-454-2825,"Seattle, WA",2025-08-08,Inactive
CUST-04861,Patricia Thompson,Synapse Technologies,Manufacturing & Industrial,patricia.thompson4861@synapsetechn.com,+1-770-664-4636,"San Francisco, CA",2025-08-25,Inactive
CUST-04862,Patricia Nelson,Cognitive Innovations,SaaS & Cloud Software,patricia.nelson4862@cognitiveinn.com,+1-838-414-4816,"Atlanta, GA",2023-10-04,Churned
CUST-04863,Cynthia Lewis,Vanguard Solutions,Healthcare & Life Sciences,cynthia.lewis4863@vanguardsolu.com,+1-688-397-5508,"London, UK",2022-09-30,At-Risk
CUST-04864,William Mitchell,Prism Capital,Professional Services & Consulting,william.mitchell4864@prismcapital.com,+1-986-363-8436,"New York, NY",2022-08-24,Inactive
CUST-04865,Melissa Hill,Velocity Partners,SaaS & Cloud Software,melissa.hill4865@velocitypart.com,+1-353-621-9914,"Toronto, Canada",2025-08-01,At-Risk
CUST-04866,Robert Smith,Elevate Technologies,Media & Entertainment,robert.smith4866@elevatetechn.com,+1-377-228-8824,"Austin, TX",2026-06-13,Active
CUST-04867,William Parker,Synapse Labs,Financial Services & FinTech,william.parker4867@synapselabs.com,+1-799-485-6688,"Toronto, Canada",2024-01-11,Inactive
CUST-04868,Lisa Thomas,Elevate Logistics,Professional Services & Consulting,lisa.thomas4868@elevatelogis.com,+1-624-238-3152,"London, UK",2022-11-05,At-Risk
CUST-04869,Donald Wilson,Vertex Partners,Professional Services & Consulting,donald.wilson4869@vertexpartne.com,+1-839-728-8611,"London, UK",2026-04-19,Active
CUST-04870,Brian Davis,Acro Innovations,Media & Entertainment,brian.davis4870@acroinnovati.com,+1-231-402-3741,"London, UK",2024-03-18,Churned
CUST-04871,Margaret Smith,Horizon Capital,SaaS & Cloud Software,margaret.smith4871@horizoncapit.com,+1-204-819-5636,"Denver, CO",2022-09-07,Inactive
CUST-04872,David Robinson,Aegis Technologies,Healthcare & Life Sciences,david.robinson4872@aegistechnol.com,+1-487-324-4621,"Sydney, Australia",2022-02-20,At-Risk
CUST-04873,Patricia Brown,Acro Capital,Telecommunications,patricia.brown4873@acrocapital.com,+1-866-557-9448,"Atlanta, GA",2025-02-20,Active
CUST-04874,Gary Lee,Aegis Logistics,Professional Services & Consulting,gary.lee4874@aegislogisti.com,+1-802-546-2588,"New York, NY",2025-04-04,At-Risk
CUST-04875,Joshua Perez,Nexus Enterprises,Media & Entertainment,joshua.perez4875@nexusenterpr.com,+1-455-600-7755,"Austin, TX",2026-05-29,Active
CUST-04876,Emily Baker,Beacon Dynamics,Media & Entertainment,emily.baker4876@beacondynami.com,+1-714-639-6556,"Austin, TX",2025-10-19,At-Risk
CUST-04877,Susan Wright,Quantum Enterprises,Healthcare & Life Sciences,susan.wright4877@quantumenter.com,+1-516-431-5430,"New York, NY",2025-11-28,Active
CUST-04878,Michelle Williams,Aura Digital,Retail & E-Commerce,michelle.williams4878@auradigital.com,+1-350-308-8978,"Denver, CO",2026-04-05,Active
CUST-04879,Deborah Taylor,Aura Systems,Retail & E-Commerce,deborah.taylor4879@aurasystems.com,+1-407-787-5694,"London, UK",2024-03-02,At-Risk
CUST-04880,Susan Ramirez,Zenith Labs,Telecommunications,susan.ramirez4880@zenithlabs.com,+1-463-234-8235,"Atlanta, GA",2025-11-19,Churned
CUST-04881,Rebecca Torres,Solstice Digital,Professional Services & Consulting,rebecca.torres4881@solsticedigi.com,+1-523-657-5435,"Toronto, Canada",2023-03-17,Inactive
CUST-04882,Elizabeth Carter,Vertex Technologies,Telecommunications,elizabeth.carter4882@vertextechno.com,+1-648-668-3477,"Berlin, Germany",2026-05-05,Active
CUST-04883,Jason Jackson,Vertex Capital,Media & Entertainment,jason.jackson4883@vertexcapita.com,+1-442-868-8373,"London, UK",2024-12-20,Churned
CUST-04884,Kenneth Wilson,Acro Analytics,SaaS & Cloud Software,kenneth.wilson4884@acroanalytic.com,+1-364-485-4485,"San Francisco, CA",2025-01-05,Active
CUST-04885,Joseph Ramirez,CoreTech Enterprises,Professional Services & Consulting,joseph.ramirez4885@coretechente.com,+1-887-811-9544,"Berlin, Germany",2024-05-09,Active
CUST-04886,Charles Taylor,Vanguard Analytics,SaaS & Cloud Software,charles.taylor4886@vanguardanal.com,+1-651-202-5796,"Boston, MA",2023-05-02,Inactive
CUST-04887,Jennifer Walker,Velocity Health,Manufacturing & Industrial,jennifer.walker4887@velocityheal.com,+1-553-269-9338,"Denver, CO",2026-05-13,At-Risk
CUST-04888,Laura White,Beacon Labs,Healthcare & Life Sciences,laura.white4888@beaconlabs.com,+1-914-803-3286,"Denver, CO",2026-03-21,Active
CUST-04889,Michael Turner,Starlight Labs,Manufacturing & Industrial,michael.turner4889@starlightlab.com,+1-943-362-8694,"Berlin, Germany",2025-06-10,Active
CUST-04890,Anthony Perez,Starlight Analytics,Financial Services & FinTech,anthony.perez4890@starlightana.com,+1-573-598-8926,"Austin, TX",2025-10-05,At-Risk
CUST-04891,Lisa Jones,Hyperion Partners,Manufacturing & Industrial,lisa.jones4891@hyperionpart.com,+1-228-765-6593,"New York, NY",2025-08-09,At-Risk
CUST-04892,Ryan Nelson,Solstice Partners,Professional Services & Consulting,ryan.nelson4892@solsticepart.com,+1-318-576-4835,"London, UK",2024-02-19,Active
CUST-04893,Charles Rivera,Prism Dynamics,Professional Services & Consulting,charles.rivera4893@prismdynamic.com,+1-590-220-1113,"Denver, CO",2025-10-02,At-Risk
CUST-04894,James Parker,Aegis Analytics,Manufacturing & Industrial,james.parker4894@aegisanalyti.com,+1-870-820-1756,"Denver, CO",2025-11-09,At-Risk
CUST-04895,Anthony Johnson,Stratosphere Enterprises,Financial Services & FinTech,anthony.johnson4895@stratosphere.com,+1-853-615-6543,"Chicago, IL",2023-11-22,At-Risk
CUST-04896,Matthew Rodriguez,Cognitive Capital,Professional Services & Consulting,matthew.rodriguez4896@cognitivecap.com,+1-950-748-5373,"Denver, CO",2023-11-29,At-Risk
CUST-04897,Jeffrey Parker,CoreTech Labs,Media & Entertainment,jeffrey.parker4897@coretechlabs.com,+1-955-710-1712,"New York, NY",2023-02-01,Active
CUST-04898,Jason Williams,Apex Analytics,Retail & E-Commerce,jason.williams4898@apexanalytic.com,+1-302-484-4925,"Denver, CO",2024-07-28,Inactive
CUST-04899,Ashley Parker,Acro Technologies,SaaS & Cloud Software,ashley.parker4899@acrotechnolo.com,+1-951-805-2299,"Boston, MA",2023-09-15,Active
CUST-04900,Gary Martin,Prism Systems,Telecommunications,gary.martin4900@prismsystems.com,+1-649-284-7251,"Toronto, Canada",2023-04-27,Inactive
CUST-04901,Donald Allen,Zenith Analytics,Telecommunications,donald.allen4901@zenithanalyt.com,+1-282-566-8831,"Austin, TX",2023-06-26,Inactive
CUST-04902,Gary Phillips,Prism Partners,SaaS & Cloud Software,gary.phillips4902@prismpartner.com,+1-533-461-7138,"Sydney, Australia",2023-01-25,At-Risk
CUST-04903,Sharon Ramirez,Quantum Capital,Healthcare & Life Sciences,sharon.ramirez4903@quantumcapit.com,+1-979-752-9183,"Boston, MA",2025-08-12,Active
CUST-04904,Donna Jones,Omni Dynamics,Media & Entertainment,donna.jones4904@omnidynamics.com,+1-571-439-2040,"Toronto, Canada",2024-02-06,At-Risk
CUST-04905,Steven Miller,CoreTech Digital,Media & Entertainment,steven.miller4905@coretechdigi.com,+1-629-412-5230,"Austin, TX",2023-04-25,Inactive
CUST-04906,Daniel Garcia,Velocity Dynamics,Healthcare & Life Sciences,daniel.garcia4906@velocitydyna.com,+1-931-424-9587,"Chicago, IL",2024-08-21,Active
CUST-04907,Christopher Davis,Aegis Health,SaaS & Cloud Software,christopher.davis4907@aegishealth.com,+1-673-325-4467,"New York, NY",2025-09-06,Inactive
CUST-04908,Sarah Nelson,Zenith Technologies,Retail & E-Commerce,sarah.nelson4908@zenithtechno.com,+1-480-723-5236,"Sydney, Australia",2023-02-13,Inactive
CUST-04909,Brian Clark,Acro Labs,Media & Entertainment,brian.clark4909@acrolabs.com,+1-573-882-5356,"San Francisco, CA",2026-02-04,Churned
CUST-04910,Joseph Campbell,Acro Logistics,Telecommunications,joseph.campbell4910@acrologistic.com,+1-208-503-6171,"Denver, CO",2025-09-09,At-Risk
CUST-04911,Rebecca Scott,Cognitive Partners,Manufacturing & Industrial,rebecca.scott4911@cognitivepar.com,+1-287-301-7584,"London, UK",2025-10-03,Inactive
CUST-04912,Donna White,Acro Logistics,Telecommunications,donna.white4912@acrologistic.com,+1-884-660-7545,"Atlanta, GA",2025-10-10,Active
CUST-04913,Melissa Evans,Meridian Digital,Telecommunications,melissa.evans4913@meridiandigi.com,+1-611-457-8875,"Denver, CO",2026-03-08,Active
CUST-04914,Ronald Williams,Horizon Innovations,Healthcare & Life Sciences,ronald.williams4914@horizoninnov.com,+1-713-887-6603,"New York, NY",2023-05-28,Active
CUST-04915,Sarah Nguyen,Pinnacle Enterprises,Professional Services & Consulting,sarah.nguyen4915@pinnacleente.com,+1-390-272-9044,"Seattle, WA",2025-04-19,Active
CUST-04916,George Brown,Prism Health,Media & Entertainment,george.brown4916@prismhealth.com,+1-338-807-9212,"Toronto, Canada",2025-10-08,Inactive
CUST-04917,Gary Martinez,Acro Innovations,Retail & E-Commerce,gary.martinez4917@acroinnovati.com,+1-483-345-3729,"Sydney, Australia",2023-10-09,Inactive
CUST-04918,James Ramirez,Vertex Logistics,Professional Services & Consulting,james.ramirez4918@vertexlogist.com,+1-242-624-3788,"Sydney, Australia",2025-10-01,Active
CUST-04919,Cynthia Gomez,Aura Systems,Telecommunications,cynthia.gomez4919@aurasystems.com,+1-483-235-2010,"Berlin, Germany",2025-09-15,Churned
CUST-04920,Edward Phillips,Meridian Dynamics,Retail & E-Commerce,edward.phillips4920@meridiandyna.com,+1-643-407-1613,"Denver, CO",2025-06-02,At-Risk
CUST-04921,Ashley Hernandez,Vertex Enterprises,Manufacturing & Industrial,ashley.hernandez4921@vertexenterp.com,+1-399-291-9912,"New York, NY",2026-03-10,At-Risk
CUST-04922,Matthew Torres,Vanguard Systems,SaaS & Cloud Software,matthew.torres4922@vanguardsyst.com,+1-312-314-9328,"San Francisco, CA",2024-05-21,Churned
CUST-04923,Dorothy Nelson,Apex Global,Professional Services & Consulting,dorothy.nelson4923@apexglobal.com,+1-714-744-6298,"Boston, MA",2026-03-18,Active
CUST-04924,Carol King,Meridian Innovations,Professional Services & Consulting,carol.king4924@meridianinno.com,+1-914-496-6824,"Austin, TX",2025-08-04,Inactive
CUST-04925,Karen Torres,Beacon Solutions,Professional Services & Consulting,karen.torres4925@beaconsoluti.com,+1-484-397-7751,"San Francisco, CA",2023-05-17,At-Risk
CUST-04926,Ryan Taylor,Catalyst Analytics,Manufacturing & Industrial,ryan.taylor4926@catalystanal.com,+1-275-663-9949,"Seattle, WA",2022-07-26,At-Risk
CUST-04927,Margaret Adams,Solstice Analytics,Financial Services & FinTech,margaret.adams4927@solsticeanal.com,+1-448-536-6719,"Berlin, Germany",2026-04-18,Active
CUST-04928,Ronald Ramirez,Elevate Global,Manufacturing & Industrial,ronald.ramirez4928@elevategloba.com,+1-409-755-6822,"Berlin, Germany",2023-01-24,Inactive
CUST-04929,Sharon Nelson,Omni Solutions,Media & Entertainment,sharon.nelson4929@omnisolution.com,+1-747-344-6357,"Berlin, Germany",2026-01-21,Churned
CUST-04930,Deborah Williams,Zenith Solutions,Financial Services & FinTech,deborah.williams4930@zenithsoluti.com,+1-643-332-5321,"Sydney, Australia",2025-06-29,Inactive
CUST-04931,Jason Hill,Prism Logistics,Media & Entertainment,jason.hill4931@prismlogisti.com,+1-921-372-4210,"Denver, CO",2022-11-27,Active
CUST-04932,Ronald Phillips,Aura Capital,Retail & E-Commerce,ronald.phillips4932@auracapital.com,+1-642-737-6929,"Austin, TX",2023-05-21,At-Risk
CUST-04933,Joseph Young,Cognitive Analytics,Manufacturing & Industrial,joseph.young4933@cognitiveana.com,+1-693-778-1796,"Denver, CO",2026-05-04,At-Risk
CUST-04934,Barbara Evans,Apex Dynamics,Media & Entertainment,barbara.evans4934@apexdynamics.com,+1-822-259-6125,"San Francisco, CA",2025-03-21,At-Risk
CUST-04935,Thomas Turner,Apex Systems,Media & Entertainment,thomas.turner4935@apexsystems.com,+1-304-331-3034,"Austin, TX",2025-04-18,Inactive
CUST-04936,George Green,Vertex Health,SaaS & Cloud Software,george.green4936@vertexhealth.com,+1-481-560-7270,"Berlin, Germany",2023-10-29,Active
CUST-04937,Nancy Evans,Prism Partners,Retail & E-Commerce,nancy.evans4937@prismpartner.com,+1-906-387-3465,"Denver, CO",2022-09-11,Inactive
CUST-04938,John Miller,Beacon Innovations,Telecommunications,john.miller4938@beaconinnova.com,+1-423-847-4863,"Denver, CO",2025-12-24,At-Risk
CUST-04939,Betty Baker,Catalyst Technologies,Healthcare & Life Sciences,betty.baker4939@catalysttech.com,+1-394-334-7279,"Boston, MA",2024-04-22,Churned
CUST-04940,Thomas Lee,Vanguard Logistics,Financial Services & FinTech,thomas.lee4940@vanguardlogi.com,+1-215-440-1879,"Boston, MA",2025-10-24,Churned
CUST-04941,Amy Lee,Aegis Partners,Retail & E-Commerce,amy.lee4941@aegispartner.com,+1-889-480-3615,"San Francisco, CA",2023-03-19,Inactive
CUST-04942,Linda Martinez,Prism Capital,Retail & E-Commerce,linda.martinez4942@prismcapital.com,+1-972-554-1807,"Chicago, IL",2025-05-18,At-Risk
CUST-04943,Gary Moore,Catalyst Technologies,Manufacturing & Industrial,gary.moore4943@catalysttech.com,+1-453-388-9445,"Sydney, Australia",2023-12-22,Churned
CUST-04944,Michael Diaz,Cognitive Logistics,Media & Entertainment,michael.diaz4944@cognitivelog.com,+1-344-471-5420,"New York, NY",2022-08-02,Inactive
CUST-04945,James Martin,Stratosphere Solutions,SaaS & Cloud Software,james.martin4945@stratosphere.com,+1-213-679-8933,"London, UK",2024-01-02,Churned
CUST-04946,Richard Nelson,Horizon Dynamics,Manufacturing & Industrial,richard.nelson4946@horizondynam.com,+1-537-447-3117,"Berlin, Germany",2023-06-21,Inactive
CUST-04947,Gary Walker,Velocity Logistics,Manufacturing & Industrial,gary.walker4947@velocitylogi.com,+1-647-563-6622,"Atlanta, GA",2026-01-12,Active
CUST-04948,Steven Lewis,Beacon Solutions,Media & Entertainment,steven.lewis4948@beaconsoluti.com,+1-655-565-8795,"Austin, TX",2025-07-29,Churned
CUST-04949,Mark Perez,Aegis Enterprises,Financial Services & FinTech,mark.perez4949@aegisenterpr.com,+1-680-299-3944,"Boston, MA",2023-12-10,Churned
CUST-04950,Deborah Clark,Pinnacle Solutions,Professional Services & Consulting,deborah.clark4950@pinnaclesolu.com,+1-453-794-4557,"Berlin, Germany",2023-08-01,Churned
CUST-04951,Thomas Hill,Omni Dynamics,Media & Entertainment,thomas.hill4951@omnidynamics.com,+1-253-342-2130,"Sydney, Australia",2025-12-09,At-Risk
CUST-04952,Brian Brown,Velocity Solutions,Manufacturing & Industrial,brian.brown4952@velocitysolu.com,+1-428-851-5088,"Boston, MA",2025-01-09,At-Risk
CUST-04953,Michael Ramirez,Synapse Analytics,Professional Services & Consulting,michael.ramirez4953@synapseanaly.com,+1-386-494-8314,"Toronto, Canada",2024-06-27,Inactive
CUST-04954,Jacob Gonzalez,Stratosphere Digital,Financial Services & FinTech,jacob.gonzalez4954@stratosphere.com,+1-818-818-1711,"Austin, TX",2025-07-12,At-Risk
CUST-04955,Mark Lewis,Quantum Digital,Financial Services & FinTech,mark.lewis4955@quantumdigit.com,+1-653-554-4971,"Austin, TX",2022-11-21,Inactive
CUST-04956,George Lee,Acro Logistics,Financial Services & FinTech,george.lee4956@acrologistic.com,+1-386-286-2467,"Boston, MA",2024-05-15,Churned
CUST-04957,Rebecca Baker,Synapse Dynamics,SaaS & Cloud Software,rebecca.baker4957@synapsedynam.com,+1-601-869-6328,"Sydney, Australia",2023-06-09,At-Risk
CUST-04958,Barbara Williams,Apex Digital,Retail & E-Commerce,barbara.williams4958@apexdigital.com,+1-395-603-5115,"Boston, MA",2026-02-17,Active
CUST-04959,Betty Sanchez,Omni Enterprises,Retail & E-Commerce,betty.sanchez4959@omnienterpri.com,+1-365-776-7855,"Chicago, IL",2024-06-12,Active
CUST-04960,Barbara Taylor,Hyperion Dynamics,SaaS & Cloud Software,barbara.taylor4960@hyperiondyna.com,+1-258-674-3461,"Berlin, Germany",2025-07-18,Churned
CUST-04961,Nancy Lewis,Beacon Digital,Manufacturing & Industrial,nancy.lewis4961@beacondigita.com,+1-361-672-9333,"Seattle, WA",2025-12-11,At-Risk
CUST-04962,Michael Diaz,Velocity Capital,Media & Entertainment,michael.diaz4962@velocitycapi.com,+1-528-884-8903,"Toronto, Canada",2025-09-24,At-Risk
CUST-04963,Susan Brown,Elevate Systems,Manufacturing & Industrial,susan.brown4963@elevatesyste.com,+1-969-581-4572,"Toronto, Canada",2024-09-13,Inactive
CUST-04964,Jennifer Smith,Nexus Health,SaaS & Cloud Software,jennifer.smith4964@nexushealth.com,+1-882-633-4468,"New York, NY",2024-03-14,Churned
CUST-04965,Sarah Perez,Solstice Digital,Telecommunications,sarah.perez4965@solsticedigi.com,+1-688-656-6418,"Berlin, Germany",2025-08-03,Active
CUST-04966,Andrew Sanchez,Catalyst Capital,Telecommunications,andrew.sanchez4966@catalystcapi.com,+1-691-369-6063,"San Francisco, CA",2025-10-14,Active
CUST-04967,Cynthia Adams,Apex Systems,Retail & E-Commerce,cynthia.adams4967@apexsystems.com,+1-632-853-4548,"Boston, MA",2024-05-05,Inactive
CUST-04968,Mark Lopez,Zenith Enterprises,Telecommunications,mark.lopez4968@zenithenterp.com,+1-865-886-7768,"Seattle, WA",2025-01-27,Churned
CUST-04969,Andrew Evans,Starlight Solutions,Professional Services & Consulting,andrew.evans4969@starlightsol.com,+1-967-620-4288,"Boston, MA",2023-08-14,Inactive
CUST-04970,Kevin Davis,Acro Innovations,Media & Entertainment,kevin.davis4970@acroinnovati.com,+1-522-269-9432,"Chicago, IL",2025-01-13,Active
CUST-04971,George Miller,CoreTech Partners,Media & Entertainment,george.miller4971@coretechpart.com,+1-783-890-7334,"Denver, CO",2024-10-31,Inactive
CUST-04972,Amanda Rivera,Cognitive Innovations,Telecommunications,amanda.rivera4972@cognitiveinn.com,+1-622-212-1684,"Seattle, WA",2024-12-31,Inactive
CUST-04973,Sandra Rivera,Vanguard Analytics,Professional Services & Consulting,sandra.rivera4973@vanguardanal.com,+1-387-783-7474,"Austin, TX",2025-08-23,At-Risk
CUST-04974,Paul King,Omni Logistics,Healthcare & Life Sciences,paul.king4974@omnilogistic.com,+1-209-777-3617,"San Francisco, CA",2023-07-09,Churned
CUST-04975,Lisa Rodriguez,Aegis Solutions,Retail & E-Commerce,lisa.rodriguez4975@aegissolutio.com,+1-562-691-7033,"Seattle, WA",2023-07-10,Inactive
CUST-04976,Margaret Robinson,Velocity Dynamics,Manufacturing & Industrial,margaret.robinson4976@velocitydyna.com,+1-607-623-1738,"Atlanta, GA",2023-03-13,Inactive
CUST-04977,Paul Jones,Prism Dynamics,Telecommunications,paul.jones4977@prismdynamic.com,+1-420-258-4029,"Boston, MA",2021-11-05,At-Risk
CUST-04978,Jacob Williams,Horizon Solutions,Manufacturing & Industrial,jacob.williams4978@horizonsolut.com,+1-359-383-3338,"Atlanta, GA",2026-04-26,Active
CUST-04979,Jessica Johnson,Elevate Labs,Manufacturing & Industrial,jessica.johnson4979@elevatelabs.com,+1-854-352-6101,"Seattle, WA",2025-07-07,Active
CUST-04980,Matthew Hill,Hyperion Dynamics,Professional Services & Consulting,matthew.hill4980@hyperiondyna.com,+1-290-889-6007,"New York, NY",2025-06-15,Active
CUST-04981,Ronald Rodriguez,Horizon Enterprises,SaaS & Cloud Software,ronald.rodriguez4981@horizonenter.com,+1-643-893-6380,"Atlanta, GA",2024-07-20,Inactive
CUST-04982,Margaret Hill,Nexus Capital,Media & Entertainment,margaret.hill4982@nexuscapital.com,+1-418-875-5817,"Toronto, Canada",2024-05-06,At-Risk
CUST-04983,Amy Sanchez,Acro Logistics,SaaS & Cloud Software,amy.sanchez4983@acrologistic.com,+1-649-717-3553,"New York, NY",2026-05-20,Active
CUST-04984,Donna Martin,Beacon Global,Telecommunications,donna.martin4984@beaconglobal.com,+1-823-516-4636,"Denver, CO",2024-01-11,Churned
CUST-04985,Sharon Baker,Apex Logistics,Retail & E-Commerce,sharon.baker4985@apexlogistic.com,+1-731-618-9283,"Chicago, IL",2025-12-09,Active
CUST-04986,Christopher Baker,CoreTech Innovations,SaaS & Cloud Software,christopher.baker4986@coretechinno.com,+1-535-543-3961,"Toronto, Canada",2024-06-05,At-Risk
CUST-04987,Kevin Gomez,Velocity Global,Healthcare & Life Sciences,kevin.gomez4987@velocityglob.com,+1-689-388-7176,"London, UK",2023-07-02,Churned
CUST-04988,Edward Torres,Starlight Partners,Healthcare & Life Sciences,edward.torres4988@starlightpar.com,+1-347-535-8338,"Chicago, IL",2026-03-12,Active
CUST-04989,Christopher Young,Vanguard Logistics,Retail & E-Commerce,christopher.young4989@vanguardlogi.com,+1-623-753-3713,"Sydney, Australia",2023-11-18,Churned
CUST-04990,Jacob Brown,CoreTech Logistics,Retail & E-Commerce,jacob.brown4990@coretechlogi.com,+1-382-397-4947,"Atlanta, GA",2025-11-10,Churned
CUST-04991,Steven Green,Omni Global,Telecommunications,steven.green4991@omniglobal.com,+1-308-247-6790,"Denver, CO",2022-08-20,Inactive
CUST-04992,Richard Martin,Elevate Digital,Telecommunications,richard.martin4992@elevatedigit.com,+1-760-249-7200,"San Francisco, CA",2026-05-07,Active
CUST-04993,Ronald Hernandez,Solstice Partners,Telecommunications,ronald.hernandez4993@solsticepart.com,+1-965-732-9548,"Sydney, Australia",2025-04-07,Inactive
CUST-04994,Jacob Flores,Synapse Enterprises,Retail & E-Commerce,jacob.flores4994@synapseenter.com,+1-461-219-5027,"London, UK",2026-05-15,Active
CUST-04995,George Garcia,Solstice Global,Professional Services & Consulting,george.garcia4995@solsticeglob.com,+1-289-435-5910,"Denver, CO",2022-06-24,At-Risk
CUST-04996,Paul Brown,Horizon Capital,Manufacturing & Industrial,paul.brown4996@horizoncapit.com,+1-872-440-2662,"Sydney, Australia",2024-11-17,Inactive
CUST-04997,Ashley Wright,Apex Solutions,Telecommunications,ashley.wright4997@apexsolution.com,+1-959-395-5388,"London, UK",2024-01-14,Active
CUST-04998,Jacob Clark,Cognitive Solutions,Healthcare & Life Sciences,jacob.clark4998@cognitivesol.com,+1-409-705-9090,"Berlin, Germany",2024-11-16,Active
CUST-04999,Ashley Green,Elevate Capital,SaaS & Cloud Software,ashley.green4999@elevatecapit.com,+1-890-361-3620,"San Francisco, CA",2025-06-27,Churned
CUST-05000,Patricia Jones,Beacon Systems,Financial Services & FinTech,patricia.jones5000@beaconsystem.com,+1-983-575-3955,"Toronto, Canada",2025-07-31,At-Risk
