lead_id,company,industry,source,budget,engagement_score,status,created_date,salesperson
LEAD-00001,Omni Logistics,Media & Entertainment,Partner Channel,5000.0,28.4,Contacted,2025-09-23,Emily Watson
LEAD-00002,Aura Health,Manufacturing & Industrial,Partner Channel,5000.0,68.5,Lost,2026-02-03,David Kim
LEAD-00003,Hyperion Global,Retail & E-Commerce,Partner Channel,5000.0,26.7,Contacted,2026-03-08,Sarah Jenkins
LEAD-00004,Vanguard Logistics,Manufacturing & Industrial,Inbound Demo Request,35000.0,79.3,Qualified,2026-03-09,Michael Chang
LEAD-00005,Hyperion Health,Professional Services & Consulting,Inbound Demo Request,35000.0,83.5,Won,2026-02-11,Michael Chang
LEAD-00006,Velocity Technologies,SaaS & Cloud Software,Organic Search,12000.0,20.5,New,2026-03-19,Priya Patel
LEAD-00007,Prism Innovations,Manufacturing & Industrial,Referral,60000.0,66.3,Proposal Sent,2026-06-25,Michael Chang
LEAD-00008,Hyperion Solutions,Retail & E-Commerce,Inbound Demo Request,15000.0,79.1,Qualified,2025-12-26,Priya Patel
LEAD-00009,Vanguard Partners,Financial Services & FinTech,Inbound Demo Request,15000.0,85.3,Negotiation,2026-01-13,Emily Watson
LEAD-00010,CoreTech Global,Professional Services & Consulting,Referral,60000.0,77.2,Proposal Sent,2026-06-15,David Kim
LEAD-00011,Cognitive Health,Retail & E-Commerce,Referral,60000.0,66.5,Proposal Sent,2026-06-03,Alex Rivera
LEAD-00012,Beacon Logistics,Retail & E-Commerce,Referral,60000.0,66.2,Won,2026-08-20,Alex Rivera
LEAD-00013,Cognitive Capital,Financial Services & FinTech,LinkedIn Campaign,8000.0,65.2,Contacted,2026-08-04,David Kim
LEAD-00014,Meridian Partners,Manufacturing & Industrial,Webinar,8000.0,49.7,Qualified,2025-10-21,Alex Rivera
LEAD-00015,Beacon Dynamics,Financial Services & FinTech,Referral,15000.0,85.2,Negotiation,2026-07-08,Sarah Jenkins
LEAD-00016,Vanguard Logistics,Professional Services & Consulting,Partner Channel,5000.0,41.7,Lost,2026-05-12,David Kim
LEAD-00017,Omni Analytics,Healthcare & Life Sciences,Partner Channel,5000.0,61.2,Contacted,2026-08-30,Sarah Jenkins
LEAD-00018,Aegis Innovations,Financial Services & FinTech,Organic Search,5000.0,75.9,Contacted,2026-08-25,Priya Patel
LEAD-00019,Synapse Solutions,Manufacturing & Industrial,LinkedIn Campaign,8000.0,40.2,Won,2025-09-19,Priya Patel
LEAD-00020,Hyperion Systems,SaaS & Cloud Software,Partner Channel,5000.0,45.7,Lost,2025-12-14,Sarah Jenkins
LEAD-00021,Starlight Logistics,Media & Entertainment,Webinar,20000.0,56.1,Contacted,2026-08-23,Priya Patel
LEAD-00022,Beacon Technologies,Media & Entertainment,LinkedIn Campaign,20000.0,47.5,Contacted,2026-04-18,Sarah Jenkins
LEAD-00023,Hyperion Enterprises,Healthcare & Life Sciences,Referral,35000.0,93.3,Negotiation,2026-01-03,Michael Chang
LEAD-00024,Omni Solutions,Professional Services & Consulting,LinkedIn Campaign,8000.0,36.3,Lost,2026-06-22,David Kim
LEAD-00025,Aura Dynamics,SaaS & Cloud Software,Cold Outreach,12000.0,64.7,New,2026-05-14,Emily Watson
LEAD-00026,Hyperion Analytics,Retail & E-Commerce,Partner Channel,5000.0,47.1,New,2025-12-21,Priya Patel
LEAD-00027,Elevate Enterprises,SaaS & Cloud Software,Cold Outreach,12000.0,32.5,Contacted,2025-11-15,Sarah Jenkins
LEAD-00028,Zenith Capital,Healthcare & Life Sciences,LinkedIn Campaign,45000.0,33.0,Contacted,2026-03-10,Emily Watson
LEAD-00029,Synapse Labs,Manufacturing & Industrial,Cold Outreach,25000.0,46.6,New,2026-04-03,Priya Patel
LEAD-00030,Velocity Global,Media & Entertainment,Organic Search,5000.0,33.6,Lost,2026-03-03,Sarah Jenkins
LEAD-00031,Solstice Logistics,Telecommunications,Organic Search,25000.0,66.8,Lost,2026-03-08,Emily Watson
LEAD-00032,CoreTech Technologies,SaaS & Cloud Software,Cold Outreach,25000.0,67.2,New,2025-11-17,Alex Rivera
LEAD-00033,CoreTech Dynamics,Professional Services & Consulting,Cold Outreach,5000.0,60.8,Contacted,2026-07-16,Priya Patel
LEAD-00034,Meridian Technologies,Manufacturing & Industrial,Organic Search,5000.0,28.8,New,2025-10-03,David Kim
LEAD-00035,Stratosphere Innovations,Professional Services & Consulting,Webinar,20000.0,59.1,Proposal Sent,2026-02-15,Michael Chang
LEAD-00036,Quantum Analytics,Telecommunications,Referral,15000.0,72.3,Negotiation,2026-04-27,Emily Watson
LEAD-00037,Elevate Digital,Media & Entertainment,LinkedIn Campaign,20000.0,41.2,Qualified,2026-06-05,Emily Watson
LEAD-00038,Elevate Health,Manufacturing & Industrial,LinkedIn Campaign,8000.0,48.2,Proposal Sent,2026-08-18,Priya Patel
LEAD-00039,Horizon Labs,Financial Services & FinTech,Partner Channel,5000.0,56.0,New,2025-12-10,Michael Chang
LEAD-00040,Synapse Technologies,Retail & E-Commerce,LinkedIn Campaign,45000.0,66.0,Qualified,2026-08-13,Priya Patel
LEAD-00041,Vanguard Enterprises,Media & Entertainment,LinkedIn Campaign,8000.0,62.0,Contacted,2026-08-29,Emily Watson
LEAD-00042,Omni Solutions,Professional Services & Consulting,Cold Outreach,5000.0,44.0,New,2025-11-27,Michael Chang
LEAD-00043,Starlight Labs,Telecommunications,Cold Outreach,5000.0,60.2,New,2026-04-26,Alex Rivera
LEAD-00044,Velocity Labs,Manufacturing & Industrial,Organic Search,5000.0,43.5,Contacted,2025-12-03,Priya Patel
LEAD-00045,Prism Digital,Financial Services & FinTech,Partner Channel,5000.0,64.4,Contacted,2026-02-28,Sarah Jenkins
LEAD-00046,Vertex Dynamics,SaaS & Cloud Software,Webinar,45000.0,95.0,Contacted,2026-04-03,David Kim
LEAD-00047,Vertex Enterprises,Manufacturing & Industrial,Cold Outreach,12000.0,41.6,New,2025-10-19,David Kim
LEAD-00048,Omni Dynamics,SaaS & Cloud Software,LinkedIn Campaign,20000.0,73.5,Qualified,2026-03-12,Michael Chang
LEAD-00049,Solstice Technologies,Financial Services & FinTech,Organic Search,12000.0,36.1,Contacted,2026-04-04,Michael Chang
LEAD-00050,Elevate Analytics,Healthcare & Life Sciences,Referral,35000.0,77.7,Proposal Sent,2025-11-03,Michael Chang
LEAD-00051,Beacon Innovations,Healthcare & Life Sciences,Webinar,45000.0,64.2,Won,2025-10-26,Emily Watson
LEAD-00052,Vertex Health,Healthcare & Life Sciences,Inbound Demo Request,15000.0,49.4,Proposal Sent,2026-05-21,Emily Watson
LEAD-00053,Velocity Capital,SaaS & Cloud Software,LinkedIn Campaign,20000.0,38.0,Qualified,2025-12-25,Michael Chang
LEAD-00054,Nexus Logistics,SaaS & Cloud Software,Partner Channel,5000.0,48.2,Lost,2026-04-05,Emily Watson
LEAD-00055,Acro Technologies,Manufacturing & Industrial,Webinar,20000.0,71.9,Lost,2026-08-16,David Kim
LEAD-00056,Solstice Digital,SaaS & Cloud Software,LinkedIn Campaign,8000.0,65.4,Contacted,2025-10-24,David Kim
LEAD-00057,Acro Systems,Manufacturing & Industrial,Partner Channel,5000.0,39.9,Contacted,2026-03-20,Alex Rivera
LEAD-00058,Solstice Analytics,Financial Services & FinTech,Inbound Demo Request,35000.0,99.0,Proposal Sent,2026-04-27,Emily Watson
LEAD-00059,Hyperion Systems,Professional Services & Consulting,Webinar,45000.0,55.4,Lost,2026-03-09,David Kim
LEAD-00060,CoreTech Capital,Financial Services & FinTech,Organic Search,12000.0,41.5,New,2026-03-22,Sarah Jenkins
LEAD-00061,Stratosphere Global,Healthcare & Life Sciences,Partner Channel,12000.0,55.0,Contacted,2025-11-09,Emily Watson
LEAD-00062,Quantum Digital,SaaS & Cloud Software,Referral,35000.0,78.2,Won,2026-03-09,Alex Rivera
LEAD-00063,Stratosphere Partners,Media & Entertainment,Cold Outreach,12000.0,46.1,Lost,2026-05-15,Emily Watson
LEAD-00064,Apex Enterprises,Manufacturing & Industrial,Referral,60000.0,85.6,Proposal Sent,2026-03-10,Alex Rivera
LEAD-00065,Prism Innovations,Professional Services & Consulting,Referral,35000.0,61.0,Negotiation,2025-11-19,Emily Watson
LEAD-00066,Stratosphere Capital,Manufacturing & Industrial,Webinar,45000.0,40.5,Proposal Sent,2025-11-28,David Kim
LEAD-00067,Elevate Health,Media & Entertainment,Inbound Demo Request,35000.0,57.7,Won,2025-09-15,Priya Patel
LEAD-00068,Quantum Technologies,Professional Services & Consulting,LinkedIn Campaign,8000.0,83.8,Contacted,2026-03-23,Michael Chang
LEAD-00069,Omni Digital,Financial Services & FinTech,Referral,15000.0,76.8,Negotiation,2026-04-12,Sarah Jenkins
LEAD-00070,Starlight Capital,SaaS & Cloud Software,Partner Channel,5000.0,44.0,Contacted,2026-01-02,David Kim
LEAD-00071,Vertex Global,Telecommunications,Cold Outreach,5000.0,64.1,Contacted,2025-12-28,Priya Patel
LEAD-00072,Apex Digital,Financial Services & FinTech,Inbound Demo Request,35000.0,64.2,Proposal Sent,2026-04-15,Sarah Jenkins
LEAD-00073,Hyperion Capital,Financial Services & FinTech,Organic Search,5000.0,60.3,Contacted,2026-05-04,Emily Watson
LEAD-00074,Quantum Enterprises,Manufacturing & Industrial,Partner Channel,5000.0,45.8,New,2025-11-19,Priya Patel
LEAD-00075,Prism Technologies,Financial Services & FinTech,Cold Outreach,5000.0,22.4,New,2025-12-26,Sarah Jenkins
LEAD-00076,Aegis Partners,Retail & E-Commerce,Referral,35000.0,88.6,Qualified,2026-02-01,Priya Patel
LEAD-00077,Starlight Systems,Manufacturing & Industrial,Organic Search,5000.0,17.9,New,2026-05-24,David Kim
LEAD-00078,Pinnacle Partners,SaaS & Cloud Software,Referral,35000.0,89.4,Qualified,2025-09-30,Emily Watson
LEAD-00079,Nexus Innovations,Professional Services & Consulting,Webinar,20000.0,68.3,Proposal Sent,2026-08-03,Sarah Jenkins
LEAD-00080,Elevate Global,Healthcare & Life Sciences,Inbound Demo Request,35000.0,56.7,Proposal Sent,2026-07-28,Emily Watson
LEAD-00081,Acro Solutions,Telecommunications,Partner Channel,12000.0,43.5,New,2026-01-10,David Kim
LEAD-00082,Pinnacle Capital,Manufacturing & Industrial,Referral,15000.0,71.5,Qualified,2025-10-19,Sarah Jenkins
LEAD-00083,Acro Analytics,Telecommunications,Webinar,45000.0,45.8,Lost,2026-01-20,Emily Watson
LEAD-00084,Nexus Health,Retail & E-Commerce,Inbound Demo Request,15000.0,81.3,Proposal Sent,2026-06-01,David Kim
LEAD-00085,Hyperion Digital,Media & Entertainment,Inbound Demo Request,35000.0,90.4,Won,2026-03-02,Michael Chang
LEAD-00086,Catalyst Systems,Media & Entertainment,Partner Channel,25000.0,30.0,Lost,2025-12-10,Michael Chang
LEAD-00087,Starlight Logistics,Telecommunications,Partner Channel,5000.0,67.3,New,2026-04-15,Emily Watson
LEAD-00088,Horizon Dynamics,Telecommunications,Cold Outreach,25000.0,23.4,Lost,2025-09-11,Priya Patel
LEAD-00089,Nexus Digital,Telecommunications,Partner Channel,12000.0,61.3,Qualified,2026-08-29,Alex Rivera
LEAD-00090,Horizon Partners,SaaS & Cloud Software,Organic Search,5000.0,30.3,Lost,2026-07-05,Sarah Jenkins
LEAD-00091,Acro Health,Professional Services & Consulting,Partner Channel,25000.0,49.9,Lost,2025-09-22,David Kim
LEAD-00092,Aura Digital,Manufacturing & Industrial,Referral,60000.0,69.6,Won,2026-04-29,Alex Rivera
LEAD-00093,Vanguard Innovations,SaaS & Cloud Software,Referral,120000.0,79.0,Won,2025-10-10,Alex Rivera
LEAD-00094,Acro Global,Telecommunications,Referral,120000.0,59.2,Won,2026-08-27,Sarah Jenkins
LEAD-00095,Synapse Partners,Professional Services & Consulting,Organic Search,5000.0,26.9,Contacted,2025-12-04,Sarah Jenkins
LEAD-00096,Stratosphere Capital,Retail & E-Commerce,Inbound Demo Request,120000.0,82.6,Won,2026-04-01,Emily Watson
LEAD-00097,Starlight Labs,Financial Services & FinTech,Referral,120000.0,50.5,Proposal Sent,2025-12-05,Emily Watson
LEAD-00098,Solstice Logistics,Media & Entertainment,Webinar,8000.0,43.9,Qualified,2026-08-28,Sarah Jenkins
LEAD-00099,Acro Systems,Telecommunications,LinkedIn Campaign,8000.0,60.5,Qualified,2025-11-03,Alex Rivera
LEAD-00100,Vanguard Digital,Financial Services & FinTech,Referral,60000.0,90.3,Won,2026-02-22,Priya Patel
LEAD-00101,Quantum Digital,SaaS & Cloud Software,Partner Channel,5000.0,15.6,New,2026-07-20,Michael Chang
LEAD-00102,Catalyst Partners,Media & Entertainment,Organic Search,12000.0,26.4,New,2026-01-25,Priya Patel
LEAD-00103,Quantum Systems,SaaS & Cloud Software,Referral,120000.0,87.9,Won,2025-09-17,Alex Rivera
LEAD-00104,Apex Partners,Media & Entertainment,Webinar,8000.0,31.1,Contacted,2025-11-14,Sarah Jenkins
LEAD-00105,Horizon Solutions,Telecommunications,Webinar,8000.0,69.4,Proposal Sent,2026-01-05,Michael Chang
LEAD-00106,Solstice Solutions,Financial Services & FinTech,Referral,60000.0,99.0,Qualified,2026-06-27,Michael Chang
LEAD-00107,Apex Dynamics,Media & Entertainment,Cold Outreach,12000.0,41.0,Qualified,2026-07-07,Alex Rivera
LEAD-00108,Aegis Logistics,Media & Entertainment,Cold Outreach,12000.0,47.2,Contacted,2026-01-04,Emily Watson
LEAD-00109,Starlight Dynamics,Telecommunications,Referral,15000.0,49.0,Lost,2026-03-20,David Kim
LEAD-00110,Aegis Capital,Retail & E-Commerce,Cold Outreach,5000.0,51.8,New,2026-01-06,Alex Rivera
LEAD-00111,Beacon Solutions,Healthcare & Life Sciences,LinkedIn Campaign,45000.0,72.2,Lost,2026-04-11,Alex Rivera
LEAD-00112,Catalyst Capital,Professional Services & Consulting,Cold Outreach,12000.0,42.4,New,2026-06-14,David Kim
LEAD-00113,Aura Dynamics,Retail & E-Commerce,Webinar,20000.0,72.3,Won,2026-04-26,Michael Chang
LEAD-00114,Solstice Partners,Healthcare & Life Sciences,Webinar,8000.0,66.7,Qualified,2026-08-03,David Kim
LEAD-00115,Apex Partners,Professional Services & Consulting,LinkedIn Campaign,8000.0,72.7,Qualified,2026-02-20,Emily Watson
LEAD-00116,Synapse Logistics,Manufacturing & Industrial,LinkedIn Campaign,8000.0,57.7,Qualified,2026-02-15,Alex Rivera
LEAD-00117,Vanguard Health,Financial Services & FinTech,LinkedIn Campaign,20000.0,65.8,Proposal Sent,2026-08-18,Priya Patel
LEAD-00118,Quantum Labs,Manufacturing & Industrial,Inbound Demo Request,60000.0,67.1,Won,2026-02-18,Michael Chang
LEAD-00119,Apex Dynamics,Retail & E-Commerce,Partner Channel,5000.0,20.5,Contacted,2025-10-07,Priya Patel
LEAD-00120,CoreTech Labs,Professional Services & Consulting,Cold Outreach,5000.0,49.5,New,2026-01-07,Michael Chang
LEAD-00121,Starlight Dynamics,Professional Services & Consulting,LinkedIn Campaign,45000.0,75.6,Won,2025-09-20,David Kim
LEAD-00122,Acro Digital,SaaS & Cloud Software,Partner Channel,5000.0,27.6,New,2026-08-18,David Kim
LEAD-00123,Nexus Global,Manufacturing & Industrial,Organic Search,5000.0,29.1,New,2025-11-13,Emily Watson
LEAD-00124,Hyperion Labs,Healthcare & Life Sciences,Referral,15000.0,81.4,Proposal Sent,2025-12-02,Michael Chang
LEAD-00125,Prism Solutions,Manufacturing & Industrial,LinkedIn Campaign,20000.0,85.2,Contacted,2026-07-19,Priya Patel
LEAD-00126,Synapse Capital,Healthcare & Life Sciences,Partner Channel,5000.0,51.9,Contacted,2026-01-07,Sarah Jenkins
LEAD-00127,Synapse Analytics,Financial Services & FinTech,LinkedIn Campaign,8000.0,64.1,Qualified,2026-05-15,Michael Chang
LEAD-00128,Vanguard Solutions,Telecommunications,Partner Channel,12000.0,64.0,Lost,2026-05-30,Michael Chang
LEAD-00129,Velocity Capital,SaaS & Cloud Software,Referral,35000.0,99.0,Won,2025-12-12,Emily Watson
LEAD-00130,Solstice Enterprises,Financial Services & FinTech,Cold Outreach,5000.0,35.7,Lost,2026-03-16,Priya Patel
LEAD-00131,Vertex Labs,Telecommunications,Referral,35000.0,85.6,Negotiation,2026-01-23,Alex Rivera
LEAD-00132,Velocity Technologies,Financial Services & FinTech,Webinar,20000.0,58.3,Contacted,2026-03-07,Alex Rivera
LEAD-00133,Quantum Labs,Healthcare & Life Sciences,Organic Search,12000.0,33.2,Lost,2026-02-15,David Kim
LEAD-00134,Prism Labs,Media & Entertainment,Cold Outreach,5000.0,59.3,New,2026-01-21,Alex Rivera
LEAD-00135,Vanguard Capital,Media & Entertainment,Cold Outreach,25000.0,41.6,Lost,2026-08-06,Michael Chang
LEAD-00136,Solstice Partners,Retail & E-Commerce,Partner Channel,5000.0,31.1,New,2025-12-25,David Kim
LEAD-00137,Zenith Systems,Telecommunications,Partner Channel,5000.0,30.8,New,2026-03-28,David Kim
LEAD-00138,Apex Digital,Healthcare & Life Sciences,Webinar,8000.0,63.2,Proposal Sent,2026-08-23,Michael Chang
LEAD-00139,Nexus Health,Financial Services & FinTech,Webinar,20000.0,68.6,Proposal Sent,2026-03-28,Michael Chang
LEAD-00140,Aura Digital,Media & Entertainment,Inbound Demo Request,60000.0,61.9,Won,2026-05-07,Priya Patel
LEAD-00141,Horizon Labs,Financial Services & FinTech,Webinar,20000.0,30.1,Contacted,2026-05-11,Emily Watson
LEAD-00142,Zenith Enterprises,Healthcare & Life Sciences,Cold Outreach,12000.0,35.1,Won,2026-02-11,Sarah Jenkins
LEAD-00143,Prism Labs,Financial Services & FinTech,Organic Search,5000.0,67.8,Contacted,2026-08-17,Emily Watson
LEAD-00144,Apex Health,Professional Services & Consulting,Webinar,20000.0,68.7,Contacted,2026-04-28,Sarah Jenkins
LEAD-00145,Nexus Labs,Retail & E-Commerce,LinkedIn Campaign,20000.0,28.8,Contacted,2026-03-22,Sarah Jenkins
LEAD-00146,Aegis Health,Healthcare & Life Sciences,LinkedIn Campaign,8000.0,56.1,Qualified,2026-03-02,Sarah Jenkins
LEAD-00147,Quantum Technologies,Retail & E-Commerce,Cold Outreach,12000.0,57.4,Contacted,2025-12-10,Michael Chang
LEAD-00148,CoreTech Analytics,Telecommunications,Inbound Demo Request,120000.0,69.1,Negotiation,2025-10-22,Priya Patel
LEAD-00149,Quantum Digital,Retail & E-Commerce,Partner Channel,25000.0,13.8,Lost,2026-01-29,Michael Chang
LEAD-00150,Stratosphere Enterprises,SaaS & Cloud Software,Organic Search,5000.0,76.6,New,2026-08-03,Sarah Jenkins
LEAD-00151,Vertex Systems,Telecommunications,Partner Channel,5000.0,54.1,New,2025-12-18,Sarah Jenkins
LEAD-00152,Elevate Enterprises,Professional Services & Consulting,LinkedIn Campaign,20000.0,73.0,Won,2025-10-21,Michael Chang
LEAD-00153,Omni Digital,Professional Services & Consulting,Webinar,20000.0,34.3,Lost,2025-11-06,Alex Rivera
LEAD-00154,Aegis Innovations,Media & Entertainment,Webinar,45000.0,38.9,Qualified,2026-06-08,David Kim
LEAD-00155,Aegis Innovations,SaaS & Cloud Software,Organic Search,5000.0,38.0,Contacted,2026-03-31,Michael Chang
LEAD-00156,Hyperion Enterprises,Financial Services & FinTech,Referral,35000.0,80.1,Proposal Sent,2025-09-30,Sarah Jenkins
LEAD-00157,Solstice Analytics,Financial Services & FinTech,Organic Search,12000.0,57.5,Contacted,2026-04-23,Michael Chang
LEAD-00158,Apex Labs,Healthcare & Life Sciences,Webinar,8000.0,76.2,Contacted,2026-07-22,David Kim
LEAD-00159,Aura Logistics,Manufacturing & Industrial,Organic Search,5000.0,45.8,Lost,2026-06-22,Emily Watson
LEAD-00160,Beacon Dynamics,Media & Entertainment,Webinar,8000.0,40.9,Contacted,2026-04-14,Michael Chang
LEAD-00161,CoreTech Enterprises,Manufacturing & Industrial,Organic Search,12000.0,19.2,New,2026-03-25,Michael Chang
LEAD-00162,Catalyst Digital,Professional Services & Consulting,LinkedIn Campaign,20000.0,65.7,Won,2026-07-02,Alex Rivera
LEAD-00163,Pinnacle Systems,Retail & E-Commerce,Partner Channel,5000.0,21.7,Qualified,2025-12-10,Priya Patel
LEAD-00164,Catalyst Labs,Professional Services & Consulting,Inbound Demo Request,60000.0,99.0,Won,2025-11-14,Sarah Jenkins
LEAD-00165,Nexus Dynamics,Manufacturing & Industrial,Inbound Demo Request,35000.0,64.6,Proposal Sent,2025-10-14,Sarah Jenkins
LEAD-00166,Elevate Digital,Media & Entertainment,Webinar,8000.0,78.6,Won,2026-02-09,David Kim
LEAD-00167,Beacon Logistics,Media & Entertainment,Cold Outreach,5000.0,51.9,New,2026-05-31,David Kim
LEAD-00168,Synapse Capital,Telecommunications,LinkedIn Campaign,8000.0,43.5,Lost,2026-05-22,Sarah Jenkins
LEAD-00169,Cognitive Capital,Healthcare & Life Sciences,Partner Channel,12000.0,69.3,Lost,2026-06-28,Michael Chang
LEAD-00170,Elevate Technologies,Retail & E-Commerce,Referral,35000.0,94.0,Won,2026-08-19,Emily Watson
LEAD-00171,Hyperion Technologies,Retail & E-Commerce,Cold Outreach,12000.0,32.4,Qualified,2026-05-02,Alex Rivera
LEAD-00172,Prism Solutions,SaaS & Cloud Software,Webinar,20000.0,80.1,Proposal Sent,2026-08-23,Alex Rivera
LEAD-00173,Zenith Labs,SaaS & Cloud Software,Referral,35000.0,73.2,Proposal Sent,2026-06-25,Priya Patel
LEAD-00174,Stratosphere Technologies,Financial Services & FinTech,Cold Outreach,5000.0,43.1,New,2026-04-03,Sarah Jenkins
LEAD-00175,Vanguard Dynamics,Telecommunications,Webinar,8000.0,38.6,Proposal Sent,2026-06-21,Alex Rivera
LEAD-00176,Elevate Capital,Telecommunications,Partner Channel,12000.0,74.4,New,2026-07-10,Michael Chang
LEAD-00177,Cognitive Global,Telecommunications,LinkedIn Campaign,8000.0,49.5,Proposal Sent,2026-05-26,David Kim
LEAD-00178,Beacon Analytics,Manufacturing & Industrial,Organic Search,25000.0,42.0,Lost,2026-05-04,Priya Patel
LEAD-00179,Solstice Solutions,Professional Services & Consulting,Inbound Demo Request,60000.0,84.8,Won,2026-06-17,Alex Rivera
LEAD-00180,Cognitive Labs,Financial Services & FinTech,Webinar,20000.0,61.0,Won,2026-08-04,Alex Rivera
LEAD-00181,Vertex Health,SaaS & Cloud Software,Organic Search,12000.0,48.6,New,2025-12-03,Alex Rivera
LEAD-00182,Zenith Labs,Telecommunications,Referral,15000.0,68.5,Proposal Sent,2026-06-18,Michael Chang
LEAD-00183,Pinnacle Health,SaaS & Cloud Software,Organic Search,12000.0,58.6,Contacted,2026-05-25,Alex Rivera
LEAD-00184,Pinnacle Labs,Retail & E-Commerce,Inbound Demo Request,60000.0,67.4,Qualified,2025-11-13,Priya Patel
LEAD-00185,Omni Enterprises,Telecommunications,Cold Outreach,12000.0,32.8,Lost,2026-07-25,David Kim
LEAD-00186,Omni Enterprises,Healthcare & Life Sciences,Inbound Demo Request,35000.0,96.0,Proposal Sent,2025-12-02,Sarah Jenkins
LEAD-00187,Zenith Solutions,SaaS & Cloud Software,LinkedIn Campaign,8000.0,51.2,Proposal Sent,2025-10-24,Emily Watson
LEAD-00188,Apex Health,SaaS & Cloud Software,Organic Search,5000.0,39.6,Qualified,2025-10-03,Alex Rivera
LEAD-00189,Velocity Partners,SaaS & Cloud Software,Webinar,20000.0,68.5,Won,2025-12-18,Alex Rivera
LEAD-00190,Pinnacle Labs,Financial Services & FinTech,Cold Outreach,5000.0,62.1,Qualified,2026-06-08,Michael Chang
LEAD-00191,Quantum Logistics,Media & Entertainment,Referral,35000.0,59.8,Negotiation,2026-04-23,Sarah Jenkins
LEAD-00192,Omni Technologies,Retail & E-Commerce,Organic Search,5000.0,18.1,New,2026-08-21,Emily Watson
LEAD-00193,Omni Labs,Telecommunications,Webinar,20000.0,54.6,Qualified,2026-06-14,David Kim
LEAD-00194,Cognitive Capital,Healthcare & Life Sciences,Webinar,8000.0,57.7,Proposal Sent,2026-03-30,David Kim
LEAD-00195,Prism Technologies,Financial Services & FinTech,Organic Search,12000.0,41.0,Qualified,2026-08-19,Priya Patel
LEAD-00196,Omni Digital,Media & Entertainment,Partner Channel,5000.0,41.9,Won,2026-03-21,Sarah Jenkins
LEAD-00197,Zenith Logistics,Professional Services & Consulting,Inbound Demo Request,15000.0,85.7,Won,2025-11-01,Emily Watson
LEAD-00198,Velocity Systems,Professional Services & Consulting,Partner Channel,12000.0,34.6,Qualified,2025-12-30,Sarah Jenkins
LEAD-00199,Aegis Enterprises,Financial Services & FinTech,LinkedIn Campaign,8000.0,36.9,Qualified,2025-12-31,Alex Rivera
LEAD-00200,Quantum Capital,Healthcare & Life Sciences,Cold Outreach,5000.0,36.0,Lost,2026-01-13,Emily Watson
LEAD-00201,Catalyst Technologies,SaaS & Cloud Software,LinkedIn Campaign,45000.0,66.9,Lost,2026-08-19,Priya Patel
LEAD-00202,Aura Health,Healthcare & Life Sciences,Referral,15000.0,75.3,Proposal Sent,2025-11-16,Michael Chang
LEAD-00203,Stratosphere Health,SaaS & Cloud Software,Inbound Demo Request,60000.0,95.1,Won,2026-04-24,Sarah Jenkins
LEAD-00204,Aegis Technologies,Telecommunications,Inbound Demo Request,60000.0,99.0,Won,2026-07-03,Emily Watson
LEAD-00205,Zenith Digital,Retail & E-Commerce,Cold Outreach,5000.0,66.5,Won,2026-02-18,David Kim
LEAD-00206,Velocity Labs,Financial Services & FinTech,Cold Outreach,12000.0,67.7,Lost,2026-04-24,Emily Watson
LEAD-00207,Elevate Partners,SaaS & Cloud Software,Webinar,45000.0,44.5,Contacted,2026-01-13,Priya Patel
LEAD-00208,Velocity Systems,SaaS & Cloud Software,Webinar,8000.0,45.2,Won,2025-09-25,David Kim
LEAD-00209,Vanguard Analytics,Professional Services & Consulting,Cold Outreach,5000.0,50.1,New,2026-06-13,Priya Patel
LEAD-00210,Aura Partners,Financial Services & FinTech,Cold Outreach,12000.0,69.6,New,2026-05-24,Alex Rivera
LEAD-00211,Zenith Technologies,Financial Services & FinTech,Cold Outreach,5000.0,83.0,New,2025-11-02,Alex Rivera
LEAD-00212,Vertex Analytics,SaaS & Cloud Software,Partner Channel,12000.0,60.1,Contacted,2026-06-28,David Kim
LEAD-00213,Zenith Enterprises,Retail & E-Commerce,Partner Channel,25000.0,35.8,Contacted,2026-06-15,Michael Chang
LEAD-00214,Acro Solutions,Financial Services & FinTech,Webinar,8000.0,42.4,Qualified,2025-10-08,Michael Chang
LEAD-00215,Quantum Technologies,Healthcare & Life Sciences,Cold Outreach,5000.0,75.6,Qualified,2026-01-28,David Kim
LEAD-00216,Apex Global,Financial Services & FinTech,LinkedIn Campaign,20000.0,83.9,Won,2025-10-10,David Kim
LEAD-00217,Quantum Partners,Professional Services & Consulting,Webinar,20000.0,56.9,Contacted,2026-07-31,Emily Watson
LEAD-00218,Vertex Technologies,Telecommunications,LinkedIn Campaign,20000.0,64.0,Qualified,2026-01-21,Sarah Jenkins
LEAD-00219,Acro Global,Telecommunications,LinkedIn Campaign,45000.0,79.1,Qualified,2026-06-03,Sarah Jenkins
LEAD-00220,Synapse Innovations,Financial Services & FinTech,Cold Outreach,12000.0,22.6,Lost,2026-08-28,Alex Rivera
LEAD-00221,Meridian Labs,Financial Services & FinTech,LinkedIn Campaign,8000.0,42.7,Contacted,2026-01-30,Emily Watson
LEAD-00222,Vanguard Labs,Healthcare & Life Sciences,LinkedIn Campaign,45000.0,57.1,Contacted,2026-03-10,David Kim
LEAD-00223,Velocity Innovations,Media & Entertainment,Partner Channel,12000.0,53.6,Contacted,2026-05-13,Sarah Jenkins
LEAD-00224,Nexus Labs,Professional Services & Consulting,Inbound Demo Request,35000.0,67.0,Negotiation,2026-08-11,Alex Rivera
LEAD-00225,Solstice Health,Retail & E-Commerce,Referral,35000.0,76.0,Negotiation,2026-05-03,Emily Watson
LEAD-00226,Aura Digital,Telecommunications,Cold Outreach,12000.0,23.1,New,2026-05-11,Alex Rivera
LEAD-00227,Vertex Capital,Professional Services & Consulting,Organic Search,5000.0,21.2,New,2025-09-29,Alex Rivera
LEAD-00228,Aura Innovations,Telecommunications,LinkedIn Campaign,20000.0,52.0,Contacted,2026-07-24,Emily Watson
LEAD-00229,Zenith Analytics,Media & Entertainment,Partner Channel,5000.0,53.5,New,2026-03-24,Priya Patel
LEAD-00230,Apex Innovations,Retail & E-Commerce,Referral,35000.0,84.0,Won,2026-05-08,Sarah Jenkins
LEAD-00231,Pinnacle Logistics,Telecommunications,Partner Channel,25000.0,22.6,New,2025-11-03,Sarah Jenkins
LEAD-00232,Vertex Innovations,Manufacturing & Industrial,Organic Search,5000.0,53.0,New,2026-06-07,Sarah Jenkins
LEAD-00233,Velocity Innovations,Healthcare & Life Sciences,Cold Outreach,5000.0,54.7,New,2026-07-12,Michael Chang
LEAD-00234,Hyperion Global,Telecommunications,Inbound Demo Request,60000.0,79.7,Won,2025-10-29,David Kim
LEAD-00235,Pinnacle Health,Media & Entertainment,LinkedIn Campaign,20000.0,53.1,Qualified,2026-04-21,David Kim
LEAD-00236,Pinnacle Health,SaaS & Cloud Software,Referral,15000.0,84.7,Qualified,2026-02-04,Emily Watson
LEAD-00237,Horizon Dynamics,Financial Services & FinTech,LinkedIn Campaign,8000.0,66.7,Proposal Sent,2025-12-26,Sarah Jenkins
LEAD-00238,Omni Solutions,Manufacturing & Industrial,LinkedIn Campaign,20000.0,77.2,Won,2025-10-09,David Kim
LEAD-00239,Zenith Logistics,Telecommunications,Organic Search,5000.0,41.9,New,2025-10-04,Priya Patel
LEAD-00240,Nexus Enterprises,Media & Entertainment,Referral,15000.0,99.0,Proposal Sent,2026-06-15,Alex Rivera
LEAD-00241,Horizon Systems,Retail & E-Commerce,Referral,60000.0,80.1,Qualified,2026-06-11,Sarah Jenkins
LEAD-00242,Vanguard Solutions,Financial Services & FinTech,Referral,15000.0,80.4,Won,2026-07-27,Michael Chang
LEAD-00243,Catalyst Analytics,Media & Entertainment,Referral,60000.0,61.4,Qualified,2026-08-28,Sarah Jenkins
LEAD-00244,Horizon Systems,SaaS & Cloud Software,Inbound Demo Request,15000.0,77.2,Won,2026-02-11,Priya Patel
LEAD-00245,Meridian Capital,Retail & E-Commerce,Partner Channel,5000.0,37.6,Lost,2026-07-12,Sarah Jenkins
LEAD-00246,Solstice Dynamics,Retail & E-Commerce,Organic Search,25000.0,28.8,Contacted,2026-01-10,Emily Watson
LEAD-00247,Apex Logistics,Retail & E-Commerce,Webinar,20000.0,61.9,Contacted,2026-03-07,Alex Rivera
LEAD-00248,Apex Solutions,Manufacturing & Industrial,Referral,60000.0,76.1,Proposal Sent,2025-12-16,Alex Rivera
LEAD-00249,Hyperion Systems,Manufacturing & Industrial,Inbound Demo Request,15000.0,87.2,Negotiation,2026-06-24,Michael Chang
LEAD-00250,Omni Technologies,Manufacturing & Industrial,Organic Search,12000.0,39.8,New,2026-02-21,Emily Watson
LEAD-00251,Vertex Systems,Manufacturing & Industrial,Cold Outreach,5000.0,65.8,Contacted,2026-03-27,David Kim
LEAD-00252,Omni Enterprises,Media & Entertainment,Webinar,45000.0,86.3,Proposal Sent,2026-02-02,Priya Patel
LEAD-00253,Acro Capital,Financial Services & FinTech,Webinar,20000.0,71.9,Contacted,2025-11-29,Sarah Jenkins
LEAD-00254,Elevate Global,Professional Services & Consulting,Inbound Demo Request,15000.0,49.2,Won,2026-06-08,Priya Patel
LEAD-00255,Meridian Systems,Professional Services & Consulting,Referral,35000.0,70.3,Won,2026-08-09,Michael Chang
LEAD-00256,Aura Enterprises,Telecommunications,Referral,35000.0,90.5,Proposal Sent,2026-04-22,Priya Patel
LEAD-00257,Beacon Global,SaaS & Cloud Software,LinkedIn Campaign,8000.0,85.2,Lost,2025-12-17,Priya Patel
LEAD-00258,Pinnacle Global,Retail & E-Commerce,LinkedIn Campaign,20000.0,74.6,Won,2026-06-12,Sarah Jenkins
LEAD-00259,Hyperion Enterprises,Manufacturing & Industrial,Organic Search,12000.0,33.8,Contacted,2026-04-24,Priya Patel
LEAD-00260,CoreTech Global,Manufacturing & Industrial,Organic Search,12000.0,48.0,Contacted,2025-10-23,David Kim
LEAD-00261,Aegis Enterprises,Media & Entertainment,Organic Search,12000.0,39.4,Contacted,2025-12-26,Sarah Jenkins
LEAD-00262,Aura Innovations,Media & Entertainment,Partner Channel,5000.0,32.1,Contacted,2026-05-30,David Kim
LEAD-00263,Nexus Technologies,Professional Services & Consulting,Cold Outreach,12000.0,57.3,Contacted,2026-05-19,David Kim
LEAD-00264,Vanguard Dynamics,Telecommunications,Inbound Demo Request,60000.0,56.8,Proposal Sent,2025-11-29,David Kim
LEAD-00265,Meridian Logistics,Manufacturing & Industrial,LinkedIn Campaign,8000.0,72.4,Contacted,2025-10-29,Sarah Jenkins
LEAD-00266,Pinnacle Systems,SaaS & Cloud Software,Referral,35000.0,78.4,Proposal Sent,2026-01-02,Emily Watson
LEAD-00267,Elevate Capital,Healthcare & Life Sciences,Cold Outreach,5000.0,56.9,New,2026-04-26,Priya Patel
LEAD-00268,Vertex Digital,SaaS & Cloud Software,Partner Channel,12000.0,30.9,New,2026-03-16,Michael Chang
LEAD-00269,Elevate Dynamics,Media & Entertainment,Partner Channel,5000.0,27.7,Won,2025-10-20,Alex Rivera
LEAD-00270,Zenith Digital,Manufacturing & Industrial,Webinar,20000.0,65.7,Lost,2026-07-17,David Kim
LEAD-00271,Aegis Health,Telecommunications,Cold Outreach,5000.0,37.4,New,2026-02-03,David Kim
LEAD-00272,Vanguard Enterprises,Professional Services & Consulting,Referral,15000.0,62.4,Qualified,2026-02-26,Sarah Jenkins
LEAD-00273,Pinnacle Partners,Financial Services & FinTech,Inbound Demo Request,35000.0,81.4,Lost,2026-04-25,Sarah Jenkins
LEAD-00274,Beacon Innovations,Financial Services & FinTech,Organic Search,5000.0,35.5,Contacted,2025-11-11,Priya Patel
LEAD-00275,Quantum Systems,Healthcare & Life Sciences,Cold Outreach,25000.0,31.7,Contacted,2026-06-07,Alex Rivera
LEAD-00276,Synapse Global,Healthcare & Life Sciences,Partner Channel,12000.0,26.6,Qualified,2025-12-31,Alex Rivera
LEAD-00277,Beacon Labs,Professional Services & Consulting,Partner Channel,5000.0,51.2,Lost,2026-08-17,David Kim
LEAD-00278,Vanguard Partners,Retail & E-Commerce,Inbound Demo Request,15000.0,85.8,Won,2026-07-08,David Kim
LEAD-00279,Elevate Global,SaaS & Cloud Software,Organic Search,5000.0,56.8,New,2026-03-28,Alex Rivera
LEAD-00280,Nexus Digital,Retail & E-Commerce,Partner Channel,5000.0,47.1,Qualified,2026-06-01,David Kim
LEAD-00281,Hyperion Innovations,Healthcare & Life Sciences,LinkedIn Campaign,8000.0,65.3,Proposal Sent,2026-03-15,Priya Patel
LEAD-00282,Acro Logistics,Financial Services & FinTech,Inbound Demo Request,60000.0,99.0,Proposal Sent,2026-01-12,Alex Rivera
LEAD-00283,Solstice Capital,Professional Services & Consulting,Referral,35000.0,55.4,Won,2025-11-19,Michael Chang
LEAD-00284,Solstice Global,Retail & E-Commerce,Referral,35000.0,89.9,Proposal Sent,2026-04-29,David Kim
LEAD-00285,Prism Partners,Media & Entertainment,Referral,15000.0,57.1,Won,2025-11-10,David Kim
LEAD-00286,Solstice Labs,Healthcare & Life Sciences,Partner Channel,5000.0,48.9,Lost,2026-05-26,David Kim
LEAD-00287,Vertex Logistics,Media & Entertainment,Partner Channel,5000.0,43.8,Lost,2026-05-03,Sarah Jenkins
LEAD-00288,Starlight Analytics,Telecommunications,LinkedIn Campaign,20000.0,60.7,Qualified,2026-08-22,Sarah Jenkins
LEAD-00289,Catalyst Enterprises,Professional Services & Consulting,Inbound Demo Request,60000.0,84.8,Negotiation,2026-07-18,David Kim
LEAD-00290,CoreTech Technologies,Telecommunications,Referral,60000.0,62.0,Qualified,2026-08-16,David Kim
LEAD-00291,Acro Technologies,SaaS & Cloud Software,Referral,120000.0,83.5,Proposal Sent,2025-11-03,Alex Rivera
LEAD-00292,Pinnacle Innovations,Financial Services & FinTech,Webinar,8000.0,95.0,Won,2026-03-28,Alex Rivera
LEAD-00293,Apex Solutions,Telecommunications,Webinar,8000.0,28.7,Won,2025-12-15,Michael Chang
LEAD-00294,Acro Global,Financial Services & FinTech,Webinar,8000.0,53.1,Contacted,2026-03-04,Emily Watson
LEAD-00295,Prism Logistics,Media & Entertainment,Webinar,45000.0,44.3,Contacted,2026-03-05,Priya Patel
LEAD-00296,Aegis Health,Professional Services & Consulting,LinkedIn Campaign,20000.0,84.2,Contacted,2025-10-25,David Kim
LEAD-00297,Omni Dynamics,Financial Services & FinTech,Inbound Demo Request,35000.0,85.9,Negotiation,2025-10-17,Alex Rivera
LEAD-00298,Hyperion Capital,Professional Services & Consulting,Webinar,45000.0,89.2,Contacted,2025-11-14,Michael Chang
LEAD-00299,Omni Partners,Financial Services & FinTech,Organic Search,5000.0,36.7,New,2025-09-22,Alex Rivera
LEAD-00300,Nexus Solutions,Retail & E-Commerce,Webinar,8000.0,66.8,Qualified,2025-09-16,Emily Watson
LEAD-00301,Acro Systems,Telecommunications,Webinar,8000.0,90.7,Proposal Sent,2025-12-12,Alex Rivera
LEAD-00302,Aegis Labs,Financial Services & FinTech,Organic Search,5000.0,62.4,New,2026-06-06,Alex Rivera
LEAD-00303,Vertex Technologies,Retail & E-Commerce,Inbound Demo Request,120000.0,94.6,Won,2026-05-03,Alex Rivera
LEAD-00304,Apex Capital,SaaS & Cloud Software,Organic Search,12000.0,35.3,New,2026-06-26,Michael Chang
LEAD-00305,Vanguard Solutions,SaaS & Cloud Software,Cold Outreach,5000.0,60.1,New,2025-12-14,Sarah Jenkins
LEAD-00306,Synapse Innovations,SaaS & Cloud Software,Organic Search,5000.0,57.1,Lost,2025-10-13,Emily Watson
LEAD-00307,Catalyst Enterprises,Media & Entertainment,LinkedIn Campaign,20000.0,68.1,Contacted,2025-09-27,David Kim
LEAD-00308,Vertex Analytics,Financial Services & FinTech,Webinar,45000.0,31.3,Qualified,2025-12-07,Michael Chang
LEAD-00309,Cognitive Innovations,Financial Services & FinTech,Inbound Demo Request,35000.0,65.6,Qualified,2026-01-25,David Kim
LEAD-00310,Omni Global,Financial Services & FinTech,LinkedIn Campaign,8000.0,58.1,Lost,2025-09-08,Alex Rivera
LEAD-00311,Solstice Enterprises,Media & Entertainment,Cold Outreach,5000.0,38.4,Lost,2026-01-17,Sarah Jenkins
LEAD-00312,Hyperion Analytics,Financial Services & FinTech,Partner Channel,12000.0,66.3,New,2026-03-10,David Kim
LEAD-00313,Hyperion Analytics,Healthcare & Life Sciences,Cold Outreach,25000.0,36.2,Contacted,2026-05-11,Michael Chang
LEAD-00314,Vertex Health,Media & Entertainment,Partner Channel,12000.0,81.7,New,2026-04-06,Alex Rivera
LEAD-00315,Vanguard Systems,Manufacturing & Industrial,Referral,35000.0,90.5,Won,2026-02-24,Emily Watson
LEAD-00316,Catalyst Innovations,Media & Entertainment,Cold Outreach,5000.0,48.6,Qualified,2026-01-05,Emily Watson
LEAD-00317,Vertex Systems,Professional Services & Consulting,Organic Search,5000.0,13.9,New,2025-12-24,Alex Rivera
LEAD-00318,Zenith Dynamics,SaaS & Cloud Software,Inbound Demo Request,60000.0,69.4,Proposal Sent,2026-06-11,Alex Rivera
LEAD-00319,Hyperion Partners,Media & Entertainment,Partner Channel,12000.0,55.6,Contacted,2026-06-27,Emily Watson
LEAD-00320,Quantum Logistics,Media & Entertainment,LinkedIn Campaign,8000.0,73.9,Proposal Sent,2026-05-08,Priya Patel
LEAD-00321,Apex Technologies,Financial Services & FinTech,Cold Outreach,5000.0,81.1,New,2026-01-23,Alex Rivera
LEAD-00322,Horizon Technologies,Professional Services & Consulting,Cold Outreach,12000.0,42.5,Lost,2026-07-18,Priya Patel
LEAD-00323,Aegis Digital,Financial Services & FinTech,LinkedIn Campaign,8000.0,55.2,Won,2026-03-23,Alex Rivera
LEAD-00324,Velocity Health,Retail & E-Commerce,Partner Channel,5000.0,16.6,Lost,2025-10-01,David Kim
LEAD-00325,Zenith Health,Manufacturing & Industrial,Webinar,20000.0,46.1,Contacted,2026-06-04,Priya Patel
LEAD-00326,Zenith Solutions,Financial Services & FinTech,Partner Channel,5000.0,35.6,New,2025-09-13,David Kim
LEAD-00327,Cognitive Global,Manufacturing & Industrial,Organic Search,25000.0,32.9,Lost,2026-02-10,Michael Chang
LEAD-00328,Nexus Innovations,Healthcare & Life Sciences,Inbound Demo Request,35000.0,67.9,Won,2026-05-27,Michael Chang
LEAD-00329,Velocity Global,Retail & E-Commerce,Referral,15000.0,54.0,Won,2025-10-09,Priya Patel
LEAD-00330,Beacon Technologies,Professional Services & Consulting,LinkedIn Campaign,8000.0,87.2,Proposal Sent,2026-08-09,Michael Chang
LEAD-00331,Stratosphere Dynamics,SaaS & Cloud Software,Referral,35000.0,78.1,Negotiation,2026-02-22,David Kim
LEAD-00332,Horizon Health,Professional Services & Consulting,Referral,60000.0,86.8,Negotiation,2026-08-10,David Kim
LEAD-00333,Vertex Innovations,Media & Entertainment,Inbound Demo Request,15000.0,86.6,Negotiation,2025-09-07,Alex Rivera
LEAD-00334,Meridian Innovations,SaaS & Cloud Software,Cold Outreach,5000.0,22.1,New,2026-04-12,Emily Watson
LEAD-00335,Zenith Systems,Telecommunications,Webinar,20000.0,58.7,Qualified,2026-08-05,Alex Rivera
LEAD-00336,Elevate Capital,Healthcare & Life Sciences,Cold Outreach,25000.0,39.5,Lost,2025-12-30,Alex Rivera
LEAD-00337,Aegis Technologies,Professional Services & Consulting,Webinar,8000.0,46.5,Qualified,2025-11-14,David Kim
LEAD-00338,Beacon Innovations,Manufacturing & Industrial,Referral,60000.0,99.0,Proposal Sent,2026-03-14,Alex Rivera
LEAD-00339,Stratosphere Innovations,Retail & E-Commerce,Partner Channel,5000.0,59.3,New,2025-12-17,Priya Patel
LEAD-00340,Omni Dynamics,SaaS & Cloud Software,Partner Channel,12000.0,53.3,Lost,2025-12-05,Michael Chang
LEAD-00341,Vertex Capital,Retail & E-Commerce,Organic Search,12000.0,58.6,New,2026-08-23,Michael Chang
LEAD-00342,Pinnacle Digital,Healthcare & Life Sciences,Cold Outreach,5000.0,46.0,Contacted,2026-03-29,Sarah Jenkins
LEAD-00343,Omni Partners,Healthcare & Life Sciences,Organic Search,5000.0,63.0,New,2025-09-25,Michael Chang
LEAD-00344,CoreTech Analytics,Media & Entertainment,Webinar,8000.0,56.5,Contacted,2026-01-28,Emily Watson
LEAD-00345,Stratosphere Labs,Financial Services & FinTech,Cold Outreach,12000.0,47.2,Contacted,2025-10-10,Alex Rivera
LEAD-00346,Aura Partners,Healthcare & Life Sciences,Cold Outreach,5000.0,28.8,New,2025-12-29,Priya Patel
LEAD-00347,Vertex Solutions,SaaS & Cloud Software,Partner Channel,12000.0,52.0,Qualified,2026-03-27,Priya Patel
LEAD-00348,Starlight Partners,Healthcare & Life Sciences,Inbound Demo Request,35000.0,69.2,Won,2025-11-05,David Kim
LEAD-00349,Vanguard Partners,SaaS & Cloud Software,LinkedIn Campaign,45000.0,52.3,Won,2025-12-10,Michael Chang
LEAD-00350,Stratosphere Capital,Professional Services & Consulting,Cold Outreach,5000.0,57.3,New,2026-05-11,Priya Patel
LEAD-00351,Acro Partners,Healthcare & Life Sciences,Partner Channel,12000.0,41.8,Contacted,2026-02-16,Sarah Jenkins
LEAD-00352,Vanguard Dynamics,Financial Services & FinTech,Inbound Demo Request,120000.0,79.6,Won,2026-07-05,Emily Watson
LEAD-00353,Aegis Solutions,Professional Services & Consulting,Organic Search,5000.0,20.7,Lost,2026-06-16,Emily Watson
LEAD-00354,Velocity Partners,Media & Entertainment,Webinar,20000.0,56.6,Lost,2026-08-21,Priya Patel
LEAD-00355,Stratosphere Analytics,Telecommunications,Referral,15000.0,70.2,Won,2026-07-13,Sarah Jenkins
LEAD-00356,Acro Dynamics,Media & Entertainment,LinkedIn Campaign,8000.0,51.9,Qualified,2026-08-20,Priya Patel
LEAD-00357,CoreTech Capital,Media & Entertainment,Inbound Demo Request,35000.0,79.3,Won,2026-07-22,Emily Watson
LEAD-00358,Velocity Innovations,Media & Entertainment,Webinar,8000.0,58.8,Proposal Sent,2025-12-28,Alex Rivera
LEAD-00359,Prism Global,SaaS & Cloud Software,Organic Search,5000.0,48.0,New,2025-09-19,Priya Patel
LEAD-00360,Meridian Labs,SaaS & Cloud Software,Organic Search,5000.0,14.0,Lost,2026-01-23,Sarah Jenkins
LEAD-00361,Hyperion Digital,Financial Services & FinTech,Referral,60000.0,66.7,Won,2026-04-25,David Kim
LEAD-00362,Hyperion Innovations,SaaS & Cloud Software,Inbound Demo Request,120000.0,97.8,Negotiation,2026-03-28,Michael Chang
LEAD-00363,Solstice Partners,Manufacturing & Industrial,LinkedIn Campaign,20000.0,57.5,Contacted,2026-06-22,Priya Patel
LEAD-00364,Solstice Partners,Healthcare & Life Sciences,Organic Search,12000.0,27.5,Contacted,2025-12-25,Sarah Jenkins
LEAD-00365,Acro Labs,SaaS & Cloud Software,Inbound Demo Request,35000.0,87.6,Won,2026-05-07,Alex Rivera
LEAD-00366,Omni Logistics,Professional Services & Consulting,Inbound Demo Request,15000.0,86.8,Negotiation,2025-12-03,Priya Patel
LEAD-00367,Catalyst Logistics,Healthcare & Life Sciences,LinkedIn Campaign,20000.0,30.3,Won,2026-02-26,Emily Watson
LEAD-00368,Omni Global,Manufacturing & Industrial,Organic Search,5000.0,47.0,New,2026-02-16,Michael Chang
LEAD-00369,Stratosphere Dynamics,Healthcare & Life Sciences,Webinar,8000.0,36.5,Proposal Sent,2026-04-08,David Kim
LEAD-00370,Stratosphere Analytics,Healthcare & Life Sciences,Cold Outreach,25000.0,38.8,Lost,2026-04-13,Sarah Jenkins
LEAD-00371,Stratosphere Technologies,Healthcare & Life Sciences,Inbound Demo Request,15000.0,87.5,Proposal Sent,2026-02-09,Emily Watson
LEAD-00372,Stratosphere Dynamics,Healthcare & Life Sciences,Cold Outreach,5000.0,27.3,New,2026-08-29,Sarah Jenkins
LEAD-00373,Prism Enterprises,Retail & E-Commerce,Referral,35000.0,99.0,Negotiation,2026-04-09,Priya Patel
LEAD-00374,Apex Technologies,Retail & E-Commerce,Organic Search,5000.0,66.1,Qualified,2026-01-26,Alex Rivera
LEAD-00375,Prism Enterprises,Retail & E-Commerce,LinkedIn Campaign,8000.0,45.9,Proposal Sent,2026-05-21,Alex Rivera
LEAD-00376,Synapse Analytics,Healthcare & Life Sciences,Partner Channel,5000.0,42.9,Contacted,2025-10-18,Sarah Jenkins
LEAD-00377,Meridian Dynamics,Media & Entertainment,Webinar,20000.0,69.3,Qualified,2026-07-30,Michael Chang
LEAD-00378,Starlight Systems,Manufacturing & Industrial,Organic Search,5000.0,24.3,Contacted,2025-11-18,Emily Watson
LEAD-00379,Acro Dynamics,SaaS & Cloud Software,Organic Search,5000.0,42.4,Contacted,2026-01-28,David Kim
LEAD-00380,Zenith Enterprises,Retail & E-Commerce,Webinar,8000.0,84.2,Won,2025-11-10,Emily Watson
LEAD-00381,Beacon Labs,Healthcare & Life Sciences,Inbound Demo Request,120000.0,95.3,Negotiation,2026-05-03,David Kim
LEAD-00382,Hyperion Innovations,Professional Services & Consulting,Partner Channel,5000.0,33.7,New,2025-12-11,David Kim
LEAD-00383,Prism Labs,Retail & E-Commerce,Partner Channel,5000.0,63.7,Contacted,2025-12-10,Alex Rivera
LEAD-00384,CoreTech Labs,Media & Entertainment,Organic Search,5000.0,64.8,Contacted,2026-05-12,David Kim
LEAD-00385,Beacon Innovations,Professional Services & Consulting,Partner Channel,12000.0,23.9,Contacted,2026-04-13,David Kim
LEAD-00386,Meridian Global,Retail & E-Commerce,Referral,15000.0,71.5,Lost,2026-01-05,Alex Rivera
LEAD-00387,Apex Technologies,Media & Entertainment,Referral,35000.0,57.6,Negotiation,2026-02-14,Sarah Jenkins
LEAD-00388,Pinnacle Dynamics,Manufacturing & Industrial,Organic Search,5000.0,41.4,Lost,2026-04-04,David Kim
LEAD-00389,Velocity Solutions,Telecommunications,Partner Channel,5000.0,65.9,Qualified,2025-12-01,Alex Rivera
LEAD-00390,Starlight Solutions,Healthcare & Life Sciences,Inbound Demo Request,15000.0,66.3,Negotiation,2026-02-24,Michael Chang
LEAD-00391,CoreTech Partners,Retail & E-Commerce,Cold Outreach,5000.0,57.1,New,2026-07-02,Emily Watson
LEAD-00392,Aura Enterprises,Professional Services & Consulting,Cold Outreach,5000.0,49.0,Lost,2025-12-01,Emily Watson
LEAD-00393,Zenith Global,Professional Services & Consulting,LinkedIn Campaign,8000.0,69.5,Won,2025-10-26,Priya Patel
LEAD-00394,Pinnacle Technologies,Healthcare & Life Sciences,Inbound Demo Request,120000.0,83.1,Proposal Sent,2026-01-16,Sarah Jenkins
LEAD-00395,Meridian Global,Healthcare & Life Sciences,Organic Search,12000.0,11.3,Contacted,2026-07-31,Priya Patel
LEAD-00396,Aegis Solutions,Manufacturing & Industrial,Inbound Demo Request,35000.0,90.3,Negotiation,2025-10-07,Sarah Jenkins
LEAD-00397,Cognitive Global,Financial Services & FinTech,Cold Outreach,5000.0,57.4,Contacted,2026-02-19,Alex Rivera
LEAD-00398,Acro Digital,Manufacturing & Industrial,Organic Search,5000.0,28.2,Contacted,2026-07-07,Priya Patel
LEAD-00399,Solstice Partners,Professional Services & Consulting,Cold Outreach,25000.0,49.5,New,2026-07-11,Emily Watson
LEAD-00400,Elevate Labs,Retail & E-Commerce,Partner Channel,5000.0,35.3,Contacted,2026-01-07,Michael Chang
LEAD-00401,Vertex Labs,Retail & E-Commerce,Inbound Demo Request,15000.0,78.0,Negotiation,2026-08-26,Michael Chang
LEAD-00402,Synapse Global,Professional Services & Consulting,Inbound Demo Request,15000.0,65.8,Lost,2025-10-09,Michael Chang
LEAD-00403,Cognitive Logistics,Professional Services & Consulting,Webinar,45000.0,60.2,Contacted,2026-08-22,Emily Watson
LEAD-00404,Nexus Innovations,Media & Entertainment,Cold Outreach,12000.0,37.2,Contacted,2025-10-01,Michael Chang
LEAD-00405,Omni Health,Retail & E-Commerce,Referral,15000.0,65.3,Won,2026-07-16,Michael Chang
LEAD-00406,Solstice Analytics,Retail & E-Commerce,Organic Search,5000.0,46.3,Lost,2026-03-14,David Kim
LEAD-00407,Quantum Innovations,SaaS & Cloud Software,Webinar,8000.0,95.0,Contacted,2026-05-02,Alex Rivera
LEAD-00408,Synapse Digital,Professional Services & Consulting,Referral,60000.0,81.9,Negotiation,2026-03-31,Priya Patel
LEAD-00409,Horizon Digital,Professional Services & Consulting,Inbound Demo Request,120000.0,87.1,Qualified,2026-05-19,David Kim
LEAD-00410,Elevate Analytics,Telecommunications,Partner Channel,5000.0,24.1,Won,2025-09-16,Sarah Jenkins
LEAD-00411,Vertex Global,Professional Services & Consulting,Organic Search,5000.0,48.7,New,2026-05-12,Sarah Jenkins
LEAD-00412,Zenith Capital,Financial Services & FinTech,Organic Search,5000.0,27.3,New,2026-07-16,David Kim
LEAD-00413,Nexus Partners,Media & Entertainment,LinkedIn Campaign,8000.0,81.1,Proposal Sent,2025-10-14,David Kim
LEAD-00414,Cognitive Solutions,Professional Services & Consulting,LinkedIn Campaign,20000.0,61.0,Qualified,2026-05-17,Michael Chang
LEAD-00415,Horizon Labs,SaaS & Cloud Software,Referral,15000.0,90.5,Negotiation,2026-05-21,Michael Chang
LEAD-00416,CoreTech Capital,Telecommunications,Cold Outreach,5000.0,21.7,Lost,2026-01-11,David Kim
LEAD-00417,Nexus Capital,SaaS & Cloud Software,Cold Outreach,5000.0,22.1,Contacted,2025-10-13,Priya Patel
LEAD-00418,Hyperion Global,Media & Entertainment,Inbound Demo Request,35000.0,91.2,Proposal Sent,2025-10-01,David Kim
LEAD-00419,Hyperion Dynamics,Retail & E-Commerce,Partner Channel,5000.0,46.7,New,2026-02-28,Sarah Jenkins
LEAD-00420,CoreTech Labs,Manufacturing & Industrial,Organic Search,5000.0,29.8,Qualified,2025-10-10,Alex Rivera
LEAD-00421,Starlight Partners,Media & Entertainment,Organic Search,5000.0,40.9,Contacted,2026-08-25,David Kim
LEAD-00422,Acro Capital,Retail & E-Commerce,LinkedIn Campaign,20000.0,70.2,Won,2026-01-02,Michael Chang
LEAD-00423,Synapse Dynamics,Financial Services & FinTech,Organic Search,5000.0,33.4,Qualified,2026-04-02,Michael Chang
LEAD-00424,Vertex Innovations,Telecommunications,Webinar,8000.0,47.4,Qualified,2026-03-14,Priya Patel
LEAD-00425,Prism Health,Manufacturing & Industrial,Inbound Demo Request,120000.0,69.1,Won,2026-08-25,Emily Watson
LEAD-00426,Hyperion Health,Professional Services & Consulting,Cold Outreach,5000.0,48.0,New,2025-10-04,Priya Patel
LEAD-00427,Zenith Partners,Healthcare & Life Sciences,Referral,60000.0,56.4,Won,2025-12-16,Michael Chang
LEAD-00428,Stratosphere Technologies,Financial Services & FinTech,LinkedIn Campaign,20000.0,42.4,Won,2026-02-01,Sarah Jenkins
LEAD-00429,Prism Dynamics,Telecommunications,Cold Outreach,5000.0,49.8,Contacted,2025-10-08,Alex Rivera
LEAD-00430,CoreTech Partners,Media & Entertainment,Organic Search,5000.0,64.0,New,2025-11-11,David Kim
LEAD-00431,Elevate Logistics,Media & Entertainment,Inbound Demo Request,35000.0,76.9,Proposal Sent,2025-09-10,Priya Patel
LEAD-00432,Synapse Health,Retail & E-Commerce,LinkedIn Campaign,8000.0,79.4,Qualified,2026-01-27,Priya Patel
LEAD-00433,Solstice Innovations,Professional Services & Consulting,LinkedIn Campaign,20000.0,79.6,Qualified,2025-11-13,Emily Watson
LEAD-00434,Apex Innovations,SaaS & Cloud Software,Inbound Demo Request,60000.0,77.5,Negotiation,2026-04-08,Michael Chang
LEAD-00435,Meridian Innovations,Media & Entertainment,Organic Search,12000.0,58.0,Lost,2026-05-06,Priya Patel
LEAD-00436,Stratosphere Digital,Healthcare & Life Sciences,Cold Outreach,5000.0,39.7,Contacted,2026-03-05,David Kim
LEAD-00437,Aura Solutions,Financial Services & FinTech,Partner Channel,5000.0,58.8,New,2025-12-11,Michael Chang
LEAD-00438,Nexus Innovations,Retail & E-Commerce,Partner Channel,5000.0,38.8,New,2026-05-26,Michael Chang
LEAD-00439,Pinnacle Digital,Professional Services & Consulting,Webinar,20000.0,77.6,Lost,2026-08-10,David Kim
LEAD-00440,Vertex Digital,Manufacturing & Industrial,Organic Search,25000.0,19.7,Lost,2026-07-16,David Kim
LEAD-00441,Nexus Innovations,Manufacturing & Industrial,Referral,60000.0,61.2,Won,2026-08-26,Emily Watson
LEAD-00442,Beacon Partners,Healthcare & Life Sciences,Inbound Demo Request,15000.0,64.4,Won,2026-04-11,Sarah Jenkins
LEAD-00443,Aegis Enterprises,Healthcare & Life Sciences,LinkedIn Campaign,20000.0,27.5,Contacted,2026-02-27,Sarah Jenkins
LEAD-00444,Hyperion Labs,Retail & E-Commerce,Organic Search,12000.0,35.6,Contacted,2026-08-18,Alex Rivera
LEAD-00445,Zenith Solutions,Financial Services & FinTech,LinkedIn Campaign,20000.0,55.6,Lost,2026-05-23,Priya Patel
LEAD-00446,Vanguard Labs,Retail & E-Commerce,Partner Channel,25000.0,36.5,Won,2026-02-16,Emily Watson
LEAD-00447,Hyperion Digital,Media & Entertainment,Organic Search,5000.0,38.1,New,2026-08-08,Alex Rivera
LEAD-00448,Zenith Labs,Telecommunications,Partner Channel,5000.0,34.1,New,2026-05-05,Priya Patel
LEAD-00449,Prism Capital,Professional Services & Consulting,Referral,60000.0,87.5,Won,2026-08-10,Emily Watson
LEAD-00450,Apex Solutions,Manufacturing & Industrial,Inbound Demo Request,60000.0,99.0,Negotiation,2026-06-17,Michael Chang
LEAD-00451,Hyperion Labs,Healthcare & Life Sciences,Webinar,8000.0,71.2,Won,2025-11-24,Michael Chang
LEAD-00452,CoreTech Innovations,SaaS & Cloud Software,Organic Search,5000.0,44.8,New,2026-08-05,Michael Chang
LEAD-00453,Zenith Digital,SaaS & Cloud Software,Organic Search,5000.0,57.0,Lost,2025-10-28,Emily Watson
LEAD-00454,CoreTech Digital,Financial Services & FinTech,Referral,15000.0,63.1,Proposal Sent,2025-12-28,Priya Patel
LEAD-00455,Pinnacle Dynamics,SaaS & Cloud Software,Partner Channel,5000.0,28.7,Lost,2026-06-15,Priya Patel
LEAD-00456,Nexus Dynamics,SaaS & Cloud Software,Referral,15000.0,82.0,Won,2025-12-26,Priya Patel
LEAD-00457,Quantum Technologies,Retail & E-Commerce,Referral,35000.0,87.0,Negotiation,2026-07-23,Alex Rivera
LEAD-00458,Catalyst Capital,Telecommunications,Inbound Demo Request,120000.0,71.5,Proposal Sent,2026-08-24,Sarah Jenkins
LEAD-00459,Prism Health,Telecommunications,Referral,15000.0,76.4,Negotiation,2026-03-15,Alex Rivera
LEAD-00460,Velocity Dynamics,Professional Services & Consulting,Referral,120000.0,79.9,Proposal Sent,2026-04-17,David Kim
LEAD-00461,Synapse Logistics,SaaS & Cloud Software,Referral,35000.0,85.3,Won,2026-08-11,Sarah Jenkins
LEAD-00462,Elevate Capital,Professional Services & Consulting,Organic Search,5000.0,33.4,New,2026-03-31,Alex Rivera
LEAD-00463,Beacon Solutions,Media & Entertainment,Webinar,20000.0,43.6,Qualified,2025-09-07,David Kim
LEAD-00464,Starlight Digital,Healthcare & Life Sciences,LinkedIn Campaign,8000.0,57.8,Qualified,2026-07-24,Sarah Jenkins
LEAD-00465,Hyperion Digital,Telecommunications,Referral,35000.0,86.8,Won,2025-12-10,Alex Rivera
LEAD-00466,Catalyst Health,Healthcare & Life Sciences,Cold Outreach,12000.0,42.3,Qualified,2025-12-03,Emily Watson
LEAD-00467,Cognitive Analytics,Telecommunications,Referral,35000.0,80.0,Proposal Sent,2025-10-26,Michael Chang
LEAD-00468,Nexus Dynamics,Media & Entertainment,Referral,35000.0,85.3,Qualified,2025-12-13,David Kim
LEAD-00469,Zenith Systems,SaaS & Cloud Software,Cold Outreach,5000.0,32.1,Contacted,2025-11-10,Sarah Jenkins
LEAD-00470,Apex Technologies,Retail & E-Commerce,Partner Channel,5000.0,54.0,Lost,2026-03-23,Michael Chang
LEAD-00471,Hyperion Innovations,Retail & E-Commerce,Referral,60000.0,98.3,Proposal Sent,2026-01-19,Sarah Jenkins
LEAD-00472,CoreTech Digital,Manufacturing & Industrial,Organic Search,5000.0,39.0,Contacted,2025-12-08,Priya Patel
LEAD-00473,Quantum Labs,Manufacturing & Industrial,Organic Search,12000.0,20.2,Lost,2025-12-14,Priya Patel
LEAD-00474,Aegis Analytics,Telecommunications,Cold Outreach,5000.0,41.4,New,2025-10-06,Michael Chang
LEAD-00475,Cognitive Enterprises,Media & Entertainment,Partner Channel,5000.0,60.0,Lost,2026-06-03,Priya Patel
LEAD-00476,Cognitive Analytics,Healthcare & Life Sciences,LinkedIn Campaign,8000.0,55.1,Qualified,2026-06-19,Priya Patel
LEAD-00477,Starlight Logistics,Financial Services & FinTech,Referral,60000.0,76.3,Qualified,2025-11-22,Emily Watson
LEAD-00478,Velocity Labs,Financial Services & FinTech,LinkedIn Campaign,8000.0,52.5,Contacted,2026-07-12,Priya Patel
LEAD-00479,Aura Enterprises,Telecommunications,LinkedIn Campaign,20000.0,45.9,Won,2026-04-24,Emily Watson
LEAD-00480,Aura Logistics,Manufacturing & Industrial,Webinar,20000.0,59.0,Contacted,2025-11-27,Emily Watson
LEAD-00481,Pinnacle Systems,Financial Services & FinTech,Partner Channel,5000.0,62.3,New,2026-03-17,David Kim
LEAD-00482,Hyperion Health,Media & Entertainment,Partner Channel,25000.0,78.8,Lost,2025-10-01,Priya Patel
LEAD-00483,Starlight Analytics,Telecommunications,Partner Channel,12000.0,52.1,Qualified,2026-04-10,Priya Patel
LEAD-00484,Hyperion Enterprises,Professional Services & Consulting,Partner Channel,25000.0,39.4,New,2025-11-08,Priya Patel
LEAD-00485,Prism Capital,Professional Services & Consulting,Referral,60000.0,75.8,Lost,2025-09-09,Emily Watson
LEAD-00486,Pinnacle Dynamics,Telecommunications,Webinar,20000.0,45.0,Won,2026-03-10,Michael Chang
LEAD-00487,Acro Labs,Professional Services & Consulting,Organic Search,5000.0,39.6,Lost,2025-11-28,Priya Patel
LEAD-00488,Solstice Labs,Retail & E-Commerce,Organic Search,5000.0,41.1,Lost,2026-02-13,Alex Rivera
LEAD-00489,Prism Technologies,Professional Services & Consulting,Organic Search,12000.0,19.3,Lost,2026-07-17,Sarah Jenkins
LEAD-00490,Pinnacle Capital,Manufacturing & Industrial,Cold Outreach,12000.0,50.4,New,2026-01-15,Alex Rivera
LEAD-00491,Quantum Enterprises,Healthcare & Life Sciences,Referral,35000.0,83.3,Proposal Sent,2026-01-11,Priya Patel
LEAD-00492,Zenith Labs,Retail & E-Commerce,LinkedIn Campaign,20000.0,83.6,Won,2026-05-25,Alex Rivera
LEAD-00493,Velocity Systems,SaaS & Cloud Software,Cold Outreach,12000.0,49.9,Qualified,2026-08-23,Alex Rivera
LEAD-00494,Synapse Analytics,SaaS & Cloud Software,Organic Search,5000.0,18.4,Contacted,2025-12-14,Michael Chang
LEAD-00495,Prism Enterprises,SaaS & Cloud Software,Webinar,20000.0,85.5,Qualified,2025-12-27,Emily Watson
LEAD-00496,Prism Solutions,Healthcare & Life Sciences,Organic Search,5000.0,55.4,Contacted,2026-06-17,Alex Rivera
LEAD-00497,Hyperion Technologies,Professional Services & Consulting,Partner Channel,12000.0,62.2,New,2026-05-07,David Kim
LEAD-00498,Velocity Dynamics,SaaS & Cloud Software,Inbound Demo Request,60000.0,64.6,Won,2026-01-16,Priya Patel
LEAD-00499,Meridian Health,SaaS & Cloud Software,Inbound Demo Request,35000.0,74.2,Qualified,2025-12-02,Michael Chang
LEAD-00500,Velocity Dynamics,Telecommunications,Cold Outreach,5000.0,48.5,Contacted,2025-09-07,Priya Patel
LEAD-00501,Pinnacle Solutions,Manufacturing & Industrial,LinkedIn Campaign,45000.0,66.6,Contacted,2026-06-11,Priya Patel
LEAD-00502,Acro Global,Manufacturing & Industrial,Organic Search,5000.0,22.0,Lost,2025-12-20,Priya Patel
LEAD-00503,Solstice Innovations,Healthcare & Life Sciences,Partner Channel,5000.0,30.6,New,2025-12-17,Michael Chang
LEAD-00504,Aura Dynamics,Professional Services & Consulting,Cold Outreach,12000.0,47.6,Lost,2026-05-31,David Kim
LEAD-00505,Apex Systems,Financial Services & FinTech,Webinar,20000.0,67.8,Won,2026-02-04,Sarah Jenkins
LEAD-00506,Quantum Systems,Healthcare & Life Sciences,Inbound Demo Request,15000.0,72.7,Negotiation,2026-08-19,Emily Watson
LEAD-00507,CoreTech Health,Telecommunications,Partner Channel,12000.0,71.3,Qualified,2026-04-04,Michael Chang
LEAD-00508,Catalyst Labs,Telecommunications,Organic Search,12000.0,31.5,Lost,2026-07-11,Priya Patel
LEAD-00509,Synapse Solutions,Financial Services & FinTech,LinkedIn Campaign,8000.0,63.8,Qualified,2025-09-30,Emily Watson
LEAD-00510,CoreTech Capital,SaaS & Cloud Software,Referral,35000.0,65.5,Proposal Sent,2026-01-17,Alex Rivera
LEAD-00511,Solstice Solutions,SaaS & Cloud Software,Organic Search,5000.0,38.6,New,2026-03-18,David Kim
LEAD-00512,Stratosphere Health,SaaS & Cloud Software,Cold Outreach,5000.0,60.8,Lost,2026-03-30,Alex Rivera
LEAD-00513,Nexus Global,Retail & E-Commerce,Cold Outreach,12000.0,19.8,Contacted,2025-09-07,Priya Patel
LEAD-00514,Quantum Global,Media & Entertainment,Inbound Demo Request,35000.0,75.0,Qualified,2025-09-23,Sarah Jenkins
LEAD-00515,Synapse Digital,Financial Services & FinTech,Organic Search,5000.0,24.5,Contacted,2026-04-29,David Kim
LEAD-00516,Synapse Labs,SaaS & Cloud Software,Cold Outreach,12000.0,45.3,New,2026-07-13,Emily Watson
LEAD-00517,Solstice Systems,Retail & E-Commerce,Referral,60000.0,83.3,Won,2025-10-31,Sarah Jenkins
LEAD-00518,Apex Analytics,Media & Entertainment,Inbound Demo Request,60000.0,71.5,Won,2026-04-01,Alex Rivera
LEAD-00519,Catalyst Logistics,SaaS & Cloud Software,Webinar,20000.0,67.8,Proposal Sent,2025-11-02,Sarah Jenkins
LEAD-00520,Nexus Health,Professional Services & Consulting,Partner Channel,5000.0,52.7,Lost,2025-12-02,Alex Rivera
LEAD-00521,Nexus Logistics,Telecommunications,Inbound Demo Request,15000.0,83.5,Proposal Sent,2025-10-21,Sarah Jenkins
LEAD-00522,Solstice Enterprises,Manufacturing & Industrial,Partner Channel,5000.0,20.6,Lost,2026-06-11,Priya Patel
LEAD-00523,Hyperion Partners,Financial Services & FinTech,Webinar,20000.0,68.0,Proposal Sent,2026-04-08,Michael Chang
LEAD-00524,Stratosphere Labs,Retail & E-Commerce,Cold Outreach,12000.0,32.0,Contacted,2026-04-14,Sarah Jenkins
LEAD-00525,Aura Logistics,Financial Services & FinTech,Partner Channel,12000.0,53.2,Lost,2026-01-22,Emily Watson
LEAD-00526,Hyperion Analytics,Retail & E-Commerce,Webinar,8000.0,63.1,Qualified,2025-10-30,David Kim
LEAD-00527,Stratosphere Systems,Financial Services & FinTech,LinkedIn Campaign,20000.0,49.9,Proposal Sent,2026-01-29,Michael Chang
LEAD-00528,Pinnacle Partners,Financial Services & FinTech,Webinar,20000.0,77.7,Qualified,2025-10-03,Emily Watson
LEAD-00529,Stratosphere Partners,Financial Services & FinTech,Referral,35000.0,73.7,Qualified,2026-02-21,Michael Chang
LEAD-00530,Cognitive Global,Professional Services & Consulting,Inbound Demo Request,120000.0,74.7,Qualified,2026-06-14,Michael Chang
LEAD-00531,Prism Health,Financial Services & FinTech,Inbound Demo Request,15000.0,61.8,Proposal Sent,2026-02-20,Emily Watson
LEAD-00532,Horizon Technologies,Professional Services & Consulting,Organic Search,5000.0,24.6,New,2026-01-26,Emily Watson
LEAD-00533,Beacon Systems,Retail & E-Commerce,Referral,15000.0,58.3,Negotiation,2025-10-10,Priya Patel
LEAD-00534,Zenith Global,Healthcare & Life Sciences,Organic Search,5000.0,49.3,Contacted,2025-11-14,Alex Rivera
LEAD-00535,Quantum Global,Retail & E-Commerce,Referral,15000.0,56.7,Proposal Sent,2026-03-03,Priya Patel
LEAD-00536,Synapse Digital,Manufacturing & Industrial,LinkedIn Campaign,45000.0,54.0,Contacted,2026-02-13,Alex Rivera
LEAD-00537,Cognitive Systems,SaaS & Cloud Software,Inbound Demo Request,60000.0,78.9,Qualified,2026-03-02,Michael Chang
LEAD-00538,Catalyst Digital,Media & Entertainment,Organic Search,5000.0,34.5,Contacted,2025-10-05,Sarah Jenkins
LEAD-00539,Aura Dynamics,Telecommunications,Referral,15000.0,76.5,Qualified,2026-01-26,Priya Patel
LEAD-00540,Aura Digital,Manufacturing & Industrial,LinkedIn Campaign,45000.0,55.4,Proposal Sent,2026-06-06,Emily Watson
LEAD-00541,Cognitive Labs,SaaS & Cloud Software,Cold Outreach,5000.0,53.5,New,2025-11-30,Michael Chang
LEAD-00542,Omni Dynamics,Professional Services & Consulting,Cold Outreach,12000.0,36.3,Lost,2026-02-23,Alex Rivera
LEAD-00543,Vertex Analytics,SaaS & Cloud Software,Webinar,8000.0,58.0,Contacted,2026-07-11,Emily Watson
LEAD-00544,Acro Analytics,Healthcare & Life Sciences,Referral,35000.0,91.5,Qualified,2025-10-15,Priya Patel
LEAD-00545,CoreTech Labs,Media & Entertainment,Inbound Demo Request,120000.0,91.5,Qualified,2025-10-25,David Kim
LEAD-00546,Horizon Logistics,Media & Entertainment,Inbound Demo Request,15000.0,94.0,Won,2025-10-19,Alex Rivera
LEAD-00547,Horizon Labs,Media & Entertainment,Partner Channel,12000.0,49.8,Contacted,2026-06-18,Alex Rivera
LEAD-00548,Starlight Global,Professional Services & Consulting,Referral,35000.0,99.0,Proposal Sent,2025-12-18,Sarah Jenkins
LEAD-00549,Velocity Systems,Financial Services & FinTech,Inbound Demo Request,120000.0,57.8,Proposal Sent,2026-01-15,Alex Rivera
LEAD-00550,Stratosphere Innovations,Retail & E-Commerce,Partner Channel,5000.0,32.1,Contacted,2025-12-30,Priya Patel
LEAD-00551,Vanguard Global,Telecommunications,Webinar,8000.0,52.2,Contacted,2026-08-13,Michael Chang
LEAD-00552,Vanguard Health,Telecommunications,LinkedIn Campaign,20000.0,57.5,Qualified,2025-11-14,Sarah Jenkins
LEAD-00553,Horizon Systems,Healthcare & Life Sciences,Cold Outreach,5000.0,56.2,Lost,2026-08-30,Alex Rivera
LEAD-00554,Cognitive Innovations,Manufacturing & Industrial,Referral,15000.0,86.2,Proposal Sent,2026-01-25,Alex Rivera
LEAD-00555,Vertex Innovations,Professional Services & Consulting,Partner Channel,12000.0,53.3,Lost,2026-02-21,Michael Chang
LEAD-00556,Synapse Dynamics,Manufacturing & Industrial,Cold Outreach,12000.0,49.9,Won,2025-09-29,David Kim
LEAD-00557,Velocity Partners,Manufacturing & Industrial,Referral,60000.0,72.5,Proposal Sent,2025-10-26,Michael Chang
LEAD-00558,Elevate Digital,Financial Services & FinTech,Referral,15000.0,99.0,Won,2025-10-01,Michael Chang
LEAD-00559,Zenith Solutions,Professional Services & Consulting,Referral,15000.0,77.3,Won,2025-09-30,Priya Patel
LEAD-00560,Meridian Labs,Media & Entertainment,Cold Outreach,5000.0,40.8,New,2026-06-19,Alex Rivera
LEAD-00561,Synapse Capital,Financial Services & FinTech,Referral,35000.0,80.5,Won,2026-02-23,Priya Patel
LEAD-00562,Horizon Health,Financial Services & FinTech,Partner Channel,5000.0,34.8,New,2026-05-14,Priya Patel
LEAD-00563,Solstice Analytics,SaaS & Cloud Software,Partner Channel,5000.0,35.3,Lost,2026-06-21,David Kim
LEAD-00564,Horizon Innovations,SaaS & Cloud Software,Referral,60000.0,73.6,Negotiation,2025-09-17,Sarah Jenkins
LEAD-00565,Vanguard Capital,Financial Services & FinTech,Referral,15000.0,64.0,Negotiation,2025-10-06,Priya Patel
LEAD-00566,Vanguard Dynamics,SaaS & Cloud Software,Webinar,8000.0,62.5,Contacted,2026-01-26,Emily Watson
LEAD-00567,Apex Health,Telecommunications,Referral,15000.0,78.8,Lost,2026-02-17,Alex Rivera
LEAD-00568,Vanguard Analytics,Retail & E-Commerce,Partner Channel,25000.0,49.9,Qualified,2025-11-22,Emily Watson
LEAD-00569,Vertex Dynamics,Telecommunications,Partner Channel,12000.0,15.6,Lost,2026-01-13,Sarah Jenkins
LEAD-00570,Acro Dynamics,SaaS & Cloud Software,LinkedIn Campaign,45000.0,78.3,Contacted,2026-03-08,David Kim
LEAD-00571,Vanguard Digital,Retail & E-Commerce,Cold Outreach,12000.0,5.0,Lost,2026-03-31,Michael Chang
LEAD-00572,Pinnacle Health,Telecommunications,Partner Channel,5000.0,20.8,Contacted,2026-08-04,Sarah Jenkins
LEAD-00573,Velocity Health,Financial Services & FinTech,Referral,35000.0,61.7,Won,2026-06-20,Alex Rivera
LEAD-00574,Stratosphere Solutions,Manufacturing & Industrial,LinkedIn Campaign,8000.0,71.5,Contacted,2026-05-22,David Kim
LEAD-00575,CoreTech Partners,SaaS & Cloud Software,Organic Search,5000.0,24.8,Lost,2026-04-13,Michael Chang
LEAD-00576,Beacon Technologies,SaaS & Cloud Software,LinkedIn Campaign,20000.0,58.6,Qualified,2026-04-01,David Kim
LEAD-00577,Vertex Health,Retail & E-Commerce,Partner Channel,12000.0,39.3,Contacted,2025-11-02,Alex Rivera
LEAD-00578,Stratosphere Innovations,Healthcare & Life Sciences,Referral,15000.0,85.3,Proposal Sent,2026-06-20,Alex Rivera
LEAD-00579,Meridian Partners,Manufacturing & Industrial,Inbound Demo Request,60000.0,99.0,Won,2025-12-15,Sarah Jenkins
LEAD-00580,Prism Partners,Media & Entertainment,Partner Channel,5000.0,59.8,New,2026-04-03,Sarah Jenkins
LEAD-00581,Aegis Innovations,SaaS & Cloud Software,Referral,35000.0,73.0,Won,2026-08-22,Michael Chang
LEAD-00582,Omni Systems,SaaS & Cloud Software,Referral,60000.0,65.6,Proposal Sent,2026-07-14,Sarah Jenkins
LEAD-00583,Vertex Logistics,Telecommunications,LinkedIn Campaign,8000.0,72.3,Contacted,2025-11-21,Sarah Jenkins
LEAD-00584,Catalyst Solutions,Healthcare & Life Sciences,Inbound Demo Request,35000.0,86.1,Won,2026-02-26,Sarah Jenkins
LEAD-00585,Nexus Analytics,Professional Services & Consulting,Webinar,8000.0,62.0,Qualified,2026-02-25,Michael Chang
LEAD-00586,Stratosphere Innovations,Retail & E-Commerce,Inbound Demo Request,60000.0,99.0,Won,2025-12-31,Alex Rivera
LEAD-00587,CoreTech Systems,Telecommunications,Organic Search,5000.0,50.3,Contacted,2026-06-04,Priya Patel
LEAD-00588,Stratosphere Labs,Media & Entertainment,Organic Search,12000.0,26.5,Contacted,2026-02-26,Michael Chang
LEAD-00589,Horizon Enterprises,Financial Services & FinTech,Webinar,45000.0,94.9,Qualified,2026-08-06,Priya Patel
LEAD-00590,Horizon Dynamics,Telecommunications,Cold Outreach,12000.0,28.1,Contacted,2026-08-27,Michael Chang
LEAD-00591,Synapse Enterprises,Financial Services & FinTech,Organic Search,5000.0,56.7,New,2026-04-30,David Kim
LEAD-00592,Aegis Partners,Telecommunications,Referral,35000.0,69.0,Negotiation,2026-01-08,David Kim
LEAD-00593,Elevate Enterprises,Telecommunications,Organic Search,25000.0,18.4,Contacted,2026-02-09,Priya Patel
LEAD-00594,Horizon Innovations,Retail & E-Commerce,Inbound Demo Request,15000.0,65.8,Proposal Sent,2025-09-19,Emily Watson
LEAD-00595,Vanguard Partners,Manufacturing & Industrial,Inbound Demo Request,15000.0,88.5,Won,2026-02-17,Sarah Jenkins
LEAD-00596,Vertex Global,Financial Services & FinTech,Webinar,45000.0,50.8,Proposal Sent,2025-11-15,Emily Watson
LEAD-00597,Elevate Dynamics,Retail & E-Commerce,Webinar,45000.0,53.1,Won,2025-12-29,Emily Watson
LEAD-00598,Hyperion Capital,Financial Services & FinTech,Referral,15000.0,70.4,Won,2026-02-11,Michael Chang
LEAD-00599,Apex Analytics,Financial Services & FinTech,LinkedIn Campaign,20000.0,46.7,Lost,2025-10-24,David Kim
LEAD-00600,Cognitive Partners,Healthcare & Life Sciences,Webinar,45000.0,38.4,Proposal Sent,2026-01-14,Alex Rivera
LEAD-00601,Starlight Labs,Financial Services & FinTech,LinkedIn Campaign,8000.0,54.6,Qualified,2026-03-03,Sarah Jenkins
LEAD-00602,Vertex Enterprises,Telecommunications,LinkedIn Campaign,8000.0,62.8,Contacted,2026-02-25,Michael Chang
LEAD-00603,Stratosphere Technologies,Financial Services & FinTech,Organic Search,5000.0,23.6,Lost,2025-12-01,Emily Watson
LEAD-00604,Nexus Innovations,Professional Services & Consulting,LinkedIn Campaign,45000.0,75.5,Proposal Sent,2026-03-17,Priya Patel
LEAD-00605,Nexus Partners,Financial Services & FinTech,Organic Search,12000.0,29.5,Lost,2025-11-15,Alex Rivera
LEAD-00606,Aura Partners,SaaS & Cloud Software,Webinar,8000.0,57.1,Qualified,2026-08-17,Emily Watson
LEAD-00607,Zenith Global,Media & Entertainment,Inbound Demo Request,120000.0,96.0,Won,2025-11-01,David Kim
LEAD-00608,Aura Health,Financial Services & FinTech,Inbound Demo Request,60000.0,71.4,Lost,2026-01-15,David Kim
LEAD-00609,Hyperion Enterprises,Retail & E-Commerce,Referral,15000.0,91.6,Proposal Sent,2025-11-23,Michael Chang
LEAD-00610,Hyperion Digital,Manufacturing & Industrial,Webinar,20000.0,39.5,Qualified,2025-10-08,Michael Chang
LEAD-00611,Synapse Technologies,SaaS & Cloud Software,Partner Channel,12000.0,19.5,New,2026-04-17,Michael Chang
LEAD-00612,Omni Solutions,SaaS & Cloud Software,Partner Channel,5000.0,31.1,New,2025-10-22,Michael Chang
LEAD-00613,Hyperion Labs,Media & Entertainment,Partner Channel,12000.0,37.1,Lost,2026-07-10,Priya Patel
LEAD-00614,Pinnacle Analytics,Telecommunications,Organic Search,12000.0,32.2,Lost,2025-12-24,Alex Rivera
LEAD-00615,Pinnacle Systems,Manufacturing & Industrial,Inbound Demo Request,35000.0,87.0,Negotiation,2026-02-05,Alex Rivera
LEAD-00616,Quantum Systems,Healthcare & Life Sciences,Organic Search,12000.0,31.7,Contacted,2026-06-13,Emily Watson
LEAD-00617,Synapse Solutions,Healthcare & Life Sciences,Inbound Demo Request,15000.0,93.4,Won,2026-08-12,Emily Watson
LEAD-00618,Omni Solutions,Retail & E-Commerce,Referral,35000.0,97.0,Negotiation,2026-01-24,Priya Patel
LEAD-00619,Aegis Innovations,Financial Services & FinTech,LinkedIn Campaign,20000.0,81.1,Contacted,2025-11-03,Priya Patel
LEAD-00620,Starlight Dynamics,Media & Entertainment,LinkedIn Campaign,20000.0,35.2,Proposal Sent,2026-01-07,Alex Rivera
LEAD-00621,Elevate Solutions,Telecommunications,Referral,15000.0,84.1,Won,2026-02-10,Priya Patel
LEAD-00622,Starlight Labs,Telecommunications,Partner Channel,5000.0,35.0,New,2026-07-29,Alex Rivera
LEAD-00623,Omni Health,Telecommunications,Referral,35000.0,61.6,Lost,2026-05-01,Emily Watson
LEAD-00624,Prism Global,Retail & E-Commerce,Partner Channel,12000.0,30.1,Contacted,2025-10-29,Emily Watson
LEAD-00625,Velocity Digital,Healthcare & Life Sciences,Referral,60000.0,70.5,Qualified,2026-05-07,Emily Watson
LEAD-00626,Aura Health,Professional Services & Consulting,Inbound Demo Request,35000.0,89.4,Proposal Sent,2025-10-23,Priya Patel
LEAD-00627,Hyperion Technologies,Media & Entertainment,Organic Search,5000.0,27.9,Contacted,2026-06-20,Emily Watson
LEAD-00628,Apex Enterprises,Telecommunications,Organic Search,5000.0,22.2,Contacted,2025-09-23,David Kim
LEAD-00629,Aura Systems,Media & Entertainment,Referral,60000.0,79.4,Won,2026-02-07,Michael Chang
LEAD-00630,Stratosphere Labs,SaaS & Cloud Software,Webinar,45000.0,77.8,Contacted,2026-04-25,Emily Watson
LEAD-00631,Pinnacle Systems,Financial Services & FinTech,LinkedIn Campaign,20000.0,95.0,Won,2026-08-19,Michael Chang
LEAD-00632,Solstice Solutions,Telecommunications,LinkedIn Campaign,8000.0,79.2,Qualified,2026-02-04,Michael Chang
LEAD-00633,Vanguard Solutions,Healthcare & Life Sciences,Referral,15000.0,93.7,Won,2026-01-12,Priya Patel
LEAD-00634,Horizon Dynamics,Media & Entertainment,Webinar,45000.0,53.8,Qualified,2026-05-01,Michael Chang
LEAD-00635,Cognitive Partners,Telecommunications,LinkedIn Campaign,8000.0,55.3,Contacted,2026-03-08,Alex Rivera
LEAD-00636,Prism Logistics,Media & Entertainment,Organic Search,25000.0,37.9,Lost,2026-07-09,Alex Rivera
LEAD-00637,Velocity Solutions,Media & Entertainment,Cold Outreach,12000.0,65.6,Qualified,2025-12-12,David Kim
LEAD-00638,Prism Digital,Financial Services & FinTech,Cold Outreach,25000.0,59.4,Lost,2026-02-04,Emily Watson
LEAD-00639,Velocity Enterprises,Media & Entertainment,Inbound Demo Request,15000.0,58.0,Won,2026-06-25,Michael Chang
LEAD-00640,CoreTech Global,SaaS & Cloud Software,Cold Outreach,5000.0,60.1,Qualified,2025-12-28,David Kim
LEAD-00641,Quantum Innovations,Media & Entertainment,Inbound Demo Request,15000.0,98.4,Negotiation,2026-05-18,Priya Patel
LEAD-00642,Catalyst Enterprises,Financial Services & FinTech,Organic Search,5000.0,47.0,Lost,2026-01-13,Emily Watson
LEAD-00643,Elevate Global,Financial Services & FinTech,Inbound Demo Request,15000.0,59.2,Proposal Sent,2026-01-05,Michael Chang
LEAD-00644,Starlight Dynamics,Healthcare & Life Sciences,Webinar,20000.0,71.0,Won,2025-10-13,Michael Chang
LEAD-00645,Hyperion Digital,Healthcare & Life Sciences,Referral,35000.0,91.0,Proposal Sent,2026-06-23,David Kim
LEAD-00646,Acro Capital,Telecommunications,Webinar,8000.0,62.6,Proposal Sent,2026-06-05,Alex Rivera
LEAD-00647,Vanguard Logistics,Professional Services & Consulting,Cold Outreach,5000.0,49.1,Contacted,2025-10-28,Alex Rivera
LEAD-00648,Omni Digital,Healthcare & Life Sciences,Webinar,8000.0,42.6,Contacted,2026-05-24,Sarah Jenkins
LEAD-00649,Vanguard Logistics,Healthcare & Life Sciences,Inbound Demo Request,120000.0,67.7,Proposal Sent,2026-03-26,David Kim
LEAD-00650,Pinnacle Capital,Media & Entertainment,Inbound Demo Request,35000.0,86.2,Won,2026-02-25,David Kim
LEAD-00651,Aura Analytics,Manufacturing & Industrial,Webinar,8000.0,61.0,Qualified,2026-02-24,Michael Chang
LEAD-00652,Cognitive Capital,Telecommunications,Referral,120000.0,73.5,Lost,2026-04-13,David Kim
LEAD-00653,Cognitive Labs,Manufacturing & Industrial,Cold Outreach,12000.0,46.3,Contacted,2026-04-19,David Kim
LEAD-00654,Prism Analytics,Professional Services & Consulting,Partner Channel,5000.0,27.8,Lost,2025-12-24,Michael Chang
LEAD-00655,Elevate Capital,Manufacturing & Industrial,Organic Search,12000.0,46.9,Contacted,2025-10-08,Michael Chang
LEAD-00656,Vanguard Dynamics,SaaS & Cloud Software,Cold Outreach,12000.0,74.0,New,2026-03-24,Sarah Jenkins
LEAD-00657,Elevate Enterprises,SaaS & Cloud Software,Partner Channel,5000.0,66.4,Contacted,2026-05-24,Michael Chang
LEAD-00658,Catalyst Solutions,Media & Entertainment,LinkedIn Campaign,45000.0,70.3,Qualified,2026-01-05,David Kim
LEAD-00659,Apex Digital,Financial Services & FinTech,LinkedIn Campaign,8000.0,64.9,Won,2025-09-14,Sarah Jenkins
LEAD-00660,Catalyst Labs,Retail & E-Commerce,Cold Outreach,12000.0,5.7,Lost,2025-11-28,David Kim
LEAD-00661,Cognitive Enterprises,Professional Services & Consulting,Referral,35000.0,97.5,Won,2025-11-15,Michael Chang
LEAD-00662,Vanguard Logistics,Telecommunications,Webinar,8000.0,49.2,Contacted,2026-04-28,Alex Rivera
LEAD-00663,Pinnacle Logistics,SaaS & Cloud Software,LinkedIn Campaign,20000.0,70.8,Contacted,2025-11-05,Emily Watson
LEAD-00664,Horizon Dynamics,Telecommunications,Webinar,8000.0,46.8,Won,2025-11-30,Emily Watson
LEAD-00665,Prism Digital,SaaS & Cloud Software,LinkedIn Campaign,8000.0,74.0,Lost,2026-02-09,David Kim
LEAD-00666,Zenith Partners,Professional Services & Consulting,Partner Channel,25000.0,65.9,Qualified,2026-01-26,Emily Watson
LEAD-00667,Omni Global,Professional Services & Consulting,Cold Outreach,5000.0,42.8,Won,2026-06-02,Alex Rivera
LEAD-00668,Vertex Innovations,Media & Entertainment,Webinar,8000.0,46.6,Qualified,2025-12-10,Michael Chang
LEAD-00669,Horizon Health,Professional Services & Consulting,LinkedIn Campaign,8000.0,67.9,Qualified,2026-05-31,Priya Patel
LEAD-00670,Beacon Innovations,Retail & E-Commerce,LinkedIn Campaign,8000.0,45.7,Proposal Sent,2026-04-27,Michael Chang
LEAD-00671,Stratosphere Health,Media & Entertainment,Inbound Demo Request,60000.0,86.2,Proposal Sent,2026-04-21,David Kim
LEAD-00672,Stratosphere Technologies,Media & Entertainment,Referral,35000.0,71.2,Negotiation,2025-10-24,Sarah Jenkins
LEAD-00673,Omni Global,Telecommunications,LinkedIn Campaign,8000.0,55.9,Won,2026-06-12,Sarah Jenkins
LEAD-00674,CoreTech Partners,Professional Services & Consulting,Inbound Demo Request,35000.0,70.4,Proposal Sent,2026-08-21,Alex Rivera
LEAD-00675,Hyperion Digital,Telecommunications,Inbound Demo Request,60000.0,74.5,Negotiation,2026-06-27,Sarah Jenkins
LEAD-00676,Hyperion Labs,Retail & E-Commerce,LinkedIn Campaign,45000.0,80.7,Proposal Sent,2026-08-12,Sarah Jenkins
LEAD-00677,Stratosphere Technologies,Professional Services & Consulting,Webinar,20000.0,59.9,Contacted,2026-07-24,Sarah Jenkins
LEAD-00678,Beacon Enterprises,SaaS & Cloud Software,Inbound Demo Request,15000.0,79.6,Qualified,2025-11-07,David Kim
LEAD-00679,Vertex Health,Financial Services & FinTech,Inbound Demo Request,35000.0,76.5,Won,2026-04-23,Emily Watson
LEAD-00680,CoreTech Technologies,Telecommunications,LinkedIn Campaign,8000.0,37.1,Proposal Sent,2025-10-20,David Kim
LEAD-00681,Vanguard Innovations,Retail & E-Commerce,Partner Channel,5000.0,32.7,Contacted,2026-05-11,David Kim
LEAD-00682,Quantum Digital,SaaS & Cloud Software,Cold Outreach,12000.0,69.7,Qualified,2026-06-13,Alex Rivera
LEAD-00683,Zenith Solutions,Financial Services & FinTech,Organic Search,5000.0,35.2,New,2026-07-08,Priya Patel
LEAD-00684,Apex Health,Financial Services & FinTech,Organic Search,5000.0,31.0,Contacted,2026-07-09,Michael Chang
LEAD-00685,Horizon Solutions,Telecommunications,LinkedIn Campaign,8000.0,85.4,Qualified,2026-07-28,Alex Rivera
LEAD-00686,Solstice Systems,Manufacturing & Industrial,Partner Channel,5000.0,43.1,New,2025-10-08,Priya Patel
LEAD-00687,Cognitive Analytics,SaaS & Cloud Software,Cold Outreach,5000.0,49.8,Qualified,2025-10-30,Michael Chang
LEAD-00688,Elevate Partners,Manufacturing & Industrial,Organic Search,5000.0,55.7,Contacted,2026-05-07,Emily Watson
LEAD-00689,Vanguard Dynamics,Media & Entertainment,LinkedIn Campaign,8000.0,41.2,Lost,2026-02-11,Sarah Jenkins
LEAD-00690,Stratosphere Global,Financial Services & FinTech,Cold Outreach,5000.0,51.8,Lost,2026-07-31,David Kim
LEAD-00691,Vanguard Dynamics,Media & Entertainment,Organic Search,25000.0,32.2,New,2025-11-14,Alex Rivera
LEAD-00692,Aegis Analytics,Telecommunications,Cold Outreach,25000.0,41.9,Lost,2026-01-17,David Kim
LEAD-00693,Meridian Innovations,Healthcare & Life Sciences,LinkedIn Campaign,20000.0,62.3,Qualified,2026-01-24,Michael Chang
LEAD-00694,Vanguard Analytics,Media & Entertainment,Inbound Demo Request,60000.0,55.0,Proposal Sent,2026-05-14,David Kim
LEAD-00695,Meridian Digital,Professional Services & Consulting,Webinar,20000.0,79.3,Proposal Sent,2026-08-18,Michael Chang
LEAD-00696,Prism Dynamics,Financial Services & FinTech,LinkedIn Campaign,8000.0,70.7,Lost,2026-06-19,Sarah Jenkins
LEAD-00697,Starlight Partners,Financial Services & FinTech,LinkedIn Campaign,8000.0,64.2,Qualified,2026-04-20,David Kim
LEAD-00698,Omni Digital,Professional Services & Consulting,Partner Channel,5000.0,81.0,Qualified,2026-01-01,David Kim
LEAD-00699,Synapse Partners,Telecommunications,Webinar,8000.0,60.4,Proposal Sent,2026-03-28,Michael Chang
LEAD-00700,Zenith Health,Retail & E-Commerce,Inbound Demo Request,15000.0,77.9,Proposal Sent,2025-12-22,Michael Chang
LEAD-00701,Elevate Technologies,Professional Services & Consulting,Inbound Demo Request,15000.0,75.3,Proposal Sent,2025-11-13,Alex Rivera
LEAD-00702,Acro Innovations,Retail & E-Commerce,Partner Channel,5000.0,53.3,Lost,2026-01-25,David Kim
LEAD-00703,Nexus Enterprises,Professional Services & Consulting,Inbound Demo Request,35000.0,98.4,Won,2026-02-12,Sarah Jenkins
LEAD-00704,Starlight Solutions,Retail & E-Commerce,Referral,35000.0,60.3,Won,2026-05-12,Sarah Jenkins
LEAD-00705,Vertex Technologies,Media & Entertainment,Cold Outreach,12000.0,62.5,New,2026-01-20,Priya Patel
LEAD-00706,Synapse Global,SaaS & Cloud Software,Organic Search,12000.0,64.0,Contacted,2026-04-18,David Kim
LEAD-00707,Prism Analytics,Financial Services & FinTech,Webinar,8000.0,40.1,Proposal Sent,2025-09-07,Emily Watson
LEAD-00708,Stratosphere Health,Healthcare & Life Sciences,Cold Outreach,12000.0,73.4,Contacted,2026-07-31,Emily Watson
LEAD-00709,Zenith Global,Telecommunications,Partner Channel,5000.0,35.7,Lost,2026-02-05,Michael Chang
LEAD-00710,Starlight Logistics,Financial Services & FinTech,Inbound Demo Request,120000.0,75.4,Won,2026-07-24,David Kim
LEAD-00711,Stratosphere Labs,Media & Entertainment,Inbound Demo Request,35000.0,87.0,Won,2026-07-25,Sarah Jenkins
LEAD-00712,Stratosphere Health,Retail & E-Commerce,LinkedIn Campaign,8000.0,95.0,Won,2026-05-24,Priya Patel
LEAD-00713,Vanguard Digital,Financial Services & FinTech,Cold Outreach,5000.0,49.8,Contacted,2026-05-07,Alex Rivera
LEAD-00714,Starlight Labs,Professional Services & Consulting,Cold Outreach,12000.0,55.5,Qualified,2025-12-04,Michael Chang
LEAD-00715,Elevate Analytics,SaaS & Cloud Software,LinkedIn Campaign,20000.0,58.1,Lost,2026-03-07,Michael Chang
LEAD-00716,Quantum Enterprises,Media & Entertainment,LinkedIn Campaign,8000.0,41.3,Qualified,2026-01-24,Emily Watson
LEAD-00717,Prism Technologies,SaaS & Cloud Software,Webinar,20000.0,57.6,Contacted,2026-07-23,David Kim
LEAD-00718,Beacon Analytics,Retail & E-Commerce,Inbound Demo Request,35000.0,66.3,Won,2025-11-02,Sarah Jenkins
LEAD-00719,Pinnacle Labs,SaaS & Cloud Software,LinkedIn Campaign,20000.0,53.2,Qualified,2025-09-11,Alex Rivera
LEAD-00720,Starlight Solutions,Professional Services & Consulting,Referral,15000.0,81.5,Qualified,2025-12-21,Michael Chang
LEAD-00721,Meridian Capital,Healthcare & Life Sciences,Cold Outreach,5000.0,46.5,Lost,2026-08-13,Michael Chang
LEAD-00722,Catalyst Global,Telecommunications,Referral,60000.0,61.4,Proposal Sent,2025-09-16,Alex Rivera
LEAD-00723,Horizon Logistics,Healthcare & Life Sciences,Cold Outreach,12000.0,15.9,New,2026-01-11,Michael Chang
LEAD-00724,Nexus Partners,Healthcare & Life Sciences,Partner Channel,12000.0,49.8,New,2026-03-29,Priya Patel
LEAD-00725,Acro Digital,Healthcare & Life Sciences,LinkedIn Campaign,8000.0,52.1,Won,2026-02-18,Priya Patel
LEAD-00726,Starlight Enterprises,SaaS & Cloud Software,LinkedIn Campaign,8000.0,28.1,Qualified,2025-12-09,Michael Chang
LEAD-00727,Meridian Labs,SaaS & Cloud Software,Partner Channel,5000.0,36.4,Qualified,2026-01-30,David Kim
LEAD-00728,Acro Technologies,Retail & E-Commerce,Organic Search,12000.0,42.2,Lost,2026-01-14,David Kim
LEAD-00729,Vertex Logistics,Telecommunications,Inbound Demo Request,60000.0,67.8,Proposal Sent,2026-02-19,Sarah Jenkins
LEAD-00730,Meridian Digital,Manufacturing & Industrial,Referral,35000.0,60.5,Qualified,2025-12-08,Alex Rivera
LEAD-00731,Meridian Digital,Professional Services & Consulting,Inbound Demo Request,60000.0,70.1,Proposal Sent,2026-04-17,David Kim
LEAD-00732,Meridian Health,Retail & E-Commerce,Webinar,8000.0,44.8,Qualified,2026-01-05,Alex Rivera
LEAD-00733,CoreTech Technologies,Professional Services & Consulting,Referral,35000.0,85.2,Proposal Sent,2026-04-23,Sarah Jenkins
LEAD-00734,Nexus Labs,Retail & E-Commerce,Inbound Demo Request,120000.0,58.0,Proposal Sent,2026-08-28,Alex Rivera
LEAD-00735,Beacon Innovations,Telecommunications,Inbound Demo Request,60000.0,76.1,Negotiation,2025-11-24,Sarah Jenkins
LEAD-00736,Meridian Innovations,Retail & E-Commerce,Cold Outreach,12000.0,14.7,Contacted,2025-11-22,Michael Chang
LEAD-00737,Omni Digital,Healthcare & Life Sciences,Webinar,8000.0,57.5,Lost,2026-01-27,Alex Rivera
LEAD-00738,Stratosphere Partners,Telecommunications,Referral,60000.0,92.8,Negotiation,2026-02-16,Emily Watson
LEAD-00739,Starlight Digital,Retail & E-Commerce,Webinar,20000.0,68.4,Contacted,2025-10-17,Michael Chang
LEAD-00740,Acro Dynamics,Telecommunications,Partner Channel,12000.0,13.2,New,2025-12-15,Priya Patel
LEAD-00741,Aura Systems,Healthcare & Life Sciences,Referral,15000.0,60.3,Proposal Sent,2026-06-12,Michael Chang
LEAD-00742,Hyperion Health,Professional Services & Consulting,Partner Channel,5000.0,13.0,Lost,2025-11-15,Emily Watson
LEAD-00743,Vertex Digital,Media & Entertainment,Inbound Demo Request,60000.0,51.8,Won,2026-08-05,Sarah Jenkins
LEAD-00744,Solstice Capital,Professional Services & Consulting,Cold Outreach,5000.0,65.1,New,2026-01-04,Michael Chang
LEAD-00745,Horizon Digital,Financial Services & FinTech,Partner Channel,12000.0,43.2,Lost,2025-09-10,David Kim
LEAD-00746,Hyperion Global,Retail & E-Commerce,Partner Channel,5000.0,49.9,Qualified,2026-04-26,Priya Patel
LEAD-00747,CoreTech Logistics,SaaS & Cloud Software,Inbound Demo Request,15000.0,92.6,Proposal Sent,2026-05-07,David Kim
LEAD-00748,Omni Solutions,Healthcare & Life Sciences,Organic Search,5000.0,36.8,Won,2025-12-11,Michael Chang
LEAD-00749,Meridian Dynamics,Retail & E-Commerce,LinkedIn Campaign,8000.0,36.5,Qualified,2025-10-11,Alex Rivera
LEAD-00750,Stratosphere Technologies,Manufacturing & Industrial,Organic Search,12000.0,12.9,Contacted,2026-08-03,Michael Chang
LEAD-00751,Horizon Digital,Retail & E-Commerce,Cold Outreach,12000.0,24.0,Contacted,2026-07-17,Sarah Jenkins
LEAD-00752,Cognitive Logistics,Retail & E-Commerce,Webinar,20000.0,56.1,Contacted,2025-11-24,Sarah Jenkins
LEAD-00753,Solstice Health,Retail & E-Commerce,Webinar,8000.0,49.7,Contacted,2026-03-03,Priya Patel
LEAD-00754,CoreTech Global,Telecommunications,LinkedIn Campaign,20000.0,76.3,Qualified,2026-04-15,Priya Patel
LEAD-00755,Prism Analytics,SaaS & Cloud Software,Organic Search,5000.0,47.4,New,2025-10-03,Michael Chang
LEAD-00756,Aura Analytics,Financial Services & FinTech,Cold Outreach,12000.0,27.7,Qualified,2025-09-30,David Kim
LEAD-00757,Cognitive Global,Financial Services & FinTech,Webinar,20000.0,56.8,Contacted,2026-04-28,Priya Patel
LEAD-00758,Aura Logistics,SaaS & Cloud Software,LinkedIn Campaign,20000.0,87.0,Qualified,2026-08-07,David Kim
LEAD-00759,Catalyst Analytics,SaaS & Cloud Software,LinkedIn Campaign,8000.0,65.9,Won,2025-12-10,Sarah Jenkins
LEAD-00760,Vanguard Technologies,SaaS & Cloud Software,Webinar,20000.0,37.6,Proposal Sent,2025-11-08,Priya Patel
LEAD-00761,Velocity Capital,Media & Entertainment,Partner Channel,12000.0,53.7,Qualified,2025-11-18,Michael Chang
LEAD-00762,Synapse Analytics,Healthcare & Life Sciences,Inbound Demo Request,35000.0,63.7,Proposal Sent,2026-02-09,Michael Chang
LEAD-00763,Prism Technologies,Telecommunications,Partner Channel,12000.0,35.5,New,2026-08-28,Michael Chang
LEAD-00764,Stratosphere Innovations,Financial Services & FinTech,LinkedIn Campaign,20000.0,57.9,Contacted,2025-10-20,Sarah Jenkins
LEAD-00765,Acro Solutions,Financial Services & FinTech,Partner Channel,25000.0,41.4,Contacted,2026-06-19,David Kim
LEAD-00766,Hyperion Dynamics,Financial Services & FinTech,Webinar,8000.0,57.5,Lost,2026-03-15,Sarah Jenkins
LEAD-00767,Acro Dynamics,Manufacturing & Industrial,LinkedIn Campaign,8000.0,56.6,Contacted,2026-05-23,Priya Patel
LEAD-00768,Vertex Systems,Healthcare & Life Sciences,Cold Outreach,5000.0,63.6,Contacted,2026-08-09,Priya Patel
LEAD-00769,Starlight Labs,SaaS & Cloud Software,Referral,120000.0,76.0,Won,2025-12-07,Sarah Jenkins
LEAD-00770,Starlight Solutions,Professional Services & Consulting,Partner Channel,5000.0,39.2,New,2026-07-01,Michael Chang
LEAD-00771,Apex Capital,Media & Entertainment,Organic Search,5000.0,19.0,New,2026-02-20,David Kim
LEAD-00772,Catalyst Technologies,Manufacturing & Industrial,Webinar,8000.0,63.8,Proposal Sent,2026-05-02,Michael Chang
LEAD-00773,Pinnacle Analytics,SaaS & Cloud Software,Organic Search,12000.0,33.3,Contacted,2026-03-04,Emily Watson
LEAD-00774,Acro Systems,Telecommunications,Inbound Demo Request,35000.0,80.7,Won,2025-11-09,Michael Chang
LEAD-00775,Quantum Enterprises,SaaS & Cloud Software,Webinar,45000.0,49.0,Qualified,2026-07-10,Alex Rivera
LEAD-00776,Beacon Health,Professional Services & Consulting,LinkedIn Campaign,8000.0,49.5,Won,2025-10-20,Alex Rivera
LEAD-00777,CoreTech Technologies,Retail & E-Commerce,Partner Channel,12000.0,36.1,Contacted,2025-11-06,Michael Chang
LEAD-00778,Zenith Logistics,Telecommunications,Referral,35000.0,84.8,Won,2026-06-01,Priya Patel
LEAD-00779,Horizon Technologies,Healthcare & Life Sciences,Partner Channel,5000.0,56.1,Contacted,2025-12-20,David Kim
LEAD-00780,Hyperion Labs,Manufacturing & Industrial,Partner Channel,12000.0,47.2,Lost,2025-12-05,David Kim
LEAD-00781,Horizon Labs,Retail & E-Commerce,Webinar,8000.0,58.7,Contacted,2025-09-27,Emily Watson
LEAD-00782,Meridian Partners,Healthcare & Life Sciences,Referral,35000.0,91.7,Won,2026-01-07,Sarah Jenkins
LEAD-00783,Solstice Systems,Financial Services & FinTech,Partner Channel,5000.0,41.2,New,2026-03-30,Priya Patel
LEAD-00784,Aegis Solutions,Media & Entertainment,Organic Search,5000.0,44.8,New,2025-12-24,Priya Patel
LEAD-00785,Vanguard Technologies,Media & Entertainment,Webinar,8000.0,30.7,Contacted,2026-08-19,Priya Patel
LEAD-00786,Apex Enterprises,Telecommunications,Cold Outreach,5000.0,10.7,New,2025-09-07,David Kim
LEAD-00787,Quantum Capital,Healthcare & Life Sciences,Referral,35000.0,65.7,Qualified,2025-12-01,Michael Chang
LEAD-00788,Vertex Dynamics,Healthcare & Life Sciences,Organic Search,12000.0,32.4,Lost,2025-11-09,Sarah Jenkins
LEAD-00789,Pinnacle Partners,Manufacturing & Industrial,Webinar,8000.0,62.2,Won,2026-04-09,Sarah Jenkins
LEAD-00790,Omni Digital,Retail & E-Commerce,Organic Search,5000.0,16.8,New,2025-12-20,Priya Patel
LEAD-00791,Velocity Global,Telecommunications,Webinar,45000.0,57.9,Lost,2025-11-16,Sarah Jenkins
LEAD-00792,Prism Global,Media & Entertainment,Cold Outreach,5000.0,50.2,New,2025-09-27,Sarah Jenkins
LEAD-00793,Omni Digital,Financial Services & FinTech,Cold Outreach,5000.0,58.2,New,2025-09-30,Sarah Jenkins
LEAD-00794,Catalyst Solutions,Telecommunications,Inbound Demo Request,15000.0,76.7,Qualified,2026-01-17,Emily Watson
LEAD-00795,Cognitive Innovations,Professional Services & Consulting,Webinar,20000.0,58.9,Qualified,2026-02-05,David Kim
LEAD-00796,Hyperion Labs,Financial Services & FinTech,Partner Channel,5000.0,5.0,New,2026-06-05,Sarah Jenkins
LEAD-00797,Zenith Solutions,Healthcare & Life Sciences,Organic Search,5000.0,31.4,New,2025-09-11,Emily Watson
LEAD-00798,Omni Logistics,SaaS & Cloud Software,LinkedIn Campaign,8000.0,49.0,Won,2025-10-13,David Kim
LEAD-00799,Horizon Health,SaaS & Cloud Software,LinkedIn Campaign,20000.0,62.1,Contacted,2026-05-08,Sarah Jenkins
LEAD-00800,Acro Analytics,Manufacturing & Industrial,Referral,15000.0,88.3,Proposal Sent,2026-06-18,David Kim
LEAD-00801,Horizon Systems,Healthcare & Life Sciences,Webinar,8000.0,55.3,Won,2026-08-23,Alex Rivera
LEAD-00802,Solstice Dynamics,Financial Services & FinTech,Inbound Demo Request,15000.0,85.2,Won,2026-07-10,Sarah Jenkins
LEAD-00803,Hyperion Solutions,Professional Services & Consulting,Webinar,8000.0,55.3,Contacted,2026-03-12,Alex Rivera
LEAD-00804,Omni Logistics,Retail & E-Commerce,Referral,60000.0,76.7,Qualified,2025-12-24,Emily Watson
LEAD-00805,Zenith Digital,Financial Services & FinTech,Partner Channel,5000.0,36.8,Lost,2026-01-26,Alex Rivera
LEAD-00806,Hyperion Partners,Healthcare & Life Sciences,Organic Search,25000.0,33.3,New,2026-07-21,Emily Watson
LEAD-00807,Vertex Analytics,Media & Entertainment,Partner Channel,5000.0,22.6,New,2026-06-10,Sarah Jenkins
LEAD-00808,Solstice Innovations,SaaS & Cloud Software,LinkedIn Campaign,20000.0,60.1,Won,2026-06-30,Michael Chang
LEAD-00809,Quantum Health,Media & Entertainment,Inbound Demo Request,35000.0,84.0,Negotiation,2026-01-09,Emily Watson
LEAD-00810,Vanguard Dynamics,SaaS & Cloud Software,Webinar,20000.0,66.9,Contacted,2026-08-13,Emily Watson
LEAD-00811,Apex Analytics,Financial Services & FinTech,Cold Outreach,5000.0,27.8,New,2026-04-24,Michael Chang
LEAD-00812,Cognitive Digital,Media & Entertainment,Referral,60000.0,77.5,Qualified,2026-08-23,Alex Rivera
LEAD-00813,Acro Partners,Retail & E-Commerce,Cold Outreach,5000.0,85.0,New,2026-07-22,Michael Chang
LEAD-00814,Catalyst Analytics,Telecommunications,Inbound Demo Request,15000.0,47.5,Won,2026-07-04,Emily Watson
LEAD-00815,Pinnacle Logistics,Manufacturing & Industrial,Referral,35000.0,99.0,Lost,2026-01-29,Priya Patel
LEAD-00816,Prism Solutions,Manufacturing & Industrial,Inbound Demo Request,35000.0,52.3,Negotiation,2025-11-02,Sarah Jenkins
LEAD-00817,Zenith Health,Healthcare & Life Sciences,Partner Channel,5000.0,17.1,New,2026-05-21,David Kim
LEAD-00818,Stratosphere Dynamics,Healthcare & Life Sciences,Inbound Demo Request,120000.0,81.4,Proposal Sent,2026-02-13,Alex Rivera
LEAD-00819,Cognitive Enterprises,Media & Entertainment,Cold Outreach,12000.0,60.4,Won,2026-08-19,Priya Patel
LEAD-00820,Horizon Technologies,SaaS & Cloud Software,Referral,35000.0,75.3,Proposal Sent,2026-06-30,Michael Chang
LEAD-00821,Apex Labs,Telecommunications,LinkedIn Campaign,45000.0,64.9,Contacted,2026-07-16,Sarah Jenkins
LEAD-00822,Catalyst Partners,Telecommunications,Inbound Demo Request,15000.0,67.1,Proposal Sent,2026-01-07,Emily Watson
LEAD-00823,Stratosphere Global,Professional Services & Consulting,LinkedIn Campaign,8000.0,60.6,Qualified,2026-04-09,David Kim
LEAD-00824,Solstice Logistics,SaaS & Cloud Software,Cold Outreach,12000.0,57.7,New,2026-06-11,Sarah Jenkins
LEAD-00825,Nexus Health,Media & Entertainment,Cold Outreach,5000.0,55.7,Contacted,2025-09-16,Alex Rivera
LEAD-00826,Omni Capital,Healthcare & Life Sciences,Partner Channel,5000.0,26.2,Lost,2026-08-02,Sarah Jenkins
LEAD-00827,Omni Innovations,SaaS & Cloud Software,Organic Search,5000.0,56.2,Lost,2025-11-24,Emily Watson
LEAD-00828,Stratosphere Dynamics,Telecommunications,Inbound Demo Request,35000.0,56.5,Proposal Sent,2026-08-24,Emily Watson
LEAD-00829,Stratosphere Technologies,Professional Services & Consulting,LinkedIn Campaign,20000.0,67.7,Qualified,2025-10-14,Alex Rivera
LEAD-00830,Aura Innovations,Media & Entertainment,Webinar,8000.0,76.5,Qualified,2025-11-10,Alex Rivera
LEAD-00831,Stratosphere Analytics,SaaS & Cloud Software,Partner Channel,5000.0,38.4,Contacted,2025-11-17,Sarah Jenkins
LEAD-00832,Omni Enterprises,Healthcare & Life Sciences,Inbound Demo Request,35000.0,40.2,Won,2025-10-23,Priya Patel
LEAD-00833,Horizon Capital,Retail & E-Commerce,Organic Search,5000.0,37.7,Contacted,2026-04-09,David Kim
LEAD-00834,Stratosphere Solutions,Telecommunications,Referral,15000.0,87.0,Won,2025-12-02,Michael Chang
LEAD-00835,Elevate Global,SaaS & Cloud Software,Partner Channel,12000.0,19.2,Contacted,2026-07-02,Sarah Jenkins
LEAD-00836,Stratosphere Systems,SaaS & Cloud Software,LinkedIn Campaign,8000.0,56.7,Qualified,2025-09-09,Emily Watson
LEAD-00837,Synapse Global,Healthcare & Life Sciences,Partner Channel,5000.0,54.5,Lost,2026-01-13,Alex Rivera
LEAD-00838,Solstice Analytics,Professional Services & Consulting,Referral,120000.0,56.7,Negotiation,2026-06-29,Michael Chang
LEAD-00839,Catalyst Systems,Healthcare & Life Sciences,Inbound Demo Request,35000.0,54.6,Proposal Sent,2025-09-28,David Kim
LEAD-00840,Hyperion Partners,Retail & E-Commerce,Partner Channel,5000.0,51.1,Lost,2026-02-04,Michael Chang
LEAD-00841,Aura Digital,SaaS & Cloud Software,Webinar,20000.0,67.8,Qualified,2026-08-04,Priya Patel
LEAD-00842,Aegis Analytics,Telecommunications,Partner Channel,5000.0,39.0,Qualified,2025-10-02,David Kim
LEAD-00843,Zenith Capital,Professional Services & Consulting,Partner Channel,5000.0,54.6,Contacted,2026-01-19,David Kim
LEAD-00844,Stratosphere Health,Media & Entertainment,Webinar,20000.0,45.5,Contacted,2026-05-20,Michael Chang
LEAD-00845,Quantum Labs,SaaS & Cloud Software,Partner Channel,5000.0,22.6,Contacted,2026-03-18,David Kim
LEAD-00846,Pinnacle Global,Retail & E-Commerce,Referral,60000.0,82.9,Lost,2026-07-12,Emily Watson
LEAD-00847,Synapse Capital,Professional Services & Consulting,Inbound Demo Request,60000.0,82.8,Lost,2026-07-01,Michael Chang
LEAD-00848,Vertex Capital,Professional Services & Consulting,Inbound Demo Request,120000.0,78.8,Won,2026-07-15,Michael Chang
LEAD-00849,Vanguard Health,Retail & E-Commerce,Organic Search,5000.0,13.7,Contacted,2026-06-13,Alex Rivera
LEAD-00850,Omni Innovations,Healthcare & Life Sciences,Webinar,8000.0,56.0,Proposal Sent,2026-06-28,David Kim
LEAD-00851,CoreTech Innovations,Healthcare & Life Sciences,Referral,35000.0,86.3,Negotiation,2026-02-25,Michael Chang
LEAD-00852,Pinnacle Partners,Financial Services & FinTech,Referral,15000.0,80.3,Proposal Sent,2026-01-21,Priya Patel
LEAD-00853,Vertex Technologies,Professional Services & Consulting,Organic Search,5000.0,53.0,Contacted,2026-06-01,David Kim
LEAD-00854,Zenith Analytics,Retail & E-Commerce,Webinar,8000.0,33.4,Qualified,2026-02-26,Alex Rivera
LEAD-00855,CoreTech Systems,Retail & E-Commerce,Referral,35000.0,72.3,Proposal Sent,2026-02-07,Alex Rivera
LEAD-00856,Hyperion Enterprises,Healthcare & Life Sciences,LinkedIn Campaign,20000.0,66.5,Qualified,2026-07-18,Priya Patel
LEAD-00857,Synapse Capital,Manufacturing & Industrial,LinkedIn Campaign,8000.0,90.6,Qualified,2026-03-21,Michael Chang
LEAD-00858,Quantum Health,Professional Services & Consulting,LinkedIn Campaign,8000.0,54.7,Proposal Sent,2026-02-04,Michael Chang
LEAD-00859,Zenith Enterprises,Professional Services & Consulting,Inbound Demo Request,35000.0,69.1,Lost,2025-09-11,Emily Watson
LEAD-00860,Apex Systems,Professional Services & Consulting,LinkedIn Campaign,8000.0,56.5,Won,2026-06-09,Emily Watson
LEAD-00861,Quantum Health,Media & Entertainment,Webinar,8000.0,43.5,Proposal Sent,2025-12-07,David Kim
LEAD-00862,CoreTech Health,Telecommunications,Cold Outreach,5000.0,44.9,Contacted,2026-07-13,Michael Chang
LEAD-00863,Vertex Analytics,Telecommunications,Inbound Demo Request,15000.0,76.1,Negotiation,2025-12-02,Priya Patel
LEAD-00864,CoreTech Logistics,Professional Services & Consulting,LinkedIn Campaign,8000.0,43.1,Qualified,2026-02-14,Sarah Jenkins
LEAD-00865,Meridian Analytics,Retail & E-Commerce,Partner Channel,12000.0,44.0,Contacted,2026-05-21,Sarah Jenkins
LEAD-00866,Synapse Technologies,SaaS & Cloud Software,Webinar,8000.0,70.0,Contacted,2025-10-02,Alex Rivera
LEAD-00867,Catalyst Capital,Telecommunications,LinkedIn Campaign,20000.0,95.0,Lost,2026-05-13,Alex Rivera
LEAD-00868,Meridian Technologies,Healthcare & Life Sciences,Referral,15000.0,54.0,Qualified,2025-10-07,Emily Watson
LEAD-00869,Starlight Health,Media & Entertainment,Referral,120000.0,71.3,Negotiation,2026-07-02,David Kim
LEAD-00870,Vertex Dynamics,Telecommunications,LinkedIn Campaign,8000.0,66.8,Contacted,2025-10-15,Priya Patel
LEAD-00871,Acro Solutions,Media & Entertainment,Webinar,45000.0,71.6,Contacted,2025-09-13,David Kim
LEAD-00872,Hyperion Systems,Manufacturing & Industrial,LinkedIn Campaign,8000.0,74.5,Lost,2026-06-23,David Kim
LEAD-00873,Meridian Solutions,Manufacturing & Industrial,Cold Outreach,5000.0,57.1,Contacted,2025-10-13,Sarah Jenkins
LEAD-00874,Synapse Logistics,Media & Entertainment,Referral,60000.0,87.8,Won,2025-10-01,Priya Patel
LEAD-00875,Catalyst Solutions,Manufacturing & Industrial,Cold Outreach,5000.0,34.3,Lost,2026-01-25,Alex Rivera
LEAD-00876,Hyperion Global,SaaS & Cloud Software,Referral,60000.0,76.8,Proposal Sent,2025-09-19,David Kim
LEAD-00877,Meridian Logistics,Manufacturing & Industrial,Cold Outreach,25000.0,32.1,New,2026-05-05,Emily Watson
LEAD-00878,Vanguard Analytics,Telecommunications,Cold Outreach,5000.0,25.5,Lost,2026-01-30,Alex Rivera
LEAD-00879,Meridian Labs,Retail & E-Commerce,Webinar,8000.0,70.7,Qualified,2025-12-19,Sarah Jenkins
LEAD-00880,Horizon Digital,Telecommunications,Referral,35000.0,86.2,Negotiation,2026-05-23,Sarah Jenkins
LEAD-00881,Synapse Solutions,Financial Services & FinTech,Webinar,45000.0,68.1,Qualified,2026-08-09,Priya Patel
LEAD-00882,Prism Partners,Financial Services & FinTech,LinkedIn Campaign,20000.0,82.7,Qualified,2026-05-11,Priya Patel
LEAD-00883,Prism Enterprises,Media & Entertainment,Partner Channel,12000.0,34.4,Won,2026-05-20,Emily Watson
LEAD-00884,Solstice Capital,Healthcare & Life Sciences,Organic Search,5000.0,58.5,New,2026-06-10,David Kim
LEAD-00885,Elevate Systems,Healthcare & Life Sciences,Webinar,8000.0,56.2,Qualified,2026-03-10,Priya Patel
LEAD-00886,Vertex Analytics,Retail & E-Commerce,Cold Outreach,5000.0,36.1,Contacted,2026-04-23,David Kim
LEAD-00887,Zenith Enterprises,Media & Entertainment,Inbound Demo Request,15000.0,73.7,Won,2026-06-24,Michael Chang
LEAD-00888,Quantum Innovations,Healthcare & Life Sciences,Cold Outreach,5000.0,71.5,Contacted,2026-07-11,Sarah Jenkins
LEAD-00889,Starlight Systems,Financial Services & FinTech,Organic Search,5000.0,31.2,Contacted,2025-12-12,Emily Watson
LEAD-00890,Catalyst Enterprises,SaaS & Cloud Software,Cold Outreach,12000.0,28.6,Contacted,2026-04-14,Emily Watson
LEAD-00891,Vertex Analytics,Retail & E-Commerce,LinkedIn Campaign,8000.0,60.0,Qualified,2026-05-05,Alex Rivera
LEAD-00892,Solstice Systems,Telecommunications,Cold Outreach,5000.0,49.0,Contacted,2025-11-22,Emily Watson
LEAD-00893,Elevate Enterprises,Media & Entertainment,Referral,35000.0,95.4,Won,2026-04-17,David Kim
LEAD-00894,Stratosphere Enterprises,Retail & E-Commerce,Partner Channel,5000.0,64.4,Contacted,2026-02-20,David Kim
LEAD-00895,Solstice Innovations,Telecommunications,Organic Search,12000.0,54.1,New,2026-07-30,Emily Watson
LEAD-00896,Hyperion Innovations,Professional Services & Consulting,Webinar,8000.0,41.2,Lost,2026-06-04,Priya Patel
LEAD-00897,Pinnacle Innovations,Professional Services & Consulting,Organic Search,25000.0,57.2,Contacted,2026-01-17,Emily Watson
LEAD-00898,Apex Partners,Professional Services & Consulting,Partner Channel,5000.0,41.4,Lost,2026-03-14,Alex Rivera
LEAD-00899,Stratosphere Systems,Healthcare & Life Sciences,Organic Search,5000.0,42.3,Contacted,2026-03-24,Sarah Jenkins
LEAD-00900,Pinnacle Labs,Financial Services & FinTech,Cold Outreach,5000.0,42.0,New,2025-11-30,Alex Rivera
LEAD-00901,Zenith Logistics,SaaS & Cloud Software,LinkedIn Campaign,20000.0,52.5,Proposal Sent,2025-11-01,David Kim
LEAD-00902,Vanguard Solutions,Healthcare & Life Sciences,Partner Channel,12000.0,32.7,New,2026-05-15,Alex Rivera
LEAD-00903,Solstice Innovations,SaaS & Cloud Software,Webinar,8000.0,51.4,Won,2026-06-25,Michael Chang
LEAD-00904,Vertex Systems,Professional Services & Consulting,Partner Channel,5000.0,56.9,New,2026-05-13,Sarah Jenkins
LEAD-00905,Meridian Digital,SaaS & Cloud Software,Cold Outreach,12000.0,38.5,Qualified,2025-12-24,Emily Watson
LEAD-00906,Acro Solutions,Professional Services & Consulting,Referral,35000.0,76.5,Won,2025-12-24,Michael Chang
LEAD-00907,Synapse Partners,Professional Services & Consulting,Cold Outreach,5000.0,41.6,Contacted,2026-08-24,Priya Patel
LEAD-00908,Zenith Labs,Telecommunications,Webinar,45000.0,74.0,Proposal Sent,2026-07-26,Sarah Jenkins
LEAD-00909,Meridian Partners,SaaS & Cloud Software,Referral,35000.0,56.8,Proposal Sent,2026-03-25,David Kim
LEAD-00910,Meridian Labs,Financial Services & FinTech,Webinar,20000.0,54.2,Won,2026-02-23,Priya Patel
LEAD-00911,Synapse Health,Financial Services & FinTech,Referral,15000.0,69.8,Proposal Sent,2026-08-09,Sarah Jenkins
LEAD-00912,Quantum Labs,Healthcare & Life Sciences,Inbound Demo Request,15000.0,88.2,Proposal Sent,2026-06-01,Emily Watson
LEAD-00913,Elevate Capital,Retail & E-Commerce,Referral,35000.0,66.9,Won,2026-07-02,Michael Chang
LEAD-00914,Velocity Capital,Healthcare & Life Sciences,LinkedIn Campaign,8000.0,71.7,Qualified,2025-12-30,Alex Rivera
LEAD-00915,Omni Labs,Professional Services & Consulting,Partner Channel,12000.0,47.8,Contacted,2025-11-28,David Kim
LEAD-00916,Solstice Global,Professional Services & Consulting,Inbound Demo Request,15000.0,59.1,Qualified,2026-08-05,David Kim
LEAD-00917,Horizon Health,Healthcare & Life Sciences,Inbound Demo Request,15000.0,72.0,Negotiation,2026-05-04,Sarah Jenkins
LEAD-00918,Horizon Innovations,Healthcare & Life Sciences,Organic Search,5000.0,51.9,Contacted,2026-03-03,Michael Chang
LEAD-00919,Aegis Labs,SaaS & Cloud Software,Webinar,45000.0,55.4,Won,2026-05-15,Priya Patel
LEAD-00920,Quantum Global,Manufacturing & Industrial,Cold Outreach,5000.0,29.0,Contacted,2026-07-17,Sarah Jenkins
LEAD-00921,Meridian Digital,Manufacturing & Industrial,Webinar,8000.0,79.1,Qualified,2026-05-16,Michael Chang
LEAD-00922,Elevate Digital,Professional Services & Consulting,LinkedIn Campaign,8000.0,52.6,Contacted,2025-10-31,Priya Patel
LEAD-00923,Catalyst Solutions,Healthcare & Life Sciences,Cold Outreach,12000.0,52.1,Contacted,2026-02-01,Priya Patel
LEAD-00924,CoreTech Dynamics,Professional Services & Consulting,Cold Outreach,12000.0,26.6,Lost,2026-02-22,Alex Rivera
LEAD-00925,Meridian Global,Retail & E-Commerce,Partner Channel,5000.0,52.3,Lost,2026-08-19,Alex Rivera
LEAD-00926,Zenith Capital,Healthcare & Life Sciences,Inbound Demo Request,60000.0,58.9,Won,2026-07-08,Michael Chang
LEAD-00927,Vertex Partners,SaaS & Cloud Software,Inbound Demo Request,15000.0,72.7,Proposal Sent,2025-11-25,Michael Chang
LEAD-00928,Hyperion Technologies,Media & Entertainment,Referral,60000.0,82.7,Won,2026-05-02,Priya Patel
LEAD-00929,Nexus Solutions,Professional Services & Consulting,LinkedIn Campaign,20000.0,51.1,Lost,2026-01-21,Alex Rivera
LEAD-00930,Vanguard Health,Financial Services & FinTech,Partner Channel,5000.0,15.6,Contacted,2025-10-26,Priya Patel
LEAD-00931,Nexus Logistics,Media & Entertainment,Organic Search,5000.0,78.1,New,2025-09-29,Priya Patel
LEAD-00932,Velocity Analytics,Telecommunications,Inbound Demo Request,15000.0,63.3,Lost,2026-04-17,Michael Chang
LEAD-00933,Prism Health,Manufacturing & Industrial,Inbound Demo Request,35000.0,59.1,Proposal Sent,2025-11-29,Alex Rivera
LEAD-00934,Hyperion Partners,Manufacturing & Industrial,Webinar,8000.0,61.9,Lost,2026-05-19,Sarah Jenkins
LEAD-00935,Aura Analytics,Retail & E-Commerce,Webinar,8000.0,89.6,Proposal Sent,2026-05-22,Alex Rivera
LEAD-00936,Hyperion Capital,Manufacturing & Industrial,Referral,120000.0,78.5,Won,2026-04-04,Priya Patel
LEAD-00937,Nexus Enterprises,SaaS & Cloud Software,LinkedIn Campaign,20000.0,73.4,Qualified,2026-01-29,David Kim
LEAD-00938,Prism Enterprises,SaaS & Cloud Software,LinkedIn Campaign,45000.0,71.1,Qualified,2025-12-06,Alex Rivera
LEAD-00939,Acro Dynamics,Financial Services & FinTech,Inbound Demo Request,35000.0,88.1,Won,2026-06-04,Alex Rivera
LEAD-00940,Pinnacle Global,Financial Services & FinTech,Inbound Demo Request,35000.0,84.6,Won,2025-11-25,Michael Chang
LEAD-00941,Elevate Dynamics,Healthcare & Life Sciences,Webinar,8000.0,46.1,Contacted,2025-11-03,Michael Chang
LEAD-00942,Cognitive Global,Manufacturing & Industrial,Partner Channel,25000.0,74.2,Contacted,2025-12-30,Alex Rivera
LEAD-00943,Catalyst Labs,Telecommunications,Partner Channel,25000.0,19.8,Won,2025-12-07,Emily Watson
LEAD-00944,Quantum Global,Financial Services & FinTech,LinkedIn Campaign,8000.0,53.0,Lost,2026-06-08,Michael Chang
LEAD-00945,Catalyst Logistics,Retail & E-Commerce,Cold Outreach,5000.0,47.5,New,2026-07-31,Sarah Jenkins
LEAD-00946,Vanguard Systems,SaaS & Cloud Software,Partner Channel,5000.0,57.3,Lost,2025-11-25,Sarah Jenkins
LEAD-00947,Catalyst Logistics,Financial Services & FinTech,Referral,35000.0,82.0,Proposal Sent,2025-11-24,Priya Patel
LEAD-00948,Vanguard Technologies,SaaS & Cloud Software,Referral,60000.0,84.7,Lost,2025-11-24,Sarah Jenkins
LEAD-00949,CoreTech Innovations,Financial Services & FinTech,Referral,15000.0,74.5,Negotiation,2026-06-22,Michael Chang
LEAD-00950,Omni Labs,Manufacturing & Industrial,Organic Search,12000.0,65.8,Contacted,2026-06-08,Priya Patel
LEAD-00951,CoreTech Dynamics,Retail & E-Commerce,Partner Channel,5000.0,72.8,New,2026-06-17,Priya Patel
LEAD-00952,Omni Solutions,Professional Services & Consulting,Inbound Demo Request,15000.0,68.6,Won,2025-10-12,Emily Watson
LEAD-00953,Quantum Systems,Professional Services & Consulting,Cold Outreach,5000.0,40.9,New,2026-07-06,Michael Chang
LEAD-00954,Beacon Global,Manufacturing & Industrial,Partner Channel,5000.0,33.2,Lost,2026-02-16,Sarah Jenkins
LEAD-00955,Acro Systems,Media & Entertainment,Organic Search,25000.0,45.2,Lost,2026-06-11,Emily Watson
LEAD-00956,Aegis Logistics,Telecommunications,Referral,15000.0,65.8,Qualified,2026-04-18,David Kim
LEAD-00957,Vertex Partners,Financial Services & FinTech,Cold Outreach,5000.0,21.9,Contacted,2026-01-13,Alex Rivera
LEAD-00958,Elevate Enterprises,SaaS & Cloud Software,Organic Search,5000.0,71.7,Lost,2025-11-19,Priya Patel
LEAD-00959,Nexus Solutions,Healthcare & Life Sciences,LinkedIn Campaign,8000.0,54.6,Proposal Sent,2025-12-05,Alex Rivera
LEAD-00960,Prism Logistics,Financial Services & FinTech,Partner Channel,5000.0,66.7,Lost,2025-12-17,Emily Watson
LEAD-00961,Catalyst Technologies,Healthcare & Life Sciences,Partner Channel,5000.0,61.4,New,2026-05-26,David Kim
LEAD-00962,Aura Analytics,Manufacturing & Industrial,Webinar,8000.0,63.1,Lost,2026-01-20,David Kim
LEAD-00963,Vertex Analytics,Retail & E-Commerce,Organic Search,12000.0,41.7,Lost,2026-05-04,Michael Chang
LEAD-00964,Elevate Capital,Professional Services & Consulting,LinkedIn Campaign,20000.0,51.1,Qualified,2025-09-07,Alex Rivera
LEAD-00965,Acro Innovations,Media & Entertainment,LinkedIn Campaign,8000.0,66.5,Qualified,2026-08-11,Emily Watson
LEAD-00966,Aura Analytics,Manufacturing & Industrial,Webinar,20000.0,86.2,Proposal Sent,2025-11-05,Sarah Jenkins
LEAD-00967,Velocity Digital,Telecommunications,LinkedIn Campaign,20000.0,83.0,Lost,2026-07-13,Alex Rivera
LEAD-00968,Stratosphere Digital,Media & Entertainment,Webinar,20000.0,59.2,Won,2026-05-21,Emily Watson
LEAD-00969,Aegis Global,Manufacturing & Industrial,LinkedIn Campaign,8000.0,61.4,Qualified,2026-06-24,Alex Rivera
LEAD-00970,Nexus Technologies,Retail & E-Commerce,Organic Search,5000.0,74.2,New,2025-12-31,Sarah Jenkins
LEAD-00971,Beacon Labs,Professional Services & Consulting,Organic Search,25000.0,57.0,Contacted,2026-05-31,David Kim
LEAD-00972,Vertex Innovations,Financial Services & FinTech,LinkedIn Campaign,45000.0,46.9,Qualified,2025-11-28,Priya Patel
LEAD-00973,Horizon Labs,Healthcare & Life Sciences,LinkedIn Campaign,8000.0,36.3,Qualified,2026-03-15,Alex Rivera
LEAD-00974,Vanguard Digital,Professional Services & Consulting,Referral,60000.0,64.1,Won,2025-11-23,Alex Rivera
LEAD-00975,Quantum Enterprises,Healthcare & Life Sciences,Referral,15000.0,86.6,Proposal Sent,2026-06-20,Emily Watson
LEAD-00976,Hyperion Solutions,Healthcare & Life Sciences,Webinar,45000.0,59.1,Contacted,2025-12-12,Priya Patel
LEAD-00977,Acro Dynamics,Healthcare & Life Sciences,Organic Search,5000.0,67.4,New,2026-06-11,Alex Rivera
LEAD-00978,Solstice Dynamics,Manufacturing & Industrial,Organic Search,5000.0,32.6,Contacted,2026-03-31,Michael Chang
LEAD-00979,CoreTech Labs,Healthcare & Life Sciences,Partner Channel,5000.0,21.6,New,2026-03-04,Priya Patel
LEAD-00980,Nexus Analytics,Financial Services & FinTech,Webinar,20000.0,59.4,Won,2025-09-17,Alex Rivera
LEAD-00981,CoreTech Systems,SaaS & Cloud Software,Webinar,20000.0,44.1,Contacted,2025-09-10,Michael Chang
LEAD-00982,Stratosphere Logistics,SaaS & Cloud Software,Referral,35000.0,86.2,Proposal Sent,2026-08-09,Emily Watson
LEAD-00983,Hyperion Systems,Healthcare & Life Sciences,Organic Search,5000.0,47.8,Contacted,2026-07-24,David Kim
LEAD-00984,Velocity Enterprises,Retail & E-Commerce,Organic Search,5000.0,34.7,Contacted,2026-07-17,Michael Chang
LEAD-00985,Nexus Innovations,Financial Services & FinTech,Webinar,45000.0,47.9,Qualified,2025-10-20,Priya Patel
LEAD-00986,Acro Partners,Retail & E-Commerce,Inbound Demo Request,60000.0,58.2,Won,2026-08-20,David Kim
LEAD-00987,Horizon Analytics,SaaS & Cloud Software,Organic Search,5000.0,32.7,Contacted,2026-01-30,Michael Chang
LEAD-00988,Omni Labs,SaaS & Cloud Software,Referral,60000.0,88.0,Won,2026-03-02,Michael Chang
LEAD-00989,Acro Digital,Healthcare & Life Sciences,Cold Outreach,12000.0,34.6,New,2026-05-27,Michael Chang
LEAD-00990,Starlight Dynamics,Retail & E-Commerce,Organic Search,25000.0,32.1,Won,2026-07-22,David Kim
LEAD-00991,Vanguard Technologies,Healthcare & Life Sciences,Cold Outreach,5000.0,41.6,Contacted,2026-08-20,Alex Rivera
LEAD-00992,Stratosphere Partners,Healthcare & Life Sciences,Referral,15000.0,79.4,Proposal Sent,2026-04-05,Michael Chang
LEAD-00993,Stratosphere Logistics,Healthcare & Life Sciences,Partner Channel,12000.0,5.0,Lost,2026-08-13,Alex Rivera
LEAD-00994,Starlight Labs,Manufacturing & Industrial,Webinar,20000.0,51.5,Qualified,2026-06-16,Alex Rivera
LEAD-00995,Nexus Solutions,Telecommunications,Inbound Demo Request,60000.0,81.1,Negotiation,2026-02-15,Sarah Jenkins
LEAD-00996,Starlight Labs,Telecommunications,Webinar,8000.0,73.8,Proposal Sent,2026-03-29,Emily Watson
LEAD-00997,Velocity Enterprises,Professional Services & Consulting,LinkedIn Campaign,8000.0,70.5,Contacted,2026-03-24,Sarah Jenkins
LEAD-00998,Cognitive Capital,SaaS & Cloud Software,LinkedIn Campaign,20000.0,73.1,Contacted,2025-09-16,David Kim
LEAD-00999,Acro Dynamics,Financial Services & FinTech,Referral,60000.0,69.2,Proposal Sent,2026-05-29,Alex Rivera
LEAD-01000,Velocity Labs,Retail & E-Commerce,LinkedIn Campaign,8000.0,70.0,Won,2026-05-17,Priya Patel
LEAD-01001,Nexus Enterprises,SaaS & Cloud Software,Webinar,20000.0,38.4,Proposal Sent,2026-07-27,Alex Rivera
LEAD-01002,Meridian Enterprises,Manufacturing & Industrial,Referral,35000.0,98.2,Lost,2025-10-14,Priya Patel
LEAD-01003,Nexus Partners,Manufacturing & Industrial,Partner Channel,5000.0,62.3,Contacted,2026-08-21,Priya Patel
LEAD-01004,Synapse Labs,Professional Services & Consulting,Organic Search,12000.0,57.6,New,2025-09-12,Alex Rivera
LEAD-01005,Beacon Logistics,Manufacturing & Industrial,Referral,35000.0,82.1,Qualified,2026-01-18,Michael Chang
LEAD-01006,CoreTech Labs,Media & Entertainment,Inbound Demo Request,35000.0,69.5,Negotiation,2026-02-17,Alex Rivera
LEAD-01007,Acro Technologies,Manufacturing & Industrial,Partner Channel,5000.0,49.7,Contacted,2025-12-15,Priya Patel
LEAD-01008,Horizon Innovations,Media & Entertainment,LinkedIn Campaign,20000.0,50.3,Lost,2025-10-11,Alex Rivera
LEAD-01009,Velocity Global,SaaS & Cloud Software,Cold Outreach,12000.0,5.0,Contacted,2026-06-18,Alex Rivera
LEAD-01010,Stratosphere Systems,Telecommunications,Cold Outreach,12000.0,35.0,Contacted,2026-05-04,Sarah Jenkins
LEAD-01011,Pinnacle Systems,Professional Services & Consulting,Partner Channel,5000.0,44.1,Lost,2026-06-19,David Kim
LEAD-01012,Velocity Health,SaaS & Cloud Software,Cold Outreach,5000.0,67.3,Lost,2025-12-12,Emily Watson
LEAD-01013,Acro Logistics,SaaS & Cloud Software,Webinar,20000.0,66.0,Won,2025-10-01,Alex Rivera
LEAD-01014,CoreTech Solutions,Media & Entertainment,Cold Outreach,25000.0,55.4,New,2025-11-02,Michael Chang
LEAD-01015,Nexus Capital,Financial Services & FinTech,Referral,60000.0,99.0,Won,2026-08-06,Michael Chang
LEAD-01016,Vanguard Innovations,Healthcare & Life Sciences,Cold Outreach,25000.0,36.6,New,2026-02-16,Sarah Jenkins
LEAD-01017,Pinnacle Dynamics,Healthcare & Life Sciences,Partner Channel,5000.0,44.1,Contacted,2026-06-07,Emily Watson
LEAD-01018,Catalyst Dynamics,Healthcare & Life Sciences,Referral,35000.0,71.8,Proposal Sent,2026-02-09,Sarah Jenkins
LEAD-01019,Cognitive Capital,Telecommunications,Organic Search,12000.0,43.2,New,2026-01-03,Priya Patel
LEAD-01020,Omni Analytics,Financial Services & FinTech,Webinar,8000.0,43.0,Qualified,2025-12-22,Alex Rivera
LEAD-01021,Omni Solutions,Financial Services & FinTech,Webinar,20000.0,48.8,Proposal Sent,2025-11-26,David Kim
LEAD-01022,Quantum Digital,Telecommunications,Cold Outreach,5000.0,32.5,New,2026-03-06,David Kim
LEAD-01023,Beacon Technologies,Telecommunications,Webinar,20000.0,48.7,Qualified,2025-10-31,Michael Chang
LEAD-01024,Stratosphere Global,Financial Services & FinTech,Cold Outreach,12000.0,45.7,Contacted,2026-02-01,Alex Rivera
LEAD-01025,Aura Capital,Financial Services & FinTech,Cold Outreach,25000.0,59.0,Lost,2025-11-14,David Kim
LEAD-01026,Omni Capital,Media & Entertainment,Partner Channel,5000.0,53.8,Contacted,2026-07-13,Emily Watson
LEAD-01027,Meridian Partners,Media & Entertainment,LinkedIn Campaign,20000.0,42.6,Qualified,2025-10-19,Sarah Jenkins
LEAD-01028,Vertex Technologies,SaaS & Cloud Software,Inbound Demo Request,35000.0,85.1,Negotiation,2026-05-05,David Kim
LEAD-01029,Vanguard Systems,Healthcare & Life Sciences,Referral,60000.0,98.2,Won,2025-11-08,Emily Watson
LEAD-01030,Velocity Global,Healthcare & Life Sciences,Organic Search,5000.0,55.5,New,2026-08-27,Emily Watson
LEAD-01031,Stratosphere Solutions,Telecommunications,Partner Channel,5000.0,37.1,New,2026-08-07,Michael Chang
LEAD-01032,Pinnacle Dynamics,Professional Services & Consulting,Partner Channel,5000.0,40.2,Contacted,2026-04-22,Priya Patel
LEAD-01033,Zenith Solutions,Telecommunications,Partner Channel,5000.0,35.5,New,2025-12-02,Sarah Jenkins
LEAD-01034,Catalyst Capital,Healthcare & Life Sciences,Cold Outreach,5000.0,48.0,New,2026-08-12,Sarah Jenkins
LEAD-01035,Elevate Solutions,SaaS & Cloud Software,Referral,35000.0,83.6,Won,2026-04-24,Alex Rivera
LEAD-01036,Pinnacle Global,Media & Entertainment,Cold Outreach,12000.0,26.0,New,2026-06-07,Michael Chang
LEAD-01037,Horizon Technologies,Healthcare & Life Sciences,LinkedIn Campaign,20000.0,66.4,Proposal Sent,2026-03-26,Alex Rivera
LEAD-01038,Vanguard Analytics,Media & Entertainment,Partner Channel,5000.0,47.7,Contacted,2026-04-04,David Kim
LEAD-01039,Starlight Labs,Media & Entertainment,Cold Outreach,5000.0,40.1,Qualified,2026-05-03,Priya Patel
LEAD-01040,Velocity Health,Manufacturing & Industrial,Referral,35000.0,64.1,Proposal Sent,2025-11-21,Priya Patel
LEAD-01041,Catalyst Capital,Manufacturing & Industrial,LinkedIn Campaign,45000.0,70.2,Qualified,2025-12-20,Michael Chang
LEAD-01042,Meridian Enterprises,Professional Services & Consulting,Partner Channel,5000.0,34.8,New,2026-02-22,Emily Watson
LEAD-01043,Solstice Innovations,Media & Entertainment,Inbound Demo Request,35000.0,76.0,Negotiation,2026-08-04,Alex Rivera
LEAD-01044,Velocity Dynamics,Professional Services & Consulting,LinkedIn Campaign,8000.0,62.1,Contacted,2025-10-26,Michael Chang
LEAD-01045,Prism Systems,Manufacturing & Industrial,Partner Channel,12000.0,57.7,New,2025-11-28,Emily Watson
LEAD-01046,Zenith Partners,Healthcare & Life Sciences,Webinar,8000.0,44.3,Won,2025-11-01,Michael Chang
LEAD-01047,Starlight Solutions,Retail & E-Commerce,Webinar,20000.0,74.6,Lost,2026-06-18,David Kim
LEAD-01048,Stratosphere Health,Financial Services & FinTech,Referral,120000.0,81.2,Won,2026-07-23,David Kim
LEAD-01049,Zenith Global,Telecommunications,Webinar,8000.0,55.2,Qualified,2026-02-28,Sarah Jenkins
LEAD-01050,Quantum Partners,Manufacturing & Industrial,LinkedIn Campaign,20000.0,44.3,Contacted,2025-10-08,Michael Chang
LEAD-01051,Elevate Global,Retail & E-Commerce,Partner Channel,5000.0,42.3,New,2026-08-11,David Kim
LEAD-01052,Acro Digital,Healthcare & Life Sciences,Referral,35000.0,53.1,Won,2025-10-11,Emily Watson
LEAD-01053,Meridian Health,Media & Entertainment,Inbound Demo Request,35000.0,73.6,Negotiation,2025-12-19,Alex Rivera
LEAD-01054,Stratosphere Capital,Retail & E-Commerce,Webinar,8000.0,63.8,Proposal Sent,2025-12-14,David Kim
LEAD-01055,Starlight Solutions,Healthcare & Life Sciences,LinkedIn Campaign,8000.0,70.3,Won,2025-10-02,Priya Patel
LEAD-01056,Cognitive Logistics,Professional Services & Consulting,Inbound Demo Request,15000.0,95.6,Qualified,2026-03-23,Michael Chang
LEAD-01057,Cognitive Technologies,SaaS & Cloud Software,Referral,15000.0,99.0,Negotiation,2025-09-30,Priya Patel
LEAD-01058,Apex Systems,SaaS & Cloud Software,Referral,60000.0,75.2,Proposal Sent,2026-06-07,Alex Rivera
LEAD-01059,Quantum Labs,Healthcare & Life Sciences,Organic Search,5000.0,61.2,Lost,2026-06-14,Priya Patel
LEAD-01060,Prism Global,Manufacturing & Industrial,Webinar,8000.0,70.3,Proposal Sent,2025-11-23,Sarah Jenkins
LEAD-01061,Synapse Health,Media & Entertainment,Webinar,20000.0,55.6,Qualified,2025-11-12,David Kim
LEAD-01062,Cognitive Innovations,Healthcare & Life Sciences,Cold Outreach,5000.0,61.5,Lost,2026-04-12,Emily Watson
LEAD-01063,CoreTech Enterprises,SaaS & Cloud Software,Webinar,8000.0,55.3,Proposal Sent,2026-03-14,Alex Rivera
LEAD-01064,Elevate Dynamics,Financial Services & FinTech,Webinar,20000.0,37.0,Contacted,2026-08-12,Alex Rivera
LEAD-01065,Solstice Systems,SaaS & Cloud Software,LinkedIn Campaign,8000.0,49.6,Lost,2026-05-29,Priya Patel
LEAD-01066,CoreTech Labs,Retail & E-Commerce,Cold Outreach,12000.0,38.9,Lost,2026-08-10,Sarah Jenkins
LEAD-01067,Nexus Labs,Professional Services & Consulting,Referral,35000.0,68.7,Won,2026-03-14,Michael Chang
LEAD-01068,Beacon Systems,Manufacturing & Industrial,Organic Search,5000.0,11.8,Qualified,2025-10-31,Sarah Jenkins
LEAD-01069,Vanguard Technologies,Manufacturing & Industrial,Partner Channel,5000.0,39.8,Lost,2026-05-04,David Kim
LEAD-01070,Prism Partners,Healthcare & Life Sciences,Inbound Demo Request,35000.0,61.7,Qualified,2025-11-01,Sarah Jenkins
LEAD-01071,Zenith Solutions,Manufacturing & Industrial,Cold Outreach,5000.0,52.5,Lost,2026-08-30,Alex Rivera
LEAD-01072,Velocity Technologies,Manufacturing & Industrial,Cold Outreach,5000.0,22.2,New,2026-03-03,Michael Chang
LEAD-01073,Hyperion Dynamics,Professional Services & Consulting,Inbound Demo Request,15000.0,80.7,Won,2026-06-01,Sarah Jenkins
LEAD-01074,Horizon Logistics,Healthcare & Life Sciences,Cold Outreach,5000.0,20.0,New,2026-07-25,Michael Chang
LEAD-01075,Vanguard Dynamics,Professional Services & Consulting,Cold Outreach,12000.0,57.8,New,2026-01-20,Emily Watson
LEAD-01076,Aegis Technologies,Retail & E-Commerce,Inbound Demo Request,15000.0,84.3,Won,2026-08-22,David Kim
LEAD-01077,Prism Global,Retail & E-Commerce,Cold Outreach,5000.0,51.3,Lost,2025-09-07,Michael Chang
LEAD-01078,Catalyst Global,SaaS & Cloud Software,Webinar,20000.0,50.8,Contacted,2026-06-18,Alex Rivera
LEAD-01079,Beacon Partners,Professional Services & Consulting,Organic Search,5000.0,68.6,Lost,2026-07-01,Michael Chang
LEAD-01080,Vanguard Solutions,Professional Services & Consulting,LinkedIn Campaign,8000.0,48.8,Contacted,2026-06-28,Michael Chang
LEAD-01081,Vanguard Enterprises,Media & Entertainment,Partner Channel,12000.0,42.0,New,2026-06-21,Emily Watson
LEAD-01082,Catalyst Global,Retail & E-Commerce,Inbound Demo Request,35000.0,99.0,Negotiation,2026-06-15,Alex Rivera
LEAD-01083,Hyperion Analytics,Manufacturing & Industrial,Webinar,20000.0,47.6,Contacted,2026-03-21,Alex Rivera
LEAD-01084,Cognitive Health,Telecommunications,Referral,60000.0,78.8,Won,2025-11-11,Michael Chang
LEAD-01085,Vanguard Dynamics,SaaS & Cloud Software,Inbound Demo Request,15000.0,87.1,Qualified,2025-10-21,Emily Watson
LEAD-01086,Quantum Labs,Financial Services & FinTech,Webinar,45000.0,69.5,Qualified,2026-06-26,Sarah Jenkins
LEAD-01087,Acro Digital,SaaS & Cloud Software,Organic Search,5000.0,44.5,Won,2026-05-23,Alex Rivera
LEAD-01088,Meridian Health,Telecommunications,Cold Outreach,12000.0,48.5,Qualified,2025-10-20,Michael Chang
LEAD-01089,Apex Capital,Retail & E-Commerce,Webinar,20000.0,57.1,Proposal Sent,2026-01-30,Alex Rivera
LEAD-01090,Starlight Analytics,Healthcare & Life Sciences,Organic Search,5000.0,18.2,Contacted,2026-01-18,Sarah Jenkins
LEAD-01091,Velocity Labs,Media & Entertainment,Organic Search,5000.0,56.6,Lost,2025-10-30,David Kim
LEAD-01092,Nexus Health,Media & Entertainment,Partner Channel,5000.0,59.7,Lost,2025-10-28,Alex Rivera
LEAD-01093,Meridian Global,Financial Services & FinTech,LinkedIn Campaign,45000.0,60.4,Won,2026-04-22,Priya Patel
LEAD-01094,Quantum Logistics,Telecommunications,Organic Search,5000.0,44.4,New,2025-12-17,Alex Rivera
LEAD-01095,Nexus Logistics,Media & Entertainment,Organic Search,5000.0,41.5,New,2026-08-09,Alex Rivera
LEAD-01096,Acro Innovations,Financial Services & FinTech,Inbound Demo Request,35000.0,99.0,Negotiation,2026-01-05,Emily Watson
LEAD-01097,Meridian Analytics,Retail & E-Commerce,Webinar,8000.0,54.9,Qualified,2025-12-11,Michael Chang
LEAD-01098,Quantum Technologies,Financial Services & FinTech,LinkedIn Campaign,8000.0,43.5,Contacted,2025-12-01,Michael Chang
LEAD-01099,Velocity Capital,Media & Entertainment,Partner Channel,5000.0,46.7,Lost,2026-05-18,Emily Watson
LEAD-01100,Vertex Solutions,Telecommunications,Cold Outreach,5000.0,34.5,New,2025-09-30,Emily Watson
LEAD-01101,Omni Logistics,Media & Entertainment,Cold Outreach,5000.0,55.7,New,2026-02-19,Emily Watson
LEAD-01102,Aegis Partners,Manufacturing & Industrial,Referral,35000.0,84.4,Negotiation,2025-12-08,Emily Watson
LEAD-01103,Hyperion Logistics,Media & Entertainment,Partner Channel,5000.0,45.7,New,2026-05-16,Emily Watson
LEAD-01104,Nexus Global,Telecommunications,Cold Outreach,5000.0,21.5,New,2025-09-30,David Kim
LEAD-01105,Elevate Health,Professional Services & Consulting,Organic Search,12000.0,44.8,Contacted,2026-08-30,Sarah Jenkins
LEAD-01106,Aegis Labs,Retail & E-Commerce,Referral,35000.0,80.6,Negotiation,2026-04-24,Alex Rivera
LEAD-01107,Hyperion Capital,Healthcare & Life Sciences,LinkedIn Campaign,8000.0,83.2,Proposal Sent,2026-01-26,Alex Rivera
LEAD-01108,Prism Analytics,Professional Services & Consulting,Webinar,20000.0,62.7,Lost,2026-01-14,Emily Watson
LEAD-01109,Pinnacle Labs,Telecommunications,Partner Channel,12000.0,17.0,Lost,2026-01-21,Priya Patel
LEAD-01110,Apex Dynamics,Retail & E-Commerce,LinkedIn Campaign,45000.0,76.0,Qualified,2026-07-12,Sarah Jenkins
LEAD-01111,Zenith Enterprises,Professional Services & Consulting,Organic Search,5000.0,54.4,New,2026-01-21,Michael Chang
LEAD-01112,Catalyst Partners,Financial Services & FinTech,Cold Outreach,5000.0,14.5,Won,2025-11-13,Sarah Jenkins
LEAD-01113,CoreTech Analytics,Professional Services & Consulting,Organic Search,25000.0,7.9,New,2025-11-19,David Kim
LEAD-01114,Catalyst Capital,Manufacturing & Industrial,Partner Channel,12000.0,77.0,Lost,2026-04-05,Priya Patel
LEAD-01115,Solstice Dynamics,Financial Services & FinTech,Organic Search,5000.0,44.8,New,2026-05-14,Emily Watson
LEAD-01116,Apex Health,Professional Services & Consulting,Inbound Demo Request,15000.0,65.0,Won,2025-11-24,Emily Watson
LEAD-01117,Prism Global,Healthcare & Life Sciences,Inbound Demo Request,120000.0,67.1,Proposal Sent,2026-05-09,David Kim
LEAD-01118,Catalyst Global,Media & Entertainment,Webinar,20000.0,63.6,Won,2026-05-17,Alex Rivera
LEAD-01119,Apex Capital,Professional Services & Consulting,Organic Search,25000.0,56.7,Contacted,2026-01-28,Michael Chang
LEAD-01120,Velocity Enterprises,Manufacturing & Industrial,Inbound Demo Request,35000.0,89.6,Proposal Sent,2026-07-09,Emily Watson
LEAD-01121,Starlight Labs,Retail & E-Commerce,Organic Search,5000.0,49.1,Contacted,2026-03-10,David Kim
LEAD-01122,Vanguard Analytics,Retail & E-Commerce,Cold Outreach,5000.0,66.9,New,2026-08-26,Emily Watson
LEAD-01123,Cognitive Technologies,Media & Entertainment,Inbound Demo Request,60000.0,78.3,Proposal Sent,2026-06-06,Priya Patel
LEAD-01124,Pinnacle Capital,Manufacturing & Industrial,Partner Channel,25000.0,19.3,Contacted,2026-04-28,Priya Patel
LEAD-01125,CoreTech Enterprises,Financial Services & FinTech,LinkedIn Campaign,8000.0,86.7,Contacted,2026-06-19,David Kim
LEAD-01126,Meridian Solutions,Professional Services & Consulting,LinkedIn Campaign,8000.0,59.5,Qualified,2025-11-30,Priya Patel
LEAD-01127,Beacon Digital,Healthcare & Life Sciences,Partner Channel,12000.0,47.3,Qualified,2026-02-01,David Kim
LEAD-01128,Prism Capital,SaaS & Cloud Software,LinkedIn Campaign,8000.0,60.4,Won,2025-11-27,Alex Rivera
LEAD-01129,Zenith Systems,Professional Services & Consulting,Inbound Demo Request,15000.0,68.7,Won,2026-08-14,Priya Patel
LEAD-01130,Vertex Labs,Telecommunications,Webinar,8000.0,62.3,Qualified,2025-12-23,Priya Patel
LEAD-01131,Beacon Labs,Retail & E-Commerce,LinkedIn Campaign,45000.0,54.6,Contacted,2026-06-21,Emily Watson
LEAD-01132,Horizon Capital,SaaS & Cloud Software,Partner Channel,5000.0,63.4,New,2026-08-10,Alex Rivera
LEAD-01133,Zenith Partners,Telecommunications,Cold Outreach,5000.0,44.5,New,2025-11-15,Emily Watson
LEAD-01134,Beacon Global,Financial Services & FinTech,LinkedIn Campaign,45000.0,60.6,Proposal Sent,2025-09-22,Emily Watson
LEAD-01135,Synapse Technologies,SaaS & Cloud Software,Webinar,45000.0,54.8,Won,2025-09-24,Alex Rivera
LEAD-01136,Zenith Partners,Financial Services & FinTech,Partner Channel,5000.0,30.2,New,2025-10-02,Alex Rivera
LEAD-01137,Elevate Technologies,Healthcare & Life Sciences,Referral,35000.0,69.4,Won,2026-05-19,Sarah Jenkins
LEAD-01138,Vertex Labs,Retail & E-Commerce,Organic Search,5000.0,41.8,Lost,2026-04-09,Sarah Jenkins
LEAD-01139,Vertex Partners,Telecommunications,Webinar,8000.0,64.8,Proposal Sent,2026-05-22,Michael Chang
LEAD-01140,Prism Partners,Retail & E-Commerce,Referral,120000.0,88.8,Won,2025-11-13,Sarah Jenkins
LEAD-01141,Elevate Technologies,Manufacturing & Industrial,LinkedIn Campaign,20000.0,64.2,Proposal Sent,2026-04-26,Alex Rivera
LEAD-01142,Hyperion Enterprises,Media & Entertainment,Webinar,45000.0,80.4,Proposal Sent,2026-08-21,Michael Chang
LEAD-01143,Hyperion Partners,Retail & E-Commerce,Webinar,45000.0,40.5,Won,2026-03-09,Sarah Jenkins
LEAD-01144,Catalyst Global,Telecommunications,Inbound Demo Request,15000.0,95.7,Proposal Sent,2026-08-19,Priya Patel
LEAD-01145,Apex Innovations,SaaS & Cloud Software,Partner Channel,5000.0,40.1,New,2026-05-12,Alex Rivera
LEAD-01146,Stratosphere Technologies,SaaS & Cloud Software,LinkedIn Campaign,8000.0,48.7,Qualified,2026-03-20,Emily Watson
LEAD-01147,Cognitive Health,Healthcare & Life Sciences,Inbound Demo Request,35000.0,75.3,Qualified,2025-09-20,David Kim
LEAD-01148,Prism Global,Manufacturing & Industrial,Partner Channel,5000.0,39.6,Contacted,2026-01-12,Michael Chang
LEAD-01149,Aegis Innovations,Telecommunications,Organic Search,12000.0,46.3,Lost,2026-04-03,Alex Rivera
LEAD-01150,Hyperion Global,SaaS & Cloud Software,Cold Outreach,12000.0,33.5,New,2026-05-25,Priya Patel
LEAD-01151,Horizon Solutions,Media & Entertainment,Cold Outreach,25000.0,35.3,New,2026-07-16,Michael Chang
LEAD-01152,Elevate Analytics,SaaS & Cloud Software,Referral,35000.0,74.9,Won,2026-02-26,Priya Patel
LEAD-01153,Vertex Health,SaaS & Cloud Software,Partner Channel,5000.0,81.1,Lost,2025-11-15,Sarah Jenkins
LEAD-01154,Omni Analytics,Retail & E-Commerce,Partner Channel,5000.0,42.5,Lost,2026-08-01,Priya Patel
LEAD-01155,Nexus Innovations,Financial Services & FinTech,Organic Search,12000.0,49.6,Contacted,2025-09-29,David Kim
LEAD-01156,Prism Capital,Healthcare & Life Sciences,Organic Search,5000.0,43.4,Lost,2025-09-07,David Kim
LEAD-01157,Zenith Solutions,Healthcare & Life Sciences,Cold Outreach,12000.0,33.2,Lost,2026-08-19,Priya Patel
LEAD-01158,Nexus Labs,Healthcare & Life Sciences,LinkedIn Campaign,45000.0,75.8,Won,2026-04-23,Alex Rivera
LEAD-01159,Aegis Labs,Financial Services & FinTech,Inbound Demo Request,35000.0,84.6,Won,2026-01-04,Sarah Jenkins
LEAD-01160,Omni Solutions,Telecommunications,Partner Channel,12000.0,56.5,New,2025-09-12,David Kim
LEAD-01161,Aegis Technologies,Telecommunications,Organic Search,5000.0,23.0,Contacted,2025-10-22,Emily Watson
LEAD-01162,Stratosphere Partners,Financial Services & FinTech,Webinar,20000.0,51.0,Proposal Sent,2026-08-24,Alex Rivera
LEAD-01163,Horizon Innovations,Financial Services & FinTech,Organic Search,5000.0,34.8,New,2026-03-14,Michael Chang
LEAD-01164,Hyperion Health,Media & Entertainment,Organic Search,5000.0,44.8,Contacted,2026-08-25,Priya Patel
LEAD-01165,Hyperion Capital,Telecommunications,LinkedIn Campaign,20000.0,91.7,Proposal Sent,2026-07-23,Emily Watson
LEAD-01166,Acro Solutions,SaaS & Cloud Software,Webinar,20000.0,56.5,Proposal Sent,2025-11-03,Alex Rivera
LEAD-01167,Stratosphere Partners,Telecommunications,Partner Channel,5000.0,20.5,New,2025-10-14,Alex Rivera
LEAD-01168,Horizon Labs,Media & Entertainment,Partner Channel,5000.0,7.8,Contacted,2025-12-24,Priya Patel
LEAD-01169,Nexus Capital,Media & Entertainment,Referral,35000.0,89.6,Negotiation,2026-03-09,Emily Watson
LEAD-01170,Velocity Health,Retail & E-Commerce,LinkedIn Campaign,20000.0,78.6,Contacted,2026-03-20,Alex Rivera
LEAD-01171,Nexus Innovations,Healthcare & Life Sciences,Partner Channel,5000.0,45.1,Qualified,2026-04-03,Sarah Jenkins
LEAD-01172,CoreTech Analytics,Media & Entertainment,Organic Search,5000.0,45.5,Contacted,2025-10-08,Priya Patel
LEAD-01173,Nexus Capital,Telecommunications,Webinar,8000.0,39.8,Won,2026-05-10,David Kim
LEAD-01174,Hyperion Analytics,Media & Entertainment,Inbound Demo Request,35000.0,67.7,Won,2026-01-30,Emily Watson
LEAD-01175,Cognitive Labs,Retail & E-Commerce,Cold Outreach,5000.0,60.1,Contacted,2025-12-20,Priya Patel
LEAD-01176,Stratosphere Solutions,Financial Services & FinTech,Webinar,20000.0,44.7,Lost,2026-05-21,Michael Chang
LEAD-01177,Velocity Technologies,Telecommunications,Cold Outreach,5000.0,25.7,Lost,2026-02-26,Priya Patel
LEAD-01178,Apex Logistics,Retail & E-Commerce,Webinar,20000.0,71.4,Proposal Sent,2026-06-21,Emily Watson
LEAD-01179,Pinnacle Capital,Professional Services & Consulting,LinkedIn Campaign,8000.0,53.0,Qualified,2025-11-04,Sarah Jenkins
LEAD-01180,Prism Solutions,Financial Services & FinTech,Partner Channel,12000.0,25.6,Contacted,2025-11-28,Michael Chang
LEAD-01181,Vanguard Innovations,Telecommunications,Organic Search,5000.0,24.8,New,2025-09-16,Alex Rivera
LEAD-01182,Vanguard Solutions,Telecommunications,Cold Outreach,5000.0,34.1,Won,2026-07-20,Michael Chang
LEAD-01183,Synapse Digital,Financial Services & FinTech,Partner Channel,5000.0,57.8,Lost,2026-01-03,Emily Watson
LEAD-01184,Vanguard Labs,Retail & E-Commerce,LinkedIn Campaign,45000.0,69.8,Qualified,2025-12-06,Priya Patel
LEAD-01185,CoreTech Solutions,SaaS & Cloud Software,Inbound Demo Request,60000.0,92.5,Proposal Sent,2026-03-18,Priya Patel
LEAD-01186,Horizon Partners,Media & Entertainment,Organic Search,5000.0,58.6,Contacted,2026-03-19,Priya Patel
LEAD-01187,Cognitive Capital,Telecommunications,Referral,120000.0,91.6,Won,2026-06-08,Emily Watson
LEAD-01188,Horizon Labs,Telecommunications,Webinar,8000.0,79.9,Proposal Sent,2025-12-08,David Kim
LEAD-01189,Vertex Dynamics,Retail & E-Commerce,Referral,35000.0,87.3,Proposal Sent,2026-06-06,Michael Chang
LEAD-01190,Meridian Digital,Healthcare & Life Sciences,Cold Outreach,5000.0,47.4,Contacted,2026-02-02,Emily Watson
LEAD-01191,Horizon Dynamics,Retail & E-Commerce,Partner Channel,5000.0,38.3,New,2026-02-19,Alex Rivera
LEAD-01192,Meridian Labs,Professional Services & Consulting,Referral,35000.0,92.7,Won,2026-08-01,Emily Watson
LEAD-01193,Nexus Global,Financial Services & FinTech,Cold Outreach,12000.0,39.4,New,2025-10-17,Priya Patel
LEAD-01194,Velocity Enterprises,SaaS & Cloud Software,Cold Outreach,5000.0,50.3,New,2025-09-16,Priya Patel
LEAD-01195,Stratosphere Partners,Professional Services & Consulting,Referral,35000.0,56.7,Qualified,2025-11-07,David Kim
LEAD-01196,Aura Innovations,Media & Entertainment,Webinar,20000.0,53.4,Contacted,2026-04-15,Sarah Jenkins
LEAD-01197,Apex Health,Media & Entertainment,Organic Search,25000.0,49.4,Lost,2026-02-01,Emily Watson
LEAD-01198,Catalyst Dynamics,Retail & E-Commerce,Partner Channel,5000.0,24.2,New,2026-01-19,Alex Rivera
LEAD-01199,Prism Capital,Manufacturing & Industrial,Inbound Demo Request,15000.0,66.4,Won,2026-04-12,Sarah Jenkins
LEAD-01200,Vertex Enterprises,Professional Services & Consulting,Referral,35000.0,79.6,Won,2025-12-17,Emily Watson
LEAD-01201,Prism Innovations,Manufacturing & Industrial,Webinar,20000.0,60.3,Qualified,2026-03-04,Michael Chang
LEAD-01202,Zenith Partners,Professional Services & Consulting,LinkedIn Campaign,45000.0,56.0,Proposal Sent,2026-02-19,David Kim
LEAD-01203,Hyperion Enterprises,SaaS & Cloud Software,Referral,35000.0,88.7,Won,2026-08-01,Alex Rivera
LEAD-01204,Solstice Partners,Professional Services & Consulting,Partner Channel,5000.0,43.4,New,2025-11-13,David Kim
LEAD-01205,Pinnacle Partners,Retail & E-Commerce,LinkedIn Campaign,20000.0,74.9,Proposal Sent,2026-03-06,David Kim
LEAD-01206,Prism Capital,SaaS & Cloud Software,Inbound Demo Request,60000.0,82.2,Won,2025-11-04,David Kim
LEAD-01207,CoreTech Digital,Professional Services & Consulting,Inbound Demo Request,35000.0,77.3,Won,2026-03-19,Alex Rivera
LEAD-01208,Hyperion Capital,Healthcare & Life Sciences,Organic Search,5000.0,37.0,Lost,2026-03-06,David Kim
LEAD-01209,Meridian Enterprises,Manufacturing & Industrial,Webinar,20000.0,69.4,Qualified,2026-02-15,Alex Rivera
LEAD-01210,Pinnacle Partners,Healthcare & Life Sciences,Inbound Demo Request,60000.0,99.0,Negotiation,2025-11-28,David Kim
LEAD-01211,Solstice Logistics,Healthcare & Life Sciences,Organic Search,12000.0,51.1,New,2026-05-12,David Kim
LEAD-01212,Elevate Innovations,Professional Services & Consulting,Referral,120000.0,65.5,Qualified,2026-02-21,Sarah Jenkins
LEAD-01213,Starlight Enterprises,SaaS & Cloud Software,LinkedIn Campaign,8000.0,59.9,Contacted,2025-12-09,David Kim
LEAD-01214,CoreTech Partners,Retail & E-Commerce,Cold Outreach,5000.0,30.8,New,2026-08-09,Sarah Jenkins
LEAD-01215,Apex Labs,SaaS & Cloud Software,LinkedIn Campaign,8000.0,66.1,Contacted,2026-01-27,Emily Watson
LEAD-01216,Elevate Enterprises,Media & Entertainment,Inbound Demo Request,35000.0,79.0,Negotiation,2025-11-15,Sarah Jenkins
LEAD-01217,Cognitive Health,Financial Services & FinTech,Webinar,45000.0,49.9,Qualified,2025-10-18,Sarah Jenkins
LEAD-01218,Aura Solutions,Financial Services & FinTech,Cold Outreach,5000.0,31.6,Contacted,2026-07-06,Sarah Jenkins
LEAD-01219,Pinnacle Logistics,Healthcare & Life Sciences,Cold Outreach,5000.0,58.2,Lost,2025-11-12,David Kim
LEAD-01220,Synapse Partners,SaaS & Cloud Software,Inbound Demo Request,35000.0,65.7,Negotiation,2025-09-24,Michael Chang
LEAD-01221,Catalyst Digital,Telecommunications,Organic Search,5000.0,7.5,New,2026-07-16,Sarah Jenkins
LEAD-01222,Elevate Digital,SaaS & Cloud Software,Inbound Demo Request,15000.0,52.2,Proposal Sent,2026-04-23,Priya Patel
LEAD-01223,CoreTech Systems,Media & Entertainment,Referral,60000.0,63.8,Qualified,2025-12-10,Priya Patel
LEAD-01224,CoreTech Health,Media & Entertainment,Inbound Demo Request,35000.0,73.1,Won,2025-11-10,Sarah Jenkins
LEAD-01225,Prism Health,Healthcare & Life Sciences,Webinar,20000.0,67.6,Qualified,2026-05-02,Sarah Jenkins
LEAD-01226,Apex Partners,Professional Services & Consulting,LinkedIn Campaign,8000.0,73.2,Qualified,2026-02-07,Sarah Jenkins
LEAD-01227,Aura Dynamics,Financial Services & FinTech,Partner Channel,25000.0,29.9,New,2026-08-12,Priya Patel
LEAD-01228,Velocity Health,Media & Entertainment,Inbound Demo Request,15000.0,87.9,Qualified,2026-01-21,Michael Chang
LEAD-01229,Synapse Innovations,Retail & E-Commerce,LinkedIn Campaign,20000.0,74.5,Won,2026-02-19,Priya Patel
LEAD-01230,Nexus Analytics,Manufacturing & Industrial,Organic Search,12000.0,46.5,Contacted,2026-03-30,David Kim
LEAD-01231,Cognitive Labs,Retail & E-Commerce,Organic Search,5000.0,43.4,New,2026-04-17,Emily Watson
LEAD-01232,Hyperion Logistics,Professional Services & Consulting,Referral,120000.0,69.2,Won,2026-04-16,Alex Rivera
LEAD-01233,Zenith Solutions,Healthcare & Life Sciences,Referral,35000.0,84.1,Won,2026-06-14,David Kim
LEAD-01234,Pinnacle Logistics,Professional Services & Consulting,Inbound Demo Request,35000.0,67.0,Negotiation,2026-05-04,Michael Chang
LEAD-01235,Apex Health,SaaS & Cloud Software,LinkedIn Campaign,20000.0,66.5,Proposal Sent,2025-12-17,Sarah Jenkins
LEAD-01236,Quantum Health,Retail & E-Commerce,Webinar,8000.0,57.3,Proposal Sent,2025-11-04,Sarah Jenkins
LEAD-01237,Catalyst Logistics,Retail & E-Commerce,LinkedIn Campaign,8000.0,35.6,Won,2025-12-03,Sarah Jenkins
LEAD-01238,Beacon Systems,Retail & E-Commerce,Organic Search,5000.0,85.0,New,2026-04-08,Sarah Jenkins
LEAD-01239,Aegis Solutions,Manufacturing & Industrial,LinkedIn Campaign,45000.0,66.6,Contacted,2026-07-20,Sarah Jenkins
LEAD-01240,Zenith Dynamics,Retail & E-Commerce,Cold Outreach,12000.0,60.6,Lost,2026-05-22,Sarah Jenkins
LEAD-01241,Stratosphere Global,SaaS & Cloud Software,Referral,15000.0,76.5,Won,2026-06-23,Alex Rivera
LEAD-01242,Meridian Logistics,Healthcare & Life Sciences,LinkedIn Campaign,8000.0,62.9,Lost,2026-01-06,Sarah Jenkins
LEAD-01243,Elevate Solutions,Media & Entertainment,LinkedIn Campaign,20000.0,56.0,Qualified,2026-04-21,Sarah Jenkins
LEAD-01244,Synapse Logistics,Retail & E-Commerce,Referral,15000.0,52.6,Proposal Sent,2025-11-19,Alex Rivera
LEAD-01245,Zenith Global,Manufacturing & Industrial,Cold Outreach,5000.0,32.7,Contacted,2026-01-09,Priya Patel
LEAD-01246,Aegis Labs,Telecommunications,Partner Channel,12000.0,37.8,Contacted,2026-01-26,David Kim
LEAD-01247,Acro Health,Professional Services & Consulting,Organic Search,25000.0,26.5,Contacted,2026-01-12,Alex Rivera
LEAD-01248,Cognitive Health,Financial Services & FinTech,Referral,35000.0,83.3,Qualified,2025-11-07,Sarah Jenkins
LEAD-01249,Beacon Dynamics,Financial Services & FinTech,LinkedIn Campaign,45000.0,60.7,Proposal Sent,2025-11-23,David Kim
LEAD-01250,Pinnacle Analytics,SaaS & Cloud Software,Partner Channel,5000.0,24.9,Qualified,2026-08-30,Alex Rivera
LEAD-01251,Hyperion Systems,Media & Entertainment,Partner Channel,5000.0,31.8,Contacted,2026-01-13,Alex Rivera
LEAD-01252,Catalyst Technologies,Manufacturing & Industrial,Inbound Demo Request,60000.0,81.3,Proposal Sent,2025-11-27,Michael Chang
LEAD-01253,Nexus Labs,SaaS & Cloud Software,Referral,60000.0,84.4,Won,2026-06-17,Emily Watson
LEAD-01254,Nexus Enterprises,Media & Entertainment,LinkedIn Campaign,20000.0,73.0,Qualified,2026-03-31,Michael Chang
LEAD-01255,Nexus Technologies,Manufacturing & Industrial,Cold Outreach,25000.0,65.3,New,2025-12-31,Priya Patel
LEAD-01256,Horizon Solutions,Telecommunications,Referral,35000.0,76.4,Won,2025-11-24,Emily Watson
LEAD-01257,Apex Systems,Healthcare & Life Sciences,LinkedIn Campaign,20000.0,69.0,Proposal Sent,2026-01-01,Sarah Jenkins
LEAD-01258,Synapse Enterprises,Retail & E-Commerce,Webinar,45000.0,58.8,Contacted,2025-11-04,Alex Rivera
LEAD-01259,Acro Enterprises,Professional Services & Consulting,LinkedIn Campaign,8000.0,45.6,Qualified,2026-06-24,David Kim
LEAD-01260,Solstice Labs,Telecommunications,Partner Channel,5000.0,38.4,Lost,2025-11-02,Alex Rivera
LEAD-01261,Meridian Partners,Manufacturing & Industrial,Organic Search,12000.0,31.5,Contacted,2026-07-08,Emily Watson
LEAD-01262,Nexus Analytics,Healthcare & Life Sciences,Cold Outreach,5000.0,26.8,Qualified,2026-04-13,Michael Chang
LEAD-01263,Pinnacle Dynamics,Professional Services & Consulting,Partner Channel,5000.0,34.6,New,2026-06-03,David Kim
LEAD-01264,Cognitive Analytics,Telecommunications,Partner Channel,12000.0,43.9,New,2025-09-18,Emily Watson
LEAD-01265,Hyperion Partners,SaaS & Cloud Software,Organic Search,5000.0,55.1,Lost,2025-10-10,Priya Patel
LEAD-01266,Aegis Technologies,Telecommunications,LinkedIn Campaign,8000.0,63.4,Won,2025-09-27,Alex Rivera
LEAD-01267,Solstice Dynamics,Manufacturing & Industrial,LinkedIn Campaign,8000.0,48.6,Won,2026-06-23,Sarah Jenkins
LEAD-01268,Solstice Systems,Professional Services & Consulting,Webinar,8000.0,81.9,Qualified,2026-01-28,Alex Rivera
LEAD-01269,Stratosphere Health,Financial Services & FinTech,Partner Channel,5000.0,41.2,Lost,2026-04-12,David Kim
LEAD-01270,Solstice Global,Healthcare & Life Sciences,Inbound Demo Request,15000.0,84.7,Won,2025-09-26,Priya Patel
LEAD-01271,Meridian Digital,Media & Entertainment,Cold Outreach,5000.0,47.2,Lost,2025-09-12,Priya Patel
LEAD-01272,Apex Dynamics,Media & Entertainment,Organic Search,12000.0,32.7,Lost,2026-05-30,David Kim
LEAD-01273,Starlight Partners,Healthcare & Life Sciences,Partner Channel,5000.0,74.6,Lost,2026-03-28,Priya Patel
LEAD-01274,Synapse Systems,Financial Services & FinTech,Cold Outreach,5000.0,39.5,Lost,2026-03-13,Alex Rivera
LEAD-01275,Vertex Logistics,Media & Entertainment,Partner Channel,5000.0,48.2,Contacted,2025-11-14,David Kim
LEAD-01276,Zenith Labs,Financial Services & FinTech,Webinar,20000.0,60.9,Qualified,2025-09-17,Alex Rivera
LEAD-01277,Nexus Global,Professional Services & Consulting,Inbound Demo Request,60000.0,74.7,Won,2026-04-15,Michael Chang
LEAD-01278,Stratosphere Systems,Professional Services & Consulting,Referral,15000.0,82.2,Won,2026-08-20,Emily Watson
LEAD-01279,Prism Health,Telecommunications,Inbound Demo Request,35000.0,86.4,Won,2026-03-23,Michael Chang
LEAD-01280,Beacon Capital,Retail & E-Commerce,Inbound Demo Request,15000.0,76.5,Qualified,2026-03-09,Emily Watson
LEAD-01281,Meridian Solutions,Retail & E-Commerce,LinkedIn Campaign,20000.0,67.1,Proposal Sent,2025-09-27,Sarah Jenkins
LEAD-01282,Prism Systems,Professional Services & Consulting,Referral,15000.0,56.2,Won,2026-03-19,Priya Patel
LEAD-01283,Pinnacle Solutions,Media & Entertainment,Webinar,20000.0,63.8,Contacted,2026-04-17,Michael Chang
LEAD-01284,Starlight Technologies,Professional Services & Consulting,Webinar,8000.0,77.4,Proposal Sent,2025-09-16,David Kim
LEAD-01285,Omni Analytics,Media & Entertainment,Webinar,20000.0,74.6,Contacted,2026-02-07,Priya Patel
LEAD-01286,Stratosphere Partners,Financial Services & FinTech,Webinar,8000.0,55.7,Won,2026-08-28,Alex Rivera
LEAD-01287,Zenith Labs,Manufacturing & Industrial,LinkedIn Campaign,20000.0,47.6,Qualified,2025-11-03,Sarah Jenkins
LEAD-01288,Prism Systems,Retail & E-Commerce,Inbound Demo Request,35000.0,85.1,Negotiation,2026-06-18,Michael Chang
LEAD-01289,Pinnacle Enterprises,Telecommunications,LinkedIn Campaign,8000.0,68.0,Contacted,2025-12-26,Sarah Jenkins
LEAD-01290,Velocity Solutions,Professional Services & Consulting,Webinar,20000.0,54.7,Won,2025-12-28,David Kim
LEAD-01291,Catalyst Digital,Media & Entertainment,Webinar,8000.0,77.2,Won,2026-06-19,Priya Patel
LEAD-01292,Apex Systems,Manufacturing & Industrial,Organic Search,12000.0,51.4,Lost,2026-06-10,Sarah Jenkins
LEAD-01293,Beacon Technologies,Retail & E-Commerce,Cold Outreach,5000.0,9.6,Contacted,2026-04-27,Emily Watson
LEAD-01294,Synapse Health,SaaS & Cloud Software,Inbound Demo Request,35000.0,79.5,Negotiation,2026-05-03,Emily Watson
LEAD-01295,Nexus Health,Professional Services & Consulting,Cold Outreach,5000.0,29.2,New,2026-08-04,Sarah Jenkins
LEAD-01296,Vertex Labs,Retail & E-Commerce,Webinar,8000.0,33.9,Contacted,2025-12-23,Emily Watson
LEAD-01297,Aegis Innovations,Healthcare & Life Sciences,LinkedIn Campaign,8000.0,55.1,Qualified,2026-01-07,Alex Rivera
LEAD-01298,Catalyst Enterprises,SaaS & Cloud Software,Cold Outreach,25000.0,33.2,Qualified,2026-01-29,Michael Chang
LEAD-01299,Meridian Labs,SaaS & Cloud Software,Referral,15000.0,61.3,Proposal Sent,2026-02-28,Priya Patel
LEAD-01300,CoreTech Partners,Manufacturing & Industrial,LinkedIn Campaign,8000.0,66.4,Qualified,2026-03-27,Alex Rivera
LEAD-01301,Synapse Enterprises,Manufacturing & Industrial,Partner Channel,5000.0,49.1,Contacted,2026-05-25,Priya Patel
LEAD-01302,Aura Digital,Retail & E-Commerce,Inbound Demo Request,35000.0,76.0,Qualified,2025-12-24,Michael Chang
LEAD-01303,Acro Solutions,Professional Services & Consulting,Partner Channel,12000.0,37.0,Lost,2026-03-23,Emily Watson
LEAD-01304,Starlight Global,Financial Services & FinTech,Cold Outreach,25000.0,48.5,Lost,2026-05-05,Michael Chang
LEAD-01305,Cognitive Capital,Healthcare & Life Sciences,Organic Search,12000.0,46.0,New,2025-11-28,Sarah Jenkins
LEAD-01306,Omni Global,Financial Services & FinTech,LinkedIn Campaign,8000.0,50.0,Won,2026-04-13,Sarah Jenkins
LEAD-01307,Meridian Solutions,Manufacturing & Industrial,Webinar,8000.0,75.3,Qualified,2026-03-08,Emily Watson
LEAD-01308,Quantum Enterprises,Media & Entertainment,Referral,15000.0,81.6,Won,2026-07-17,Sarah Jenkins
LEAD-01309,Horizon Innovations,Telecommunications,Webinar,8000.0,64.2,Won,2025-12-23,Priya Patel
LEAD-01310,Apex Global,SaaS & Cloud Software,LinkedIn Campaign,45000.0,39.3,Proposal Sent,2026-02-22,Priya Patel
LEAD-01311,Zenith Global,Financial Services & FinTech,Webinar,8000.0,57.6,Contacted,2026-04-21,Sarah Jenkins
LEAD-01312,Synapse Solutions,Healthcare & Life Sciences,Cold Outreach,12000.0,13.4,Lost,2026-01-10,David Kim
LEAD-01313,Horizon Labs,Media & Entertainment,Organic Search,12000.0,63.1,Lost,2025-09-29,Emily Watson
LEAD-01314,Velocity Global,Manufacturing & Industrial,Organic Search,5000.0,53.0,Qualified,2026-01-25,Sarah Jenkins
LEAD-01315,CoreTech Global,Financial Services & FinTech,Webinar,20000.0,48.3,Proposal Sent,2025-10-13,Priya Patel
LEAD-01316,Starlight Partners,Manufacturing & Industrial,Organic Search,12000.0,25.9,Contacted,2026-06-30,Emily Watson
LEAD-01317,Zenith Solutions,Financial Services & FinTech,Partner Channel,25000.0,33.9,Lost,2025-11-19,Alex Rivera
LEAD-01318,Beacon Systems,Manufacturing & Industrial,Partner Channel,12000.0,35.3,Lost,2026-01-04,Alex Rivera
LEAD-01319,Nexus Health,SaaS & Cloud Software,LinkedIn Campaign,20000.0,74.8,Won,2026-07-31,Priya Patel
LEAD-01320,Catalyst Capital,Healthcare & Life Sciences,Webinar,8000.0,60.5,Proposal Sent,2026-06-18,David Kim
LEAD-01321,Vanguard Partners,SaaS & Cloud Software,Referral,35000.0,67.6,Proposal Sent,2025-09-10,David Kim
LEAD-01322,Omni Global,Manufacturing & Industrial,Organic Search,5000.0,46.4,Contacted,2026-04-17,David Kim
LEAD-01323,Vertex Capital,Telecommunications,Partner Channel,12000.0,41.5,New,2026-03-28,Michael Chang
LEAD-01324,Aegis Health,Telecommunications,Cold Outreach,5000.0,38.2,New,2026-04-07,Sarah Jenkins
LEAD-01325,Pinnacle Logistics,Financial Services & FinTech,Organic Search,12000.0,32.8,Contacted,2025-10-03,Priya Patel
LEAD-01326,Starlight Health,SaaS & Cloud Software,Inbound Demo Request,35000.0,66.7,Negotiation,2026-01-13,David Kim
LEAD-01327,Horizon Health,Healthcare & Life Sciences,Referral,15000.0,64.3,Won,2025-09-11,Alex Rivera
LEAD-01328,Apex Systems,SaaS & Cloud Software,Partner Channel,12000.0,12.9,New,2026-07-01,Priya Patel
LEAD-01329,Synapse Logistics,Media & Entertainment,Webinar,8000.0,69.7,Contacted,2026-06-19,Priya Patel
LEAD-01330,Pinnacle Partners,Manufacturing & Industrial,Inbound Demo Request,35000.0,54.4,Negotiation,2025-11-26,Emily Watson
LEAD-01331,Aegis Global,Media & Entertainment,Inbound Demo Request,35000.0,67.9,Negotiation,2026-04-21,Michael Chang
LEAD-01332,Beacon Health,Telecommunications,Organic Search,12000.0,38.9,New,2025-09-09,Michael Chang
LEAD-01333,Synapse Technologies,Professional Services & Consulting,Partner Channel,25000.0,50.3,New,2026-05-03,Alex Rivera
LEAD-01334,Synapse Analytics,Professional Services & Consulting,Referral,60000.0,95.7,Negotiation,2025-09-11,Priya Patel
LEAD-01335,Prism Enterprises,Telecommunications,Organic Search,5000.0,53.7,Lost,2025-11-03,Priya Patel
LEAD-01336,Beacon Analytics,SaaS & Cloud Software,Referral,60000.0,73.5,Won,2026-03-22,Priya Patel
LEAD-01337,Pinnacle Labs,Healthcare & Life Sciences,Inbound Demo Request,15000.0,90.1,Won,2025-09-21,David Kim
LEAD-01338,Elevate Capital,Professional Services & Consulting,Partner Channel,5000.0,58.4,Contacted,2026-08-05,Michael Chang
LEAD-01339,Elevate Logistics,Financial Services & FinTech,LinkedIn Campaign,8000.0,48.9,Contacted,2026-08-29,Michael Chang
LEAD-01340,Solstice Partners,Retail & E-Commerce,Partner Channel,25000.0,68.7,New,2026-02-12,Sarah Jenkins
LEAD-01341,Omni Enterprises,Financial Services & FinTech,LinkedIn Campaign,8000.0,84.4,Lost,2025-11-16,David Kim
LEAD-01342,Beacon Technologies,Professional Services & Consulting,Webinar,8000.0,57.1,Proposal Sent,2026-01-31,Michael Chang
LEAD-01343,Acro Systems,Retail & E-Commerce,Partner Channel,5000.0,73.7,New,2025-10-01,David Kim
LEAD-01344,CoreTech Capital,Professional Services & Consulting,Referral,35000.0,69.5,Qualified,2026-02-08,Alex Rivera
LEAD-01345,Nexus Capital,Manufacturing & Industrial,Partner Channel,5000.0,25.7,Contacted,2026-04-26,David Kim
LEAD-01346,Hyperion Enterprises,Retail & E-Commerce,Cold Outreach,5000.0,41.6,New,2025-10-15,Priya Patel
LEAD-01347,Cognitive Digital,SaaS & Cloud Software,Referral,120000.0,82.2,Won,2026-04-18,David Kim
LEAD-01348,Vertex Innovations,Retail & E-Commerce,Webinar,8000.0,82.8,Contacted,2026-03-23,Alex Rivera
LEAD-01349,Vertex Capital,Retail & E-Commerce,Webinar,8000.0,28.9,Qualified,2026-06-11,Priya Patel
LEAD-01350,Synapse Systems,SaaS & Cloud Software,LinkedIn Campaign,8000.0,57.9,Qualified,2026-04-17,Michael Chang
LEAD-01351,Solstice Analytics,Retail & E-Commerce,Cold Outreach,12000.0,58.0,New,2025-12-11,Priya Patel
LEAD-01352,Catalyst Systems,Retail & E-Commerce,Cold Outreach,5000.0,29.8,New,2026-03-31,Priya Patel
LEAD-01353,Velocity Technologies,Financial Services & FinTech,Referral,120000.0,76.8,Won,2026-07-07,Priya Patel
LEAD-01354,Acro Logistics,Retail & E-Commerce,Partner Channel,12000.0,25.3,Lost,2025-11-16,Priya Patel
LEAD-01355,Nexus Dynamics,Professional Services & Consulting,LinkedIn Campaign,20000.0,78.1,Proposal Sent,2026-01-09,Alex Rivera
LEAD-01356,Zenith Logistics,Professional Services & Consulting,Partner Channel,5000.0,52.0,Contacted,2026-06-13,Emily Watson
LEAD-01357,Velocity Dynamics,SaaS & Cloud Software,Organic Search,5000.0,32.6,Contacted,2025-09-17,Emily Watson
LEAD-01358,Pinnacle Analytics,Retail & E-Commerce,LinkedIn Campaign,8000.0,64.7,Contacted,2026-01-21,Michael Chang
LEAD-01359,Elevate Systems,Healthcare & Life Sciences,Organic Search,12000.0,28.3,Lost,2026-01-01,Sarah Jenkins
LEAD-01360,Beacon Enterprises,Media & Entertainment,Organic Search,5000.0,58.3,Contacted,2026-01-02,Alex Rivera
LEAD-01361,Meridian Logistics,SaaS & Cloud Software,Referral,60000.0,68.6,Qualified,2025-10-18,Priya Patel
LEAD-01362,Solstice Health,Media & Entertainment,Inbound Demo Request,15000.0,81.6,Proposal Sent,2026-01-24,Alex Rivera
LEAD-01363,Vanguard Partners,Professional Services & Consulting,Partner Channel,12000.0,32.4,Qualified,2026-02-20,Emily Watson
LEAD-01364,Cognitive Capital,SaaS & Cloud Software,LinkedIn Campaign,20000.0,59.9,Lost,2025-11-22,Emily Watson
LEAD-01365,Pinnacle Innovations,Professional Services & Consulting,Webinar,20000.0,47.2,Qualified,2026-03-17,Michael Chang
LEAD-01366,Solstice Capital,Professional Services & Consulting,Webinar,8000.0,57.8,Contacted,2026-03-11,Sarah Jenkins
LEAD-01367,Vanguard Enterprises,Telecommunications,Partner Channel,25000.0,65.1,Contacted,2026-01-26,Emily Watson
LEAD-01368,Zenith Analytics,Manufacturing & Industrial,Referral,35000.0,96.7,Proposal Sent,2025-09-21,Michael Chang
LEAD-01369,Nexus Logistics,SaaS & Cloud Software,Referral,60000.0,72.9,Won,2025-12-26,David Kim
LEAD-01370,Catalyst Systems,Telecommunications,Organic Search,12000.0,46.3,Lost,2026-06-26,Priya Patel
LEAD-01371,Pinnacle Analytics,Manufacturing & Industrial,LinkedIn Campaign,8000.0,53.9,Won,2026-08-26,Alex Rivera
LEAD-01372,Elevate Labs,Healthcare & Life Sciences,LinkedIn Campaign,8000.0,74.8,Lost,2026-04-13,David Kim
LEAD-01373,Starlight Partners,Media & Entertainment,LinkedIn Campaign,20000.0,64.6,Qualified,2026-03-15,Sarah Jenkins
LEAD-01374,Zenith Dynamics,Retail & E-Commerce,Organic Search,5000.0,61.0,New,2026-06-10,Sarah Jenkins
LEAD-01375,Prism Dynamics,Professional Services & Consulting,Webinar,8000.0,61.1,Qualified,2026-08-27,Priya Patel
LEAD-01376,Vanguard Global,SaaS & Cloud Software,Webinar,20000.0,86.8,Qualified,2026-03-13,David Kim
LEAD-01377,Pinnacle Health,SaaS & Cloud Software,Inbound Demo Request,35000.0,68.7,Qualified,2026-08-30,David Kim
LEAD-01378,Solstice Analytics,Media & Entertainment,Organic Search,5000.0,45.0,Contacted,2026-02-03,Emily Watson
LEAD-01379,Horizon Analytics,Manufacturing & Industrial,Organic Search,5000.0,44.2,Contacted,2026-07-15,David Kim
LEAD-01380,Omni Labs,Retail & E-Commerce,LinkedIn Campaign,20000.0,60.8,Qualified,2026-04-25,Alex Rivera
LEAD-01381,Omni Dynamics,Professional Services & Consulting,Webinar,8000.0,72.7,Proposal Sent,2026-03-25,Michael Chang
LEAD-01382,Meridian Enterprises,Telecommunications,Webinar,8000.0,59.2,Proposal Sent,2026-07-06,Sarah Jenkins
LEAD-01383,Pinnacle Global,Professional Services & Consulting,Webinar,8000.0,60.8,Proposal Sent,2026-08-14,Emily Watson
LEAD-01384,Vanguard Innovations,Telecommunications,Organic Search,5000.0,62.7,Lost,2025-10-14,Michael Chang
LEAD-01385,Hyperion Capital,SaaS & Cloud Software,Cold Outreach,5000.0,6.6,Lost,2025-11-22,Sarah Jenkins
LEAD-01386,Vertex Analytics,Telecommunications,Partner Channel,12000.0,63.3,Qualified,2026-03-13,Emily Watson
LEAD-01387,Beacon Partners,Telecommunications,Inbound Demo Request,35000.0,49.7,Proposal Sent,2025-10-24,Emily Watson
LEAD-01388,Zenith Partners,Financial Services & FinTech,Organic Search,5000.0,31.4,Contacted,2026-05-08,Emily Watson
LEAD-01389,Aura Logistics,Manufacturing & Industrial,Referral,15000.0,80.8,Proposal Sent,2026-04-07,Priya Patel
LEAD-01390,CoreTech Analytics,Professional Services & Consulting,Partner Channel,12000.0,42.8,Contacted,2026-07-05,Alex Rivera
LEAD-01391,Aegis Labs,Media & Entertainment,Partner Channel,12000.0,28.9,Lost,2026-07-31,Emily Watson
LEAD-01392,Acro Logistics,Telecommunications,LinkedIn Campaign,8000.0,53.8,Won,2025-12-26,David Kim
LEAD-01393,Nexus Labs,SaaS & Cloud Software,Cold Outreach,5000.0,76.4,New,2026-07-27,Sarah Jenkins
LEAD-01394,Synapse Analytics,Manufacturing & Industrial,Cold Outreach,12000.0,39.7,Contacted,2026-03-27,Sarah Jenkins
LEAD-01395,Vanguard Analytics,Healthcare & Life Sciences,Cold Outreach,12000.0,51.1,Contacted,2026-08-22,Emily Watson
LEAD-01396,Starlight Innovations,Financial Services & FinTech,Webinar,8000.0,62.1,Qualified,2026-06-08,Michael Chang
LEAD-01397,Aegis Capital,Professional Services & Consulting,LinkedIn Campaign,8000.0,51.4,Qualified,2025-12-26,David Kim
LEAD-01398,Cognitive Dynamics,Professional Services & Consulting,Webinar,8000.0,94.2,Won,2026-07-21,Alex Rivera
LEAD-01399,Omni Logistics,SaaS & Cloud Software,Webinar,8000.0,69.3,Proposal Sent,2025-09-24,Priya Patel
LEAD-01400,Vertex Solutions,SaaS & Cloud Software,LinkedIn Campaign,20000.0,81.4,Lost,2026-02-26,Michael Chang
LEAD-01401,Stratosphere Partners,Telecommunications,Partner Channel,25000.0,19.0,New,2025-12-18,Emily Watson
LEAD-01402,Acro Digital,Retail & E-Commerce,Organic Search,5000.0,5.0,Contacted,2026-03-20,Emily Watson
LEAD-01403,Aura Analytics,Retail & E-Commerce,Cold Outreach,5000.0,71.8,New,2025-09-20,David Kim
LEAD-01404,Synapse Logistics,SaaS & Cloud Software,Cold Outreach,5000.0,53.0,New,2026-06-15,Michael Chang
LEAD-01405,Nexus Systems,Financial Services & FinTech,Partner Channel,12000.0,41.1,Lost,2025-12-14,Alex Rivera
LEAD-01406,Meridian Partners,Manufacturing & Industrial,LinkedIn Campaign,20000.0,84.4,Qualified,2026-03-03,David Kim
LEAD-01407,Starlight Logistics,Healthcare & Life Sciences,Referral,35000.0,70.7,Won,2026-03-06,David Kim
LEAD-01408,CoreTech Solutions,Telecommunications,Inbound Demo Request,35000.0,82.8,Won,2026-07-18,Emily Watson
LEAD-01409,Zenith Digital,Media & Entertainment,Referral,35000.0,69.4,Qualified,2025-12-27,Sarah Jenkins
LEAD-01410,Solstice Global,Telecommunications,Cold Outreach,12000.0,40.9,Lost,2026-07-04,David Kim
LEAD-01411,Starlight Partners,Retail & E-Commerce,LinkedIn Campaign,20000.0,67.4,Contacted,2026-01-06,David Kim
LEAD-01412,Vanguard Capital,SaaS & Cloud Software,Webinar,8000.0,49.8,Proposal Sent,2026-02-24,David Kim
LEAD-01413,Stratosphere Health,Healthcare & Life Sciences,LinkedIn Campaign,8000.0,54.6,Contacted,2026-01-24,David Kim
LEAD-01414,Quantum Digital,Media & Entertainment,Partner Channel,5000.0,22.8,Contacted,2025-11-08,David Kim
LEAD-01415,Catalyst Logistics,Healthcare & Life Sciences,LinkedIn Campaign,8000.0,59.9,Contacted,2026-04-11,David Kim
LEAD-01416,Pinnacle Health,SaaS & Cloud Software,Inbound Demo Request,60000.0,53.4,Qualified,2026-05-21,Alex Rivera
LEAD-01417,Apex Logistics,SaaS & Cloud Software,Organic Search,12000.0,51.0,Contacted,2025-12-20,Michael Chang
LEAD-01418,Quantum Dynamics,Media & Entertainment,Cold Outreach,5000.0,37.8,Contacted,2025-11-06,David Kim
LEAD-01419,Aura Health,Financial Services & FinTech,Inbound Demo Request,35000.0,73.3,Won,2026-05-11,Emily Watson
LEAD-01420,CoreTech Analytics,Financial Services & FinTech,LinkedIn Campaign,45000.0,64.7,Contacted,2026-05-25,Sarah Jenkins
LEAD-01421,Vanguard Analytics,SaaS & Cloud Software,Referral,35000.0,78.8,Qualified,2026-04-03,David Kim
LEAD-01422,Aura Partners,Financial Services & FinTech,Referral,35000.0,66.0,Proposal Sent,2026-04-13,Sarah Jenkins
LEAD-01423,Zenith Analytics,Manufacturing & Industrial,Cold Outreach,5000.0,27.0,Contacted,2026-08-25,Michael Chang
LEAD-01424,Catalyst Partners,Healthcare & Life Sciences,Cold Outreach,5000.0,49.1,Qualified,2026-08-06,Emily Watson
LEAD-01425,Solstice Enterprises,Professional Services & Consulting,Inbound Demo Request,60000.0,72.0,Qualified,2026-03-02,Sarah Jenkins
LEAD-01426,Hyperion Analytics,Financial Services & FinTech,Referral,35000.0,71.9,Won,2026-05-09,Michael Chang
LEAD-01427,Aura Digital,Manufacturing & Industrial,Inbound Demo Request,120000.0,91.8,Won,2026-04-25,David Kim
LEAD-01428,Zenith Capital,Manufacturing & Industrial,Organic Search,5000.0,9.4,Contacted,2026-05-31,David Kim
LEAD-01429,Aura Capital,Media & Entertainment,Inbound Demo Request,15000.0,76.4,Negotiation,2026-07-23,Emily Watson
LEAD-01430,Horizon Logistics,Retail & E-Commerce,Referral,120000.0,76.5,Won,2025-11-13,Michael Chang
LEAD-01431,Starlight Global,Media & Entertainment,Partner Channel,12000.0,49.2,Contacted,2026-04-20,Emily Watson
LEAD-01432,Aura Digital,SaaS & Cloud Software,Partner Channel,12000.0,18.3,New,2026-05-28,Emily Watson
LEAD-01433,Horizon Enterprises,Media & Entertainment,LinkedIn Campaign,8000.0,54.5,Qualified,2025-09-28,Alex Rivera
LEAD-01434,Aegis Digital,Telecommunications,LinkedIn Campaign,45000.0,74.8,Qualified,2026-02-02,Alex Rivera
LEAD-01435,Starlight Labs,Manufacturing & Industrial,Webinar,8000.0,69.0,Qualified,2025-10-17,Michael Chang
LEAD-01436,Beacon Partners,Financial Services & FinTech,Inbound Demo Request,35000.0,99.0,Qualified,2026-04-19,Emily Watson
LEAD-01437,Solstice Health,Financial Services & FinTech,LinkedIn Campaign,8000.0,44.1,Qualified,2025-11-25,Emily Watson
LEAD-01438,Vertex Technologies,Healthcare & Life Sciences,Referral,15000.0,74.3,Qualified,2026-07-15,Alex Rivera
LEAD-01439,Meridian Capital,Telecommunications,Organic Search,5000.0,29.2,New,2025-12-20,Sarah Jenkins
LEAD-01440,Quantum Capital,Retail & E-Commerce,LinkedIn Campaign,45000.0,74.1,Contacted,2025-10-22,Michael Chang
LEAD-01441,Meridian Solutions,Media & Entertainment,Partner Channel,12000.0,23.7,Lost,2026-07-06,David Kim
LEAD-01442,Stratosphere Capital,Telecommunications,Partner Channel,12000.0,51.9,Contacted,2026-03-23,Michael Chang
LEAD-01443,Horizon Analytics,Telecommunications,Cold Outreach,5000.0,55.1,Lost,2026-08-27,Alex Rivera
LEAD-01444,Horizon Dynamics,Retail & E-Commerce,LinkedIn Campaign,8000.0,58.5,Won,2026-05-22,David Kim
LEAD-01445,Horizon Analytics,Financial Services & FinTech,Inbound Demo Request,15000.0,75.2,Won,2026-05-04,Emily Watson
LEAD-01446,Horizon Innovations,Professional Services & Consulting,Referral,15000.0,79.0,Negotiation,2026-05-30,Alex Rivera
LEAD-01447,Vertex Dynamics,Media & Entertainment,Inbound Demo Request,60000.0,59.9,Negotiation,2026-08-26,Priya Patel
LEAD-01448,Meridian Systems,Financial Services & FinTech,Organic Search,12000.0,78.4,Lost,2026-04-15,Alex Rivera
LEAD-01449,Horizon Solutions,Professional Services & Consulting,Partner Channel,5000.0,37.8,New,2026-02-03,Sarah Jenkins
LEAD-01450,Omni Partners,Manufacturing & Industrial,LinkedIn Campaign,8000.0,67.4,Contacted,2026-01-05,Priya Patel
LEAD-01451,Quantum Digital,Healthcare & Life Sciences,Partner Channel,25000.0,27.7,New,2026-05-07,Sarah Jenkins
LEAD-01452,Zenith Innovations,Financial Services & FinTech,Inbound Demo Request,35000.0,56.0,Negotiation,2025-12-27,Emily Watson
LEAD-01453,Stratosphere Health,Retail & E-Commerce,Organic Search,5000.0,18.6,Lost,2026-04-05,Sarah Jenkins
LEAD-01454,Aura Dynamics,Professional Services & Consulting,Inbound Demo Request,60000.0,81.8,Qualified,2026-01-26,David Kim
LEAD-01455,Cognitive Solutions,Manufacturing & Industrial,Cold Outreach,12000.0,61.2,Qualified,2025-11-29,Sarah Jenkins
LEAD-01456,Solstice Health,Financial Services & FinTech,Inbound Demo Request,60000.0,77.6,Qualified,2026-07-22,Emily Watson
LEAD-01457,Elevate Partners,Financial Services & FinTech,Cold Outreach,12000.0,51.2,Lost,2026-03-11,Sarah Jenkins
LEAD-01458,Zenith Innovations,Media & Entertainment,Webinar,20000.0,75.5,Qualified,2026-01-24,Michael Chang
LEAD-01459,Solstice Digital,Manufacturing & Industrial,Organic Search,12000.0,54.8,Contacted,2026-03-09,Alex Rivera
LEAD-01460,Nexus Partners,Telecommunications,LinkedIn Campaign,20000.0,54.2,Contacted,2026-06-27,Michael Chang
LEAD-01461,Vertex Global,Media & Entertainment,Referral,35000.0,69.7,Proposal Sent,2025-12-09,Alex Rivera
LEAD-01462,Vanguard Health,Financial Services & FinTech,Webinar,8000.0,79.2,Contacted,2026-04-15,Priya Patel
LEAD-01463,Elevate Logistics,Media & Entertainment,Partner Channel,25000.0,32.0,Contacted,2026-05-06,Emily Watson
LEAD-01464,Solstice Capital,Media & Entertainment,Partner Channel,12000.0,23.0,New,2026-03-11,David Kim
LEAD-01465,Elevate Analytics,Healthcare & Life Sciences,Cold Outreach,5000.0,34.0,Contacted,2026-03-16,Michael Chang
LEAD-01466,Stratosphere Partners,Media & Entertainment,Webinar,8000.0,73.8,Qualified,2025-11-20,Michael Chang
LEAD-01467,Zenith Logistics,Manufacturing & Industrial,LinkedIn Campaign,20000.0,48.5,Proposal Sent,2026-05-01,Priya Patel
LEAD-01468,Acro Innovations,Healthcare & Life Sciences,Webinar,8000.0,64.3,Contacted,2025-11-03,Priya Patel
LEAD-01469,CoreTech Innovations,Telecommunications,Webinar,20000.0,56.8,Qualified,2026-05-03,Emily Watson
LEAD-01470,Quantum Technologies,Media & Entertainment,Webinar,8000.0,53.1,Proposal Sent,2026-08-04,Alex Rivera
LEAD-01471,Aegis Digital,Telecommunications,Referral,15000.0,62.0,Qualified,2026-05-07,Alex Rivera
LEAD-01472,Velocity Logistics,SaaS & Cloud Software,Partner Channel,12000.0,77.1,Contacted,2026-03-10,Michael Chang
LEAD-01473,Hyperion Enterprises,Media & Entertainment,Referral,15000.0,82.4,Qualified,2026-07-22,David Kim
LEAD-01474,Catalyst Partners,Manufacturing & Industrial,Organic Search,5000.0,45.9,Contacted,2025-11-29,Alex Rivera
LEAD-01475,Nexus Digital,Media & Entertainment,LinkedIn Campaign,20000.0,46.4,Won,2026-05-08,Alex Rivera
LEAD-01476,Quantum Capital,Media & Entertainment,Referral,60000.0,70.1,Won,2026-06-22,Emily Watson
LEAD-01477,Aura Systems,Retail & E-Commerce,Organic Search,5000.0,45.8,Lost,2025-09-07,Priya Patel
LEAD-01478,Meridian Partners,Retail & E-Commerce,Partner Channel,12000.0,37.7,Lost,2025-11-27,Alex Rivera
LEAD-01479,Cognitive Health,Media & Entertainment,Organic Search,5000.0,53.7,Qualified,2025-09-20,Sarah Jenkins
LEAD-01480,Stratosphere Innovations,Manufacturing & Industrial,Referral,35000.0,85.8,Won,2026-01-02,Priya Patel
LEAD-01481,Hyperion Systems,Retail & E-Commerce,LinkedIn Campaign,45000.0,66.7,Proposal Sent,2025-09-17,Priya Patel
LEAD-01482,Elevate Dynamics,Media & Entertainment,Cold Outreach,5000.0,18.0,Contacted,2025-11-10,David Kim
LEAD-01483,Vanguard Analytics,SaaS & Cloud Software,Referral,35000.0,65.1,Won,2026-07-06,Alex Rivera
LEAD-01484,Omni Analytics,Financial Services & FinTech,Referral,35000.0,52.6,Negotiation,2026-02-03,Sarah Jenkins
LEAD-01485,Nexus Systems,Manufacturing & Industrial,Inbound Demo Request,35000.0,75.9,Won,2026-04-14,Alex Rivera
LEAD-01486,Vanguard Solutions,Financial Services & FinTech,Webinar,20000.0,57.8,Qualified,2026-07-21,David Kim
LEAD-01487,Acro Health,Media & Entertainment,Inbound Demo Request,120000.0,68.8,Won,2025-09-08,Michael Chang
LEAD-01488,Omni Innovations,Healthcare & Life Sciences,LinkedIn Campaign,45000.0,47.2,Contacted,2025-10-09,Priya Patel
LEAD-01489,Pinnacle Logistics,Telecommunications,LinkedIn Campaign,20000.0,68.9,Qualified,2026-02-06,Priya Patel
LEAD-01490,Synapse Logistics,Retail & E-Commerce,Webinar,20000.0,54.5,Contacted,2025-09-09,David Kim
LEAD-01491,Synapse Systems,Media & Entertainment,LinkedIn Campaign,45000.0,71.4,Qualified,2026-02-12,Emily Watson
LEAD-01492,Vanguard Analytics,Manufacturing & Industrial,Referral,35000.0,99.0,Won,2026-03-31,Alex Rivera
LEAD-01493,Nexus Partners,Telecommunications,LinkedIn Campaign,8000.0,43.7,Contacted,2026-04-03,Emily Watson
LEAD-01494,Quantum Dynamics,Manufacturing & Industrial,Inbound Demo Request,60000.0,77.1,Proposal Sent,2026-06-14,Emily Watson
LEAD-01495,Horizon Global,Retail & E-Commerce,Cold Outreach,12000.0,58.1,New,2026-01-09,Alex Rivera
LEAD-01496,Stratosphere Capital,Manufacturing & Industrial,Cold Outreach,5000.0,47.2,New,2025-12-13,Priya Patel
LEAD-01497,Pinnacle Digital,Retail & E-Commerce,Cold Outreach,12000.0,33.5,New,2025-10-15,Priya Patel
LEAD-01498,Catalyst Logistics,Retail & E-Commerce,Inbound Demo Request,15000.0,68.5,Proposal Sent,2026-02-24,David Kim
LEAD-01499,Hyperion Analytics,Manufacturing & Industrial,Inbound Demo Request,15000.0,90.3,Qualified,2026-04-25,David Kim
LEAD-01500,Catalyst Enterprises,Financial Services & FinTech,LinkedIn Campaign,8000.0,64.8,Lost,2026-05-29,Emily Watson
LEAD-01501,Quantum Enterprises,Media & Entertainment,Cold Outreach,25000.0,29.9,Contacted,2026-04-17,Priya Patel
LEAD-01502,Quantum Technologies,Healthcare & Life Sciences,Inbound Demo Request,120000.0,70.9,Proposal Sent,2025-12-15,David Kim
LEAD-01503,Pinnacle Capital,Healthcare & Life Sciences,Partner Channel,5000.0,60.9,Lost,2025-12-16,Alex Rivera
LEAD-01504,Prism Logistics,Professional Services & Consulting,Partner Channel,5000.0,48.1,New,2025-10-17,Sarah Jenkins
LEAD-01505,Cognitive Enterprises,Media & Entertainment,Webinar,20000.0,53.0,Qualified,2026-08-10,Sarah Jenkins
LEAD-01506,Aegis Partners,Professional Services & Consulting,LinkedIn Campaign,20000.0,45.0,Qualified,2026-03-16,Alex Rivera
LEAD-01507,Hyperion Partners,Professional Services & Consulting,Webinar,8000.0,54.8,Proposal Sent,2026-01-25,Michael Chang
LEAD-01508,Solstice Digital,Professional Services & Consulting,Inbound Demo Request,60000.0,51.4,Negotiation,2026-07-20,David Kim
LEAD-01509,Hyperion Solutions,Healthcare & Life Sciences,Inbound Demo Request,35000.0,83.7,Won,2026-06-28,Michael Chang
LEAD-01510,Nexus Dynamics,Manufacturing & Industrial,Partner Channel,5000.0,27.3,New,2026-08-03,Sarah Jenkins
LEAD-01511,Omni Technologies,Retail & E-Commerce,Partner Channel,25000.0,32.4,New,2025-11-06,Priya Patel
LEAD-01512,Nexus Health,Media & Entertainment,Webinar,8000.0,47.5,Proposal Sent,2025-12-20,Sarah Jenkins
LEAD-01513,Vanguard Systems,Financial Services & FinTech,Inbound Demo Request,35000.0,63.7,Proposal Sent,2026-03-24,Alex Rivera
LEAD-01514,Aura Innovations,Telecommunications,Cold Outreach,5000.0,52.5,Contacted,2025-12-07,Priya Patel
LEAD-01515,Horizon Technologies,Telecommunications,Webinar,8000.0,42.9,Proposal Sent,2025-11-20,Priya Patel
LEAD-01516,Omni Capital,Manufacturing & Industrial,LinkedIn Campaign,8000.0,61.2,Contacted,2026-06-10,Michael Chang
LEAD-01517,Cognitive Enterprises,Professional Services & Consulting,Inbound Demo Request,15000.0,79.4,Won,2025-10-13,Priya Patel
LEAD-01518,Aura Innovations,Media & Entertainment,Referral,15000.0,84.3,Qualified,2025-10-27,Sarah Jenkins
LEAD-01519,Zenith Labs,Media & Entertainment,Webinar,20000.0,78.4,Won,2025-09-30,Emily Watson
LEAD-01520,Solstice Partners,Professional Services & Consulting,Webinar,20000.0,44.1,Won,2026-04-26,David Kim
LEAD-01521,CoreTech Capital,Media & Entertainment,Organic Search,5000.0,62.6,Contacted,2026-07-20,Priya Patel
LEAD-01522,Aegis Digital,Media & Entertainment,Webinar,8000.0,66.3,Qualified,2025-09-20,Emily Watson
LEAD-01523,Omni Solutions,Retail & E-Commerce,Partner Channel,5000.0,69.7,Contacted,2026-01-07,Alex Rivera
LEAD-01524,Horizon Global,Retail & E-Commerce,Inbound Demo Request,35000.0,89.3,Qualified,2026-05-03,Sarah Jenkins
LEAD-01525,Quantum Capital,Financial Services & FinTech,Referral,15000.0,80.4,Proposal Sent,2026-01-05,Sarah Jenkins
LEAD-01526,Aura Dynamics,SaaS & Cloud Software,Referral,120000.0,78.0,Negotiation,2026-03-16,Alex Rivera
LEAD-01527,CoreTech Logistics,Financial Services & FinTech,Referral,15000.0,66.6,Proposal Sent,2026-06-21,Emily Watson
LEAD-01528,Cognitive Global,Manufacturing & Industrial,LinkedIn Campaign,20000.0,63.7,Contacted,2025-12-20,Emily Watson
LEAD-01529,Elevate Technologies,Healthcare & Life Sciences,Referral,60000.0,57.4,Won,2025-12-18,Michael Chang
LEAD-01530,Quantum Technologies,Manufacturing & Industrial,Webinar,8000.0,66.6,Qualified,2026-05-05,Priya Patel
LEAD-01531,Solstice Labs,Healthcare & Life Sciences,Referral,35000.0,76.2,Won,2026-06-09,Alex Rivera
LEAD-01532,Zenith Innovations,Healthcare & Life Sciences,Partner Channel,5000.0,65.0,New,2026-06-23,Michael Chang
LEAD-01533,Catalyst Dynamics,SaaS & Cloud Software,Cold Outreach,5000.0,63.2,New,2026-06-17,Alex Rivera
LEAD-01534,Starlight Health,Financial Services & FinTech,Cold Outreach,12000.0,18.7,Qualified,2026-08-14,Alex Rivera
LEAD-01535,Aegis Dynamics,Manufacturing & Industrial,Webinar,8000.0,58.6,Proposal Sent,2026-01-24,David Kim
LEAD-01536,Solstice Dynamics,Professional Services & Consulting,Organic Search,12000.0,34.1,Qualified,2026-02-04,Priya Patel
LEAD-01537,Zenith Labs,Media & Entertainment,Partner Channel,25000.0,11.8,Lost,2026-03-11,Emily Watson
LEAD-01538,Meridian Health,Telecommunications,Inbound Demo Request,35000.0,70.5,Won,2025-11-06,Alex Rivera
LEAD-01539,CoreTech Technologies,Healthcare & Life Sciences,Webinar,20000.0,64.9,Qualified,2025-09-08,Michael Chang
LEAD-01540,Cognitive Capital,Telecommunications,Referral,60000.0,60.6,Negotiation,2026-08-24,Sarah Jenkins
LEAD-01541,Nexus Technologies,SaaS & Cloud Software,Organic Search,25000.0,61.9,Lost,2025-10-11,Priya Patel
LEAD-01542,Beacon Capital,Manufacturing & Industrial,Organic Search,5000.0,60.9,New,2026-07-25,Alex Rivera
LEAD-01543,Zenith Enterprises,Financial Services & FinTech,Inbound Demo Request,15000.0,99.0,Negotiation,2026-05-08,Michael Chang
LEAD-01544,Nexus Analytics,Telecommunications,Organic Search,5000.0,28.8,Lost,2025-10-31,Alex Rivera
LEAD-01545,Zenith Digital,Manufacturing & Industrial,Inbound Demo Request,120000.0,89.0,Proposal Sent,2026-03-08,Alex Rivera
LEAD-01546,Aegis Analytics,SaaS & Cloud Software,Inbound Demo Request,35000.0,56.3,Negotiation,2025-10-03,Sarah Jenkins
LEAD-01547,Cognitive Solutions,Telecommunications,Organic Search,5000.0,43.9,New,2025-12-18,Sarah Jenkins
LEAD-01548,Cognitive Dynamics,SaaS & Cloud Software,LinkedIn Campaign,8000.0,51.0,Won,2026-02-02,Priya Patel
LEAD-01549,Catalyst Solutions,Professional Services & Consulting,Webinar,20000.0,59.1,Proposal Sent,2026-03-01,Emily Watson
LEAD-01550,Nexus Solutions,Healthcare & Life Sciences,Inbound Demo Request,15000.0,63.8,Proposal Sent,2026-04-08,Emily Watson
LEAD-01551,Omni Technologies,Financial Services & FinTech,Webinar,8000.0,53.8,Lost,2025-11-18,David Kim
LEAD-01552,Starlight Global,Media & Entertainment,LinkedIn Campaign,8000.0,42.8,Won,2026-04-28,Michael Chang
LEAD-01553,Hyperion Enterprises,Professional Services & Consulting,Organic Search,5000.0,25.1,Contacted,2025-12-04,Emily Watson
LEAD-01554,Pinnacle Analytics,Financial Services & FinTech,Partner Channel,5000.0,25.5,New,2026-04-29,Alex Rivera
LEAD-01555,Hyperion Partners,Retail & E-Commerce,LinkedIn Campaign,45000.0,40.0,Proposal Sent,2026-05-03,David Kim
LEAD-01556,Starlight Dynamics,Healthcare & Life Sciences,Referral,35000.0,90.9,Won,2026-01-30,Priya Patel
LEAD-01557,Aura Systems,Healthcare & Life Sciences,Organic Search,12000.0,71.8,New,2026-04-04,David Kim
LEAD-01558,Solstice Labs,SaaS & Cloud Software,Cold Outreach,5000.0,77.9,Lost,2026-05-03,Emily Watson
LEAD-01559,Beacon Solutions,Healthcare & Life Sciences,Partner Channel,25000.0,65.1,New,2026-06-12,Priya Patel
LEAD-01560,Hyperion Partners,Media & Entertainment,Referral,35000.0,75.8,Won,2026-07-04,Emily Watson
LEAD-01561,Aura Innovations,Manufacturing & Industrial,Inbound Demo Request,35000.0,70.0,Negotiation,2025-09-16,Emily Watson
LEAD-01562,Beacon Solutions,Healthcare & Life Sciences,Cold Outreach,5000.0,43.9,New,2026-02-14,Priya Patel
LEAD-01563,Vertex Solutions,Healthcare & Life Sciences,Webinar,8000.0,44.6,Contacted,2026-03-10,Emily Watson
LEAD-01564,Elevate Dynamics,Financial Services & FinTech,Organic Search,5000.0,85.0,New,2026-08-04,Priya Patel
LEAD-01565,Solstice Technologies,Healthcare & Life Sciences,Webinar,20000.0,59.1,Lost,2026-08-27,David Kim
LEAD-01566,Solstice Systems,Professional Services & Consulting,Inbound Demo Request,15000.0,77.5,Proposal Sent,2025-10-07,David Kim
LEAD-01567,Acro Enterprises,Media & Entertainment,Organic Search,5000.0,49.5,New,2025-10-02,Michael Chang
LEAD-01568,Quantum Logistics,Healthcare & Life Sciences,Cold Outreach,5000.0,32.0,Lost,2026-08-14,Michael Chang
LEAD-01569,Apex Enterprises,Manufacturing & Industrial,Partner Channel,25000.0,69.3,Lost,2026-01-27,Michael Chang
LEAD-01570,Synapse Digital,Manufacturing & Industrial,Webinar,45000.0,69.5,Qualified,2025-12-29,Michael Chang
LEAD-01571,CoreTech Digital,Financial Services & FinTech,Referral,120000.0,98.9,Qualified,2026-03-02,Michael Chang
LEAD-01572,Horizon Logistics,Healthcare & Life Sciences,LinkedIn Campaign,8000.0,64.6,Won,2025-09-12,Priya Patel
LEAD-01573,Apex Dynamics,Retail & E-Commerce,Inbound Demo Request,15000.0,72.7,Won,2026-05-27,Priya Patel
LEAD-01574,CoreTech Innovations,Healthcare & Life Sciences,Partner Channel,5000.0,42.0,New,2026-06-17,Michael Chang
LEAD-01575,Cognitive Partners,Healthcare & Life Sciences,Webinar,20000.0,70.4,Won,2025-09-10,Michael Chang
LEAD-01576,Prism Global,Manufacturing & Industrial,Inbound Demo Request,120000.0,62.8,Proposal Sent,2025-09-11,Alex Rivera
LEAD-01577,Synapse Solutions,Financial Services & FinTech,Referral,15000.0,93.2,Negotiation,2025-09-30,David Kim
LEAD-01578,Starlight Enterprises,Media & Entertainment,Referral,60000.0,99.0,Won,2025-10-30,Sarah Jenkins
LEAD-01579,Vertex Analytics,Healthcare & Life Sciences,Inbound Demo Request,15000.0,77.4,Proposal Sent,2026-02-17,Alex Rivera
LEAD-01580,Cognitive Global,Manufacturing & Industrial,Cold Outreach,5000.0,51.6,Lost,2026-04-05,Priya Patel
LEAD-01581,Vertex Digital,SaaS & Cloud Software,Inbound Demo Request,15000.0,99.0,Proposal Sent,2026-08-16,Priya Patel
LEAD-01582,Quantum Digital,SaaS & Cloud Software,LinkedIn Campaign,8000.0,51.9,Qualified,2026-04-16,Priya Patel
LEAD-01583,Pinnacle Dynamics,Manufacturing & Industrial,LinkedIn Campaign,8000.0,66.2,Proposal Sent,2026-02-18,David Kim
LEAD-01584,Catalyst Innovations,Telecommunications,LinkedIn Campaign,8000.0,53.5,Qualified,2025-11-13,Sarah Jenkins
LEAD-01585,Synapse Systems,SaaS & Cloud Software,Referral,120000.0,76.5,Won,2026-05-31,Emily Watson
LEAD-01586,Meridian Enterprises,Manufacturing & Industrial,Referral,15000.0,80.7,Negotiation,2025-09-30,Alex Rivera
LEAD-01587,Quantum Labs,Healthcare & Life Sciences,Referral,120000.0,66.0,Negotiation,2026-03-06,Emily Watson
LEAD-01588,Beacon Systems,Healthcare & Life Sciences,Inbound Demo Request,60000.0,65.7,Won,2026-03-17,Emily Watson
LEAD-01589,Acro Systems,Professional Services & Consulting,Partner Channel,12000.0,30.5,Lost,2026-01-04,David Kim
LEAD-01590,Prism Capital,Manufacturing & Industrial,Webinar,45000.0,59.1,Proposal Sent,2026-05-07,David Kim
LEAD-01591,Zenith Global,Retail & E-Commerce,Inbound Demo Request,60000.0,85.3,Proposal Sent,2025-10-13,Emily Watson
LEAD-01592,Omni Solutions,Healthcare & Life Sciences,LinkedIn Campaign,20000.0,64.5,Qualified,2026-05-17,Emily Watson
LEAD-01593,Vanguard Technologies,Professional Services & Consulting,Partner Channel,12000.0,58.5,Contacted,2026-06-03,Emily Watson
LEAD-01594,Solstice Logistics,Manufacturing & Industrial,Cold Outreach,5000.0,26.0,Lost,2025-10-03,Alex Rivera
LEAD-01595,Solstice Dynamics,Manufacturing & Industrial,Webinar,45000.0,87.9,Qualified,2026-07-12,Sarah Jenkins
LEAD-01596,Meridian Analytics,Media & Entertainment,Cold Outreach,25000.0,29.7,New,2026-01-07,Alex Rivera
LEAD-01597,Pinnacle Digital,Retail & E-Commerce,Cold Outreach,5000.0,50.3,Lost,2026-06-13,David Kim
LEAD-01598,Velocity Partners,Manufacturing & Industrial,Webinar,20000.0,58.6,Proposal Sent,2026-03-13,Michael Chang
LEAD-01599,Zenith Labs,Retail & E-Commerce,LinkedIn Campaign,45000.0,59.0,Qualified,2026-08-14,David Kim
LEAD-01600,Vertex Analytics,Professional Services & Consulting,Cold Outreach,12000.0,53.6,New,2026-03-08,Priya Patel
LEAD-01601,Aegis Analytics,Professional Services & Consulting,Partner Channel,12000.0,26.9,New,2025-10-19,Emily Watson
LEAD-01602,Velocity Capital,SaaS & Cloud Software,LinkedIn Campaign,8000.0,28.0,Contacted,2026-05-28,Emily Watson
LEAD-01603,Solstice Logistics,Telecommunications,LinkedIn Campaign,8000.0,50.3,Proposal Sent,2026-08-29,Sarah Jenkins
LEAD-01604,Elevate Partners,Telecommunications,Inbound Demo Request,60000.0,64.3,Won,2026-03-13,David Kim
LEAD-01605,CoreTech Innovations,SaaS & Cloud Software,LinkedIn Campaign,8000.0,69.0,Qualified,2025-09-14,Michael Chang
LEAD-01606,Beacon Global,Manufacturing & Industrial,Partner Channel,5000.0,51.2,Contacted,2026-08-02,Emily Watson
LEAD-01607,CoreTech Dynamics,Manufacturing & Industrial,Webinar,45000.0,58.0,Contacted,2026-05-10,David Kim
LEAD-01608,Horizon Enterprises,Financial Services & FinTech,Cold Outreach,12000.0,29.1,Contacted,2026-02-11,Sarah Jenkins
LEAD-01609,Aura Solutions,Media & Entertainment,Partner Channel,12000.0,34.6,Contacted,2026-03-18,Michael Chang
LEAD-01610,Horizon Partners,SaaS & Cloud Software,Inbound Demo Request,35000.0,65.4,Negotiation,2025-12-20,Michael Chang
LEAD-01611,Elevate Innovations,Telecommunications,Inbound Demo Request,35000.0,82.8,Proposal Sent,2026-07-23,Emily Watson
LEAD-01612,Nexus Systems,Professional Services & Consulting,LinkedIn Campaign,20000.0,70.8,Proposal Sent,2026-06-22,Priya Patel
LEAD-01613,Synapse Systems,SaaS & Cloud Software,Webinar,45000.0,56.9,Won,2026-06-30,Michael Chang
LEAD-01614,Starlight Innovations,Professional Services & Consulting,LinkedIn Campaign,20000.0,59.5,Qualified,2025-10-12,David Kim
LEAD-01615,Vertex Analytics,Retail & E-Commerce,LinkedIn Campaign,8000.0,74.5,Qualified,2025-12-03,Alex Rivera
LEAD-01616,Hyperion Logistics,Professional Services & Consulting,Referral,35000.0,43.4,Won,2025-11-29,Michael Chang
LEAD-01617,Aura Global,Media & Entertainment,Organic Search,5000.0,36.1,Contacted,2026-03-08,Emily Watson
LEAD-01618,Nexus Logistics,Healthcare & Life Sciences,Webinar,8000.0,76.1,Proposal Sent,2025-10-16,Emily Watson
LEAD-01619,Catalyst Global,Financial Services & FinTech,Partner Channel,12000.0,37.7,New,2026-03-14,Sarah Jenkins
LEAD-01620,Omni Dynamics,Retail & E-Commerce,Organic Search,12000.0,61.7,Lost,2026-02-13,Priya Patel
LEAD-01621,Velocity Partners,Telecommunications,Webinar,20000.0,59.7,Qualified,2026-04-05,Priya Patel
LEAD-01622,Starlight Enterprises,Financial Services & FinTech,LinkedIn Campaign,8000.0,48.5,Won,2025-10-08,Priya Patel
LEAD-01623,Velocity Analytics,Retail & E-Commerce,Partner Channel,12000.0,80.0,Lost,2026-07-01,Emily Watson
LEAD-01624,Omni Capital,Professional Services & Consulting,Cold Outreach,25000.0,39.9,Lost,2026-02-18,David Kim
LEAD-01625,Vanguard Health,Telecommunications,Referral,15000.0,84.7,Lost,2026-07-23,Michael Chang
LEAD-01626,Solstice Systems,Financial Services & FinTech,Partner Channel,5000.0,45.8,Lost,2026-03-04,Alex Rivera
LEAD-01627,Starlight Partners,Financial Services & FinTech,Cold Outreach,5000.0,65.0,New,2026-03-19,Sarah Jenkins
LEAD-01628,Horizon Partners,Financial Services & FinTech,Organic Search,5000.0,33.3,Contacted,2026-03-09,David Kim
LEAD-01629,Catalyst Technologies,Telecommunications,Referral,60000.0,97.9,Won,2026-04-08,David Kim
LEAD-01630,Acro Health,Telecommunications,Webinar,8000.0,72.8,Contacted,2026-03-08,Michael Chang
LEAD-01631,Aura Partners,Retail & E-Commerce,Referral,35000.0,76.1,Negotiation,2025-10-28,Emily Watson
LEAD-01632,Zenith Technologies,Healthcare & Life Sciences,Organic Search,5000.0,28.3,New,2026-03-29,Emily Watson
LEAD-01633,Aura Health,Healthcare & Life Sciences,Inbound Demo Request,35000.0,80.3,Won,2026-01-04,Alex Rivera
LEAD-01634,Synapse Health,Media & Entertainment,Partner Channel,12000.0,55.3,Contacted,2025-09-25,Alex Rivera
LEAD-01635,Starlight Technologies,Financial Services & FinTech,LinkedIn Campaign,8000.0,46.8,Proposal Sent,2026-02-07,David Kim
LEAD-01636,Synapse Logistics,Healthcare & Life Sciences,Inbound Demo Request,15000.0,76.1,Qualified,2026-06-23,David Kim
LEAD-01637,Stratosphere Digital,SaaS & Cloud Software,Inbound Demo Request,60000.0,78.8,Won,2025-12-12,David Kim
LEAD-01638,Catalyst Labs,Professional Services & Consulting,Cold Outreach,5000.0,29.6,Lost,2026-06-29,Alex Rivera
LEAD-01639,Synapse Analytics,Media & Entertainment,Inbound Demo Request,60000.0,79.5,Qualified,2026-07-27,Emily Watson
LEAD-01640,Meridian Technologies,Professional Services & Consulting,Organic Search,5000.0,16.3,Contacted,2025-10-06,Priya Patel
LEAD-01641,Nexus Partners,Manufacturing & Industrial,LinkedIn Campaign,20000.0,67.9,Lost,2026-08-18,Sarah Jenkins
LEAD-01642,Horizon Solutions,Telecommunications,Webinar,20000.0,53.7,Qualified,2025-12-13,Michael Chang
LEAD-01643,Zenith Analytics,Telecommunications,LinkedIn Campaign,8000.0,75.7,Proposal Sent,2026-08-17,Priya Patel
LEAD-01644,Aegis Digital,SaaS & Cloud Software,Organic Search,12000.0,45.2,Lost,2025-12-29,Alex Rivera
LEAD-01645,Omni Labs,Media & Entertainment,Organic Search,25000.0,21.8,Lost,2026-01-07,Emily Watson
LEAD-01646,Omni Enterprises,Professional Services & Consulting,Referral,35000.0,68.3,Won,2025-12-06,Sarah Jenkins
LEAD-01647,Quantum Logistics,Professional Services & Consulting,Partner Channel,12000.0,44.5,Lost,2025-10-31,David Kim
LEAD-01648,Omni Innovations,Professional Services & Consulting,Organic Search,12000.0,39.8,New,2026-07-05,Michael Chang
LEAD-01649,Aegis Partners,Telecommunications,Webinar,20000.0,89.9,Qualified,2026-03-21,Alex Rivera
LEAD-01650,Synapse Partners,Financial Services & FinTech,LinkedIn Campaign,20000.0,77.4,Contacted,2026-05-05,David Kim
LEAD-01651,Quantum Enterprises,SaaS & Cloud Software,Referral,35000.0,78.9,Qualified,2026-04-25,David Kim
LEAD-01652,Velocity Global,Retail & E-Commerce,Webinar,45000.0,95.0,Qualified,2026-07-25,Priya Patel
LEAD-01653,Catalyst Digital,Media & Entertainment,Referral,15000.0,77.6,Won,2026-06-23,Emily Watson
LEAD-01654,Vertex Analytics,SaaS & Cloud Software,Webinar,8000.0,78.7,Contacted,2025-11-08,David Kim
LEAD-01655,Meridian Labs,Healthcare & Life Sciences,LinkedIn Campaign,8000.0,62.6,Qualified,2025-09-08,Alex Rivera
LEAD-01656,Nexus Partners,Healthcare & Life Sciences,Partner Channel,25000.0,50.2,New,2026-06-18,Michael Chang
LEAD-01657,Catalyst Innovations,Retail & E-Commerce,LinkedIn Campaign,8000.0,49.3,Qualified,2026-08-08,David Kim
LEAD-01658,CoreTech Analytics,Healthcare & Life Sciences,LinkedIn Campaign,8000.0,87.1,Qualified,2026-02-14,Sarah Jenkins
LEAD-01659,Omni Dynamics,Retail & E-Commerce,Organic Search,12000.0,48.4,Qualified,2025-12-19,David Kim
LEAD-01660,Stratosphere Health,Retail & E-Commerce,Referral,120000.0,82.6,Won,2026-05-08,Priya Patel
LEAD-01661,Acro Innovations,Media & Entertainment,Webinar,20000.0,51.5,Proposal Sent,2026-06-28,Alex Rivera
LEAD-01662,Nexus Capital,Telecommunications,Referral,120000.0,99.0,Won,2026-01-16,Priya Patel
LEAD-01663,Hyperion Logistics,Telecommunications,Partner Channel,12000.0,49.7,New,2025-12-06,Michael Chang
LEAD-01664,Omni Global,Professional Services & Consulting,Cold Outreach,12000.0,54.0,Contacted,2025-09-22,Michael Chang
LEAD-01665,Vertex Analytics,Manufacturing & Industrial,LinkedIn Campaign,8000.0,70.6,Qualified,2026-07-27,Alex Rivera
LEAD-01666,Vanguard Enterprises,Healthcare & Life Sciences,Inbound Demo Request,60000.0,70.2,Negotiation,2025-11-11,Alex Rivera
LEAD-01667,Solstice Dynamics,Manufacturing & Industrial,Partner Channel,5000.0,49.9,Lost,2026-08-11,David Kim
LEAD-01668,Hyperion Innovations,Telecommunications,Organic Search,5000.0,51.7,New,2026-01-29,David Kim
LEAD-01669,Omni Global,Telecommunications,Cold Outreach,25000.0,33.4,Contacted,2026-08-16,Priya Patel
LEAD-01670,Stratosphere Analytics,Telecommunications,Inbound Demo Request,35000.0,64.0,Won,2026-08-18,David Kim
LEAD-01671,Hyperion Capital,Media & Entertainment,Organic Search,12000.0,48.9,Contacted,2026-05-11,Priya Patel
LEAD-01672,Hyperion Logistics,Professional Services & Consulting,Partner Channel,5000.0,36.7,Contacted,2026-06-01,Michael Chang
LEAD-01673,Stratosphere Analytics,Manufacturing & Industrial,Inbound Demo Request,15000.0,69.1,Won,2026-04-20,Michael Chang
LEAD-01674,Cognitive Logistics,Financial Services & FinTech,Cold Outreach,5000.0,26.4,Qualified,2026-05-07,David Kim
LEAD-01675,Vertex Innovations,SaaS & Cloud Software,Partner Channel,5000.0,44.7,New,2026-02-14,Michael Chang
LEAD-01676,Cognitive Logistics,Retail & E-Commerce,LinkedIn Campaign,8000.0,84.2,Qualified,2026-08-13,Emily Watson
LEAD-01677,Velocity Global,Healthcare & Life Sciences,LinkedIn Campaign,20000.0,52.0,Contacted,2026-02-18,Alex Rivera
LEAD-01678,Horizon Analytics,Healthcare & Life Sciences,Organic Search,5000.0,54.3,New,2026-06-12,David Kim
LEAD-01679,Horizon Global,Manufacturing & Industrial,Organic Search,5000.0,37.2,Lost,2026-08-20,Priya Patel
LEAD-01680,Cognitive Dynamics,Healthcare & Life Sciences,Referral,60000.0,69.1,Won,2026-04-19,Emily Watson
LEAD-01681,Cognitive Systems,Manufacturing & Industrial,LinkedIn Campaign,45000.0,73.5,Proposal Sent,2025-11-20,Michael Chang
LEAD-01682,Aura Logistics,Manufacturing & Industrial,LinkedIn Campaign,20000.0,74.6,Lost,2025-12-16,Sarah Jenkins
LEAD-01683,Omni Systems,Healthcare & Life Sciences,Cold Outreach,5000.0,44.4,New,2025-12-19,Emily Watson
LEAD-01684,Elevate Digital,Professional Services & Consulting,Webinar,45000.0,80.5,Contacted,2026-05-18,Emily Watson
LEAD-01685,Pinnacle Capital,Healthcare & Life Sciences,Organic Search,12000.0,14.0,New,2026-08-28,Sarah Jenkins
LEAD-01686,Elevate Digital,Financial Services & FinTech,Partner Channel,5000.0,34.8,New,2026-01-31,Michael Chang
LEAD-01687,Velocity Labs,Financial Services & FinTech,Webinar,20000.0,68.1,Won,2026-04-06,Alex Rivera
LEAD-01688,Cognitive Innovations,Retail & E-Commerce,LinkedIn Campaign,20000.0,77.0,Contacted,2026-07-02,Sarah Jenkins
LEAD-01689,Vanguard Enterprises,Manufacturing & Industrial,Cold Outreach,5000.0,58.7,Lost,2025-10-09,Sarah Jenkins
LEAD-01690,Cognitive Labs,Healthcare & Life Sciences,LinkedIn Campaign,20000.0,71.9,Proposal Sent,2026-08-30,Priya Patel
LEAD-01691,Prism Health,Healthcare & Life Sciences,Partner Channel,5000.0,9.6,Contacted,2025-10-18,David Kim
LEAD-01692,Solstice Dynamics,Financial Services & FinTech,LinkedIn Campaign,8000.0,59.4,Qualified,2026-07-18,Michael Chang
LEAD-01693,Starlight Enterprises,Retail & E-Commerce,Organic Search,5000.0,56.2,New,2026-05-06,David Kim
LEAD-01694,Velocity Capital,Telecommunications,LinkedIn Campaign,8000.0,46.5,Contacted,2026-04-11,Alex Rivera
LEAD-01695,Cognitive Dynamics,Financial Services & FinTech,Referral,60000.0,70.6,Negotiation,2025-10-20,Alex Rivera
LEAD-01696,Quantum Health,Telecommunications,Referral,35000.0,68.0,Won,2025-09-23,David Kim
LEAD-01697,Acro Dynamics,SaaS & Cloud Software,Referral,120000.0,61.0,Won,2026-07-04,Sarah Jenkins
LEAD-01698,Apex Dynamics,Healthcare & Life Sciences,LinkedIn Campaign,8000.0,42.8,Qualified,2025-12-31,Sarah Jenkins
LEAD-01699,Horizon Dynamics,Healthcare & Life Sciences,Inbound Demo Request,60000.0,83.4,Won,2026-01-27,David Kim
LEAD-01700,Apex Health,Retail & E-Commerce,Organic Search,5000.0,44.4,Qualified,2025-11-15,Emily Watson
LEAD-01701,CoreTech Analytics,Professional Services & Consulting,Referral,35000.0,69.7,Won,2026-03-31,Emily Watson
LEAD-01702,Catalyst Technologies,Retail & E-Commerce,LinkedIn Campaign,20000.0,59.6,Qualified,2026-08-09,Sarah Jenkins
LEAD-01703,Zenith Dynamics,Healthcare & Life Sciences,Organic Search,5000.0,53.5,Contacted,2025-10-10,Emily Watson
LEAD-01704,Quantum Enterprises,Financial Services & FinTech,Referral,15000.0,66.0,Lost,2026-03-11,Emily Watson
LEAD-01705,Meridian Systems,Telecommunications,Inbound Demo Request,35000.0,69.8,Qualified,2025-10-16,Michael Chang
LEAD-01706,Aegis Technologies,Telecommunications,LinkedIn Campaign,20000.0,77.8,Contacted,2025-10-10,Emily Watson
LEAD-01707,Vertex Enterprises,Telecommunications,Cold Outreach,5000.0,19.0,Lost,2025-12-15,Priya Patel
LEAD-01708,Quantum Solutions,Media & Entertainment,Cold Outreach,5000.0,54.7,Contacted,2026-05-18,Emily Watson
LEAD-01709,Beacon Digital,Telecommunications,Partner Channel,5000.0,40.4,New,2026-03-19,Alex Rivera
LEAD-01710,Elevate Solutions,Financial Services & FinTech,Referral,120000.0,83.9,Proposal Sent,2026-02-28,David Kim
LEAD-01711,Horizon Labs,Manufacturing & Industrial,Inbound Demo Request,35000.0,89.9,Proposal Sent,2026-06-07,Priya Patel
LEAD-01712,Elevate Partners,Media & Entertainment,Cold Outreach,5000.0,60.0,Qualified,2025-09-22,Priya Patel
LEAD-01713,Stratosphere Health,Professional Services & Consulting,Webinar,20000.0,57.1,Proposal Sent,2026-06-20,Emily Watson
LEAD-01714,Stratosphere Digital,Telecommunications,LinkedIn Campaign,20000.0,94.6,Won,2026-08-12,Michael Chang
LEAD-01715,Quantum Systems,SaaS & Cloud Software,Inbound Demo Request,60000.0,60.1,Won,2026-06-03,Michael Chang
LEAD-01716,Starlight Innovations,SaaS & Cloud Software,Organic Search,5000.0,38.2,Lost,2025-10-07,Emily Watson
LEAD-01717,Omni Digital,Retail & E-Commerce,Webinar,20000.0,46.7,Qualified,2026-06-03,Michael Chang
LEAD-01718,Stratosphere Capital,Manufacturing & Industrial,Cold Outreach,5000.0,30.7,Lost,2026-04-11,Emily Watson
LEAD-01719,Vanguard Health,SaaS & Cloud Software,Cold Outreach,5000.0,30.2,Contacted,2026-05-28,Priya Patel
LEAD-01720,Zenith Technologies,Media & Entertainment,Referral,35000.0,88.6,Won,2026-01-13,Priya Patel
LEAD-01721,Stratosphere Global,Professional Services & Consulting,Cold Outreach,5000.0,33.4,Lost,2025-11-02,Priya Patel
LEAD-01722,Cognitive Solutions,SaaS & Cloud Software,LinkedIn Campaign,8000.0,39.6,Qualified,2025-12-31,Sarah Jenkins
LEAD-01723,Solstice Systems,Professional Services & Consulting,Cold Outreach,25000.0,55.0,Lost,2026-01-05,Michael Chang
LEAD-01724,Omni Health,Telecommunications,Cold Outreach,5000.0,50.8,Lost,2026-04-12,David Kim
LEAD-01725,Zenith Enterprises,Retail & E-Commerce,LinkedIn Campaign,20000.0,80.8,Qualified,2025-11-06,Sarah Jenkins
LEAD-01726,Apex Analytics,Healthcare & Life Sciences,Cold Outreach,25000.0,18.7,Qualified,2026-06-13,Alex Rivera
LEAD-01727,Starlight Innovations,Professional Services & Consulting,Organic Search,5000.0,65.3,Contacted,2026-06-15,Sarah Jenkins
LEAD-01728,Nexus Analytics,Healthcare & Life Sciences,Organic Search,5000.0,31.2,Qualified,2025-10-19,Priya Patel
LEAD-01729,Omni Logistics,Professional Services & Consulting,LinkedIn Campaign,20000.0,63.7,Contacted,2026-03-27,Sarah Jenkins
LEAD-01730,Synapse Analytics,Healthcare & Life Sciences,Inbound Demo Request,120000.0,75.2,Negotiation,2026-08-17,Priya Patel
LEAD-01731,Cognitive Dynamics,Financial Services & FinTech,Organic Search,5000.0,30.8,Contacted,2026-02-09,Emily Watson
LEAD-01732,Beacon Dynamics,Healthcare & Life Sciences,Partner Channel,5000.0,64.7,Contacted,2026-07-29,David Kim
LEAD-01733,Aura Capital,Healthcare & Life Sciences,Inbound Demo Request,35000.0,72.8,Negotiation,2025-12-05,Michael Chang
LEAD-01734,Synapse Capital,SaaS & Cloud Software,Webinar,45000.0,76.6,Qualified,2026-02-02,Sarah Jenkins
LEAD-01735,Velocity Labs,SaaS & Cloud Software,Cold Outreach,12000.0,17.2,New,2025-12-16,Priya Patel
LEAD-01736,Starlight Capital,Retail & E-Commerce,Cold Outreach,12000.0,53.0,Lost,2026-03-25,Emily Watson
LEAD-01737,Quantum Analytics,Professional Services & Consulting,Partner Channel,5000.0,38.6,New,2025-10-16,Alex Rivera
LEAD-01738,Pinnacle Innovations,Manufacturing & Industrial,Partner Channel,25000.0,71.8,Contacted,2026-08-21,Priya Patel
LEAD-01739,Velocity Labs,Media & Entertainment,Inbound Demo Request,15000.0,79.6,Proposal Sent,2026-07-08,David Kim
LEAD-01740,Horizon Labs,Professional Services & Consulting,Partner Channel,5000.0,56.4,Qualified,2026-08-09,David Kim
LEAD-01741,Velocity Digital,Healthcare & Life Sciences,Partner Channel,5000.0,51.6,Contacted,2025-12-04,Sarah Jenkins
LEAD-01742,Solstice Capital,Telecommunications,LinkedIn Campaign,20000.0,88.2,Lost,2026-06-24,Emily Watson
LEAD-01743,Hyperion Analytics,Financial Services & FinTech,Partner Channel,25000.0,39.4,New,2026-02-10,Michael Chang
LEAD-01744,Apex Logistics,Financial Services & FinTech,Organic Search,12000.0,45.3,New,2026-02-09,Emily Watson
LEAD-01745,Vanguard Innovations,SaaS & Cloud Software,Partner Channel,12000.0,76.7,Qualified,2025-09-24,Sarah Jenkins
LEAD-01746,Catalyst Logistics,Media & Entertainment,Partner Channel,5000.0,50.2,New,2026-08-20,Sarah Jenkins
LEAD-01747,Pinnacle Systems,Manufacturing & Industrial,Inbound Demo Request,60000.0,57.8,Qualified,2025-10-09,David Kim
LEAD-01748,Synapse Logistics,Healthcare & Life Sciences,Partner Channel,12000.0,28.8,New,2026-08-23,David Kim
LEAD-01749,Vertex Solutions,Telecommunications,Webinar,45000.0,49.8,Won,2026-01-29,Michael Chang
LEAD-01750,Zenith Systems,SaaS & Cloud Software,Inbound Demo Request,15000.0,77.4,Lost,2025-12-14,Sarah Jenkins
LEAD-01751,Vertex Digital,SaaS & Cloud Software,Inbound Demo Request,60000.0,67.4,Lost,2026-07-25,Priya Patel
LEAD-01752,CoreTech Systems,Telecommunications,Organic Search,25000.0,55.9,New,2026-01-24,Sarah Jenkins
LEAD-01753,Stratosphere Partners,SaaS & Cloud Software,LinkedIn Campaign,8000.0,59.0,Won,2026-08-20,Priya Patel
LEAD-01754,Starlight Global,Telecommunications,Inbound Demo Request,60000.0,75.1,Qualified,2025-10-26,Michael Chang
LEAD-01755,Velocity Innovations,Media & Entertainment,Organic Search,5000.0,45.4,Contacted,2025-09-12,Sarah Jenkins
LEAD-01756,Horizon Enterprises,Healthcare & Life Sciences,Webinar,20000.0,44.1,Qualified,2026-06-24,David Kim
LEAD-01757,Starlight Logistics,Financial Services & FinTech,Organic Search,5000.0,63.4,New,2026-07-04,David Kim
LEAD-01758,Apex Technologies,Telecommunications,LinkedIn Campaign,8000.0,70.3,Qualified,2026-05-21,Emily Watson
LEAD-01759,Vanguard Labs,Healthcare & Life Sciences,Webinar,8000.0,41.3,Qualified,2026-07-21,Michael Chang
LEAD-01760,Horizon Solutions,Telecommunications,Referral,35000.0,66.1,Proposal Sent,2025-10-31,Alex Rivera
LEAD-01761,Hyperion Systems,Media & Entertainment,Inbound Demo Request,15000.0,74.7,Won,2026-06-22,Emily Watson
LEAD-01762,Cognitive Logistics,Retail & E-Commerce,Organic Search,25000.0,43.7,Contacted,2026-07-10,Sarah Jenkins
LEAD-01763,Catalyst Labs,Retail & E-Commerce,Inbound Demo Request,35000.0,99.0,Proposal Sent,2026-02-26,David Kim
LEAD-01764,Catalyst Dynamics,Healthcare & Life Sciences,Webinar,45000.0,67.1,Qualified,2025-10-18,Michael Chang
LEAD-01765,Velocity Digital,Telecommunications,LinkedIn Campaign,8000.0,47.0,Qualified,2025-09-27,David Kim
LEAD-01766,Velocity Enterprises,Healthcare & Life Sciences,Webinar,8000.0,51.4,Won,2025-09-23,Sarah Jenkins
LEAD-01767,Catalyst Logistics,Professional Services & Consulting,Partner Channel,5000.0,38.0,Lost,2026-07-07,Alex Rivera
LEAD-01768,Meridian Analytics,Professional Services & Consulting,Cold Outreach,5000.0,51.9,Contacted,2025-09-27,Sarah Jenkins
LEAD-01769,Vanguard Technologies,Manufacturing & Industrial,Inbound Demo Request,15000.0,85.1,Negotiation,2026-07-19,Emily Watson
LEAD-01770,Vanguard Dynamics,Media & Entertainment,Cold Outreach,5000.0,51.2,Qualified,2026-06-17,Alex Rivera
LEAD-01771,Cognitive Labs,Financial Services & FinTech,Inbound Demo Request,15000.0,72.9,Proposal Sent,2026-04-12,Michael Chang
LEAD-01772,Nexus Labs,Healthcare & Life Sciences,Inbound Demo Request,35000.0,74.8,Won,2026-05-10,Alex Rivera
LEAD-01773,Pinnacle Partners,SaaS & Cloud Software,Partner Channel,12000.0,25.6,Contacted,2026-06-24,Sarah Jenkins
LEAD-01774,Prism Labs,Telecommunications,Inbound Demo Request,60000.0,93.5,Won,2026-02-04,Priya Patel
LEAD-01775,Starlight Systems,Professional Services & Consulting,Organic Search,12000.0,53.5,New,2026-05-26,Sarah Jenkins
LEAD-01776,Beacon Logistics,Telecommunications,LinkedIn Campaign,8000.0,57.2,Qualified,2026-01-23,Priya Patel
LEAD-01777,Velocity Innovations,Retail & E-Commerce,Referral,35000.0,99.0,Won,2025-10-22,Emily Watson
LEAD-01778,Cognitive Solutions,Manufacturing & Industrial,Cold Outreach,12000.0,13.8,Contacted,2025-11-14,Priya Patel
LEAD-01779,Acro Technologies,Professional Services & Consulting,LinkedIn Campaign,8000.0,41.8,Won,2026-02-13,Priya Patel
LEAD-01780,Quantum Solutions,Manufacturing & Industrial,Cold Outreach,5000.0,34.2,Contacted,2026-03-27,Alex Rivera
LEAD-01781,Acro Logistics,Healthcare & Life Sciences,Cold Outreach,12000.0,64.3,Contacted,2026-01-28,Alex Rivera
LEAD-01782,Aegis Global,Telecommunications,Webinar,20000.0,71.3,Contacted,2025-10-25,Priya Patel
LEAD-01783,Aegis Analytics,Manufacturing & Industrial,Webinar,8000.0,75.4,Contacted,2026-04-14,Priya Patel
LEAD-01784,Vertex Labs,Telecommunications,Partner Channel,25000.0,32.4,Lost,2026-07-07,Michael Chang
LEAD-01785,Prism Innovations,Telecommunications,Organic Search,12000.0,28.6,Contacted,2025-10-27,Michael Chang
LEAD-01786,Hyperion Technologies,Financial Services & FinTech,Webinar,20000.0,67.7,Proposal Sent,2026-02-11,Alex Rivera
LEAD-01787,Synapse Technologies,Professional Services & Consulting,LinkedIn Campaign,20000.0,65.5,Proposal Sent,2026-02-03,Priya Patel
LEAD-01788,Stratosphere Analytics,Financial Services & FinTech,Inbound Demo Request,35000.0,77.2,Won,2026-07-18,David Kim
LEAD-01789,Omni Technologies,Healthcare & Life Sciences,Inbound Demo Request,35000.0,95.8,Won,2026-01-28,Sarah Jenkins
LEAD-01790,Meridian Solutions,Healthcare & Life Sciences,LinkedIn Campaign,8000.0,57.4,Contacted,2026-01-30,Emily Watson
LEAD-01791,Meridian Solutions,Financial Services & FinTech,Referral,60000.0,49.6,Won,2025-11-02,Sarah Jenkins
LEAD-01792,Pinnacle Enterprises,Telecommunications,Referral,15000.0,83.9,Negotiation,2026-02-10,David Kim
LEAD-01793,Hyperion Partners,Healthcare & Life Sciences,Cold Outreach,25000.0,31.4,Contacted,2026-02-08,Sarah Jenkins
LEAD-01794,Aura Labs,Healthcare & Life Sciences,LinkedIn Campaign,20000.0,82.5,Contacted,2025-09-21,Alex Rivera
LEAD-01795,Beacon Innovations,Media & Entertainment,Organic Search,25000.0,56.6,New,2026-03-15,Michael Chang
LEAD-01796,Synapse Health,Manufacturing & Industrial,Inbound Demo Request,35000.0,90.9,Qualified,2025-10-19,Priya Patel
LEAD-01797,Synapse Analytics,Telecommunications,LinkedIn Campaign,20000.0,53.6,Proposal Sent,2026-04-25,Alex Rivera
LEAD-01798,Stratosphere Logistics,SaaS & Cloud Software,Webinar,20000.0,69.5,Qualified,2026-06-06,Alex Rivera
LEAD-01799,Cognitive Systems,SaaS & Cloud Software,Partner Channel,5000.0,32.2,Contacted,2026-08-25,Michael Chang
LEAD-01800,Horizon Labs,Professional Services & Consulting,Cold Outreach,5000.0,28.2,New,2025-12-16,Sarah Jenkins
LEAD-01801,Aura Solutions,Financial Services & FinTech,LinkedIn Campaign,8000.0,49.3,Won,2026-04-19,Sarah Jenkins
LEAD-01802,Solstice Digital,Telecommunications,Inbound Demo Request,15000.0,81.6,Proposal Sent,2026-05-28,Alex Rivera
LEAD-01803,Starlight Partners,Financial Services & FinTech,LinkedIn Campaign,8000.0,45.4,Qualified,2026-03-10,Michael Chang
LEAD-01804,Elevate Enterprises,Healthcare & Life Sciences,Referral,60000.0,95.3,Proposal Sent,2026-08-24,Alex Rivera
LEAD-01805,Acro Partners,Financial Services & FinTech,Partner Channel,12000.0,55.5,Won,2025-10-04,Priya Patel
LEAD-01806,Vanguard Dynamics,Professional Services & Consulting,Webinar,8000.0,73.9,Contacted,2026-02-09,Michael Chang
LEAD-01807,Prism Capital,Professional Services & Consulting,Webinar,8000.0,36.0,Proposal Sent,2026-08-19,Sarah Jenkins
LEAD-01808,Meridian Dynamics,Telecommunications,Partner Channel,5000.0,26.6,New,2026-02-18,Alex Rivera
LEAD-01809,Vertex Innovations,Professional Services & Consulting,LinkedIn Campaign,8000.0,70.9,Won,2026-04-03,Emily Watson
LEAD-01810,Velocity Solutions,Healthcare & Life Sciences,Referral,35000.0,63.5,Proposal Sent,2025-09-17,Sarah Jenkins
LEAD-01811,Synapse Enterprises,Retail & E-Commerce,Cold Outreach,5000.0,39.8,Lost,2026-06-02,Michael Chang
LEAD-01812,Quantum Analytics,Financial Services & FinTech,Inbound Demo Request,15000.0,73.7,Won,2026-07-14,Michael Chang
LEAD-01813,Prism Enterprises,Manufacturing & Industrial,Cold Outreach,25000.0,78.1,New,2026-06-08,David Kim
LEAD-01814,Beacon Solutions,SaaS & Cloud Software,LinkedIn Campaign,20000.0,61.1,Lost,2026-08-23,Priya Patel
LEAD-01815,Horizon Systems,Financial Services & FinTech,Organic Search,12000.0,21.9,Lost,2025-11-20,Alex Rivera
LEAD-01816,Vanguard Enterprises,Manufacturing & Industrial,Inbound Demo Request,15000.0,95.1,Won,2026-06-04,Priya Patel
LEAD-01817,Velocity Labs,Media & Entertainment,Inbound Demo Request,35000.0,59.4,Proposal Sent,2026-03-15,Alex Rivera
LEAD-01818,Pinnacle Health,Professional Services & Consulting,Referral,120000.0,99.0,Won,2025-10-06,David Kim
LEAD-01819,Aura Partners,Financial Services & FinTech,Webinar,8000.0,75.5,Proposal Sent,2026-01-13,Alex Rivera
LEAD-01820,Apex Innovations,Professional Services & Consulting,Webinar,8000.0,46.4,Won,2026-02-21,Emily Watson
LEAD-01821,Omni Labs,Professional Services & Consulting,Partner Channel,5000.0,50.3,Contacted,2026-02-23,Sarah Jenkins
LEAD-01822,Omni Capital,Healthcare & Life Sciences,Cold Outreach,25000.0,34.7,Lost,2026-07-19,Priya Patel
LEAD-01823,Acro Global,Retail & E-Commerce,Webinar,20000.0,67.1,Qualified,2026-01-04,Alex Rivera
LEAD-01824,Aura Systems,Telecommunications,Partner Channel,25000.0,63.5,Lost,2026-04-04,Alex Rivera
LEAD-01825,Cognitive Technologies,Financial Services & FinTech,Organic Search,12000.0,66.0,New,2025-11-24,Priya Patel
LEAD-01826,Acro Dynamics,SaaS & Cloud Software,Referral,15000.0,56.0,Negotiation,2026-04-23,David Kim
LEAD-01827,Nexus Health,Financial Services & FinTech,Webinar,8000.0,79.7,Proposal Sent,2026-07-09,Michael Chang
LEAD-01828,Acro Systems,Media & Entertainment,Inbound Demo Request,60000.0,60.4,Negotiation,2026-06-24,David Kim
LEAD-01829,Synapse Solutions,SaaS & Cloud Software,Organic Search,5000.0,5.0,Lost,2025-10-08,Emily Watson
LEAD-01830,Acro Digital,Manufacturing & Industrial,Webinar,45000.0,65.6,Qualified,2025-12-11,David Kim
LEAD-01831,Nexus Global,Telecommunications,Organic Search,25000.0,49.1,New,2026-04-18,Alex Rivera
LEAD-01832,Catalyst Global,Media & Entertainment,Referral,35000.0,80.9,Negotiation,2026-05-25,Michael Chang
LEAD-01833,CoreTech Partners,Professional Services & Consulting,Webinar,45000.0,61.9,Contacted,2026-02-01,Michael Chang
LEAD-01834,Stratosphere Innovations,Manufacturing & Industrial,Organic Search,5000.0,49.3,Contacted,2026-03-04,Emily Watson
LEAD-01835,Aegis Technologies,Healthcare & Life Sciences,Cold Outreach,12000.0,44.8,New,2026-04-13,Emily Watson
LEAD-01836,Meridian Solutions,Professional Services & Consulting,Webinar,8000.0,60.9,Contacted,2026-01-30,Priya Patel
LEAD-01837,Omni Digital,Professional Services & Consulting,Organic Search,5000.0,44.0,New,2026-02-06,Emily Watson
LEAD-01838,CoreTech Enterprises,SaaS & Cloud Software,Organic Search,5000.0,55.6,Lost,2026-06-10,Michael Chang
LEAD-01839,Cognitive Health,Healthcare & Life Sciences,LinkedIn Campaign,20000.0,68.4,Qualified,2026-04-01,Sarah Jenkins
LEAD-01840,Vertex Technologies,Manufacturing & Industrial,LinkedIn Campaign,45000.0,73.3,Contacted,2025-12-26,David Kim
LEAD-01841,Nexus Capital,Media & Entertainment,Partner Channel,12000.0,41.0,Lost,2025-10-01,Priya Patel
LEAD-01842,Horizon Technologies,Retail & E-Commerce,Referral,60000.0,83.4,Proposal Sent,2026-08-24,Priya Patel
LEAD-01843,Starlight Capital,Telecommunications,Organic Search,12000.0,42.5,New,2025-09-09,Emily Watson
LEAD-01844,Acro Systems,Professional Services & Consulting,Cold Outreach,5000.0,33.1,Lost,2026-08-17,Emily Watson
LEAD-01845,CoreTech Enterprises,SaaS & Cloud Software,Inbound Demo Request,15000.0,68.6,Negotiation,2026-08-14,Sarah Jenkins
LEAD-01846,Quantum Logistics,Healthcare & Life Sciences,Organic Search,5000.0,56.4,New,2026-08-25,Priya Patel
LEAD-01847,Vanguard Health,SaaS & Cloud Software,Organic Search,5000.0,50.1,New,2025-10-14,Alex Rivera
LEAD-01848,Synapse Partners,Financial Services & FinTech,Organic Search,5000.0,36.0,Contacted,2025-11-26,Priya Patel
LEAD-01849,Starlight Health,Telecommunications,Webinar,8000.0,55.1,Proposal Sent,2025-12-27,Emily Watson
LEAD-01850,Apex Labs,Retail & E-Commerce,Referral,15000.0,73.6,Proposal Sent,2025-10-29,Priya Patel
LEAD-01851,Zenith Dynamics,Retail & E-Commerce,Organic Search,5000.0,61.1,Lost,2026-01-24,Priya Patel
LEAD-01852,Vertex Partners,Media & Entertainment,Referral,35000.0,69.6,Proposal Sent,2026-08-14,David Kim
LEAD-01853,Prism Health,Retail & E-Commerce,Cold Outreach,12000.0,15.8,New,2025-12-30,Michael Chang
LEAD-01854,Hyperion Capital,Manufacturing & Industrial,Inbound Demo Request,60000.0,71.7,Won,2026-03-11,Sarah Jenkins
LEAD-01855,Aegis Systems,Manufacturing & Industrial,Partner Channel,5000.0,54.3,Lost,2025-10-11,David Kim
LEAD-01856,Pinnacle Technologies,Financial Services & FinTech,Inbound Demo Request,15000.0,99.0,Won,2026-02-27,Sarah Jenkins
LEAD-01857,Catalyst Dynamics,Healthcare & Life Sciences,Webinar,20000.0,72.9,Contacted,2026-01-29,Emily Watson
LEAD-01858,Aura Innovations,Manufacturing & Industrial,Organic Search,5000.0,62.3,New,2026-04-29,David Kim
LEAD-01859,Zenith Labs,Professional Services & Consulting,Cold Outreach,5000.0,21.1,Contacted,2026-08-12,David Kim
LEAD-01860,Aura Analytics,Professional Services & Consulting,LinkedIn Campaign,8000.0,54.3,Contacted,2025-12-17,Emily Watson
LEAD-01861,Prism Digital,Retail & E-Commerce,Inbound Demo Request,60000.0,91.6,Won,2026-08-24,Alex Rivera
LEAD-01862,Beacon Systems,Healthcare & Life Sciences,Webinar,8000.0,83.9,Qualified,2026-02-03,Michael Chang
LEAD-01863,Zenith Technologies,Manufacturing & Industrial,Webinar,8000.0,58.4,Won,2026-07-05,Priya Patel
LEAD-01864,Prism Global,Media & Entertainment,LinkedIn Campaign,8000.0,63.9,Contacted,2026-05-31,David Kim
LEAD-01865,Zenith Solutions,Media & Entertainment,Inbound Demo Request,35000.0,86.3,Won,2025-10-30,Priya Patel
LEAD-01866,CoreTech Digital,Manufacturing & Industrial,Inbound Demo Request,35000.0,68.4,Won,2026-06-18,Alex Rivera
LEAD-01867,Hyperion Partners,Telecommunications,Organic Search,5000.0,58.1,Contacted,2026-07-16,Emily Watson
LEAD-01868,Vertex Solutions,Retail & E-Commerce,Referral,15000.0,84.6,Qualified,2026-04-04,David Kim
LEAD-01869,Meridian Systems,Retail & E-Commerce,Inbound Demo Request,60000.0,62.8,Won,2025-10-21,Priya Patel
LEAD-01870,Meridian Analytics,Media & Entertainment,Partner Channel,5000.0,43.8,Qualified,2025-12-12,Michael Chang
LEAD-01871,Hyperion Global,Professional Services & Consulting,Partner Channel,5000.0,25.1,Lost,2026-07-24,Emily Watson
LEAD-01872,Elevate Capital,Retail & E-Commerce,Webinar,20000.0,58.9,Contacted,2025-11-16,Emily Watson
LEAD-01873,Starlight Dynamics,SaaS & Cloud Software,Referral,35000.0,85.6,Qualified,2026-08-11,Emily Watson
LEAD-01874,Quantum Logistics,Financial Services & FinTech,Referral,15000.0,81.7,Negotiation,2026-07-08,Michael Chang
LEAD-01875,Synapse Systems,SaaS & Cloud Software,Inbound Demo Request,35000.0,67.8,Lost,2026-05-19,David Kim
LEAD-01876,Vertex Capital,Manufacturing & Industrial,Inbound Demo Request,35000.0,76.5,Qualified,2026-01-17,Priya Patel
LEAD-01877,Acro Dynamics,Telecommunications,Referral,35000.0,81.4,Proposal Sent,2026-05-18,Priya Patel
LEAD-01878,Velocity Partners,Manufacturing & Industrial,Inbound Demo Request,35000.0,65.7,Won,2025-12-12,Michael Chang
LEAD-01879,Beacon Labs,Manufacturing & Industrial,Cold Outreach,5000.0,67.2,New,2026-07-09,Sarah Jenkins
LEAD-01880,Acro Capital,SaaS & Cloud Software,Webinar,20000.0,74.9,Proposal Sent,2025-09-13,Alex Rivera
LEAD-01881,Beacon Partners,Media & Entertainment,Webinar,20000.0,81.4,Contacted,2026-02-27,Priya Patel
LEAD-01882,Cognitive Partners,Telecommunications,Cold Outreach,12000.0,50.8,Contacted,2026-07-24,Alex Rivera
LEAD-01883,Pinnacle Health,Telecommunications,Partner Channel,12000.0,29.0,Won,2026-03-25,Sarah Jenkins
LEAD-01884,CoreTech Analytics,Media & Entertainment,Inbound Demo Request,60000.0,68.6,Qualified,2025-09-09,Sarah Jenkins
LEAD-01885,Apex Solutions,Media & Entertainment,Inbound Demo Request,15000.0,90.3,Won,2025-11-09,Michael Chang
LEAD-01886,Aegis Systems,Manufacturing & Industrial,Webinar,8000.0,55.3,Lost,2026-03-10,Alex Rivera
LEAD-01887,Vertex Health,Media & Entertainment,Cold Outreach,5000.0,33.7,Contacted,2026-05-04,Michael Chang
LEAD-01888,Apex Dynamics,Healthcare & Life Sciences,Webinar,45000.0,74.2,Qualified,2025-11-16,Sarah Jenkins
LEAD-01889,Beacon Enterprises,Manufacturing & Industrial,Referral,15000.0,76.5,Won,2025-09-12,Alex Rivera
LEAD-01890,Catalyst Digital,SaaS & Cloud Software,Referral,35000.0,61.0,Won,2026-06-14,David Kim
LEAD-01891,Vertex Capital,Financial Services & FinTech,Referral,15000.0,99.0,Won,2025-09-19,Alex Rivera
LEAD-01892,Quantum Logistics,SaaS & Cloud Software,Organic Search,12000.0,30.0,New,2026-02-10,Sarah Jenkins
LEAD-01893,Synapse Innovations,Manufacturing & Industrial,Partner Channel,5000.0,44.8,New,2025-11-14,Sarah Jenkins
LEAD-01894,Synapse Logistics,SaaS & Cloud Software,Cold Outreach,5000.0,20.6,Qualified,2026-04-13,Michael Chang
LEAD-01895,Prism Global,Media & Entertainment,Cold Outreach,12000.0,20.6,New,2026-08-20,David Kim
LEAD-01896,Catalyst Partners,Professional Services & Consulting,Partner Channel,12000.0,45.2,New,2025-11-09,Alex Rivera
LEAD-01897,Zenith Global,Telecommunications,Organic Search,5000.0,44.6,Lost,2026-08-16,Michael Chang
LEAD-01898,Catalyst Innovations,Healthcare & Life Sciences,Cold Outreach,5000.0,23.9,Won,2026-01-02,Sarah Jenkins
LEAD-01899,Solstice Logistics,SaaS & Cloud Software,Partner Channel,12000.0,38.0,New,2025-09-13,Priya Patel
LEAD-01900,Aegis Health,Professional Services & Consulting,Organic Search,5000.0,25.2,Lost,2025-09-17,Michael Chang
LEAD-01901,Solstice Global,Manufacturing & Industrial,Organic Search,5000.0,19.1,New,2026-08-22,David Kim
LEAD-01902,Meridian Solutions,Manufacturing & Industrial,Webinar,8000.0,65.2,Qualified,2026-03-15,David Kim
LEAD-01903,Aegis Labs,SaaS & Cloud Software,LinkedIn Campaign,8000.0,58.9,Qualified,2026-08-17,Priya Patel
LEAD-01904,Apex Capital,Financial Services & FinTech,Referral,120000.0,74.0,Proposal Sent,2026-01-24,David Kim
LEAD-01905,Cognitive Capital,Retail & E-Commerce,Cold Outreach,12000.0,38.8,Contacted,2025-11-11,Michael Chang
LEAD-01906,Synapse Partners,Media & Entertainment,LinkedIn Campaign,8000.0,43.2,Qualified,2026-08-15,Sarah Jenkins
LEAD-01907,Elevate Digital,SaaS & Cloud Software,Webinar,20000.0,61.7,Lost,2026-07-15,Michael Chang
LEAD-01908,Hyperion Analytics,Retail & E-Commerce,Webinar,20000.0,66.4,Qualified,2026-04-23,Michael Chang
LEAD-01909,Vertex Digital,Retail & E-Commerce,Webinar,45000.0,59.4,Proposal Sent,2026-02-06,Michael Chang
LEAD-01910,Stratosphere Innovations,SaaS & Cloud Software,Cold Outreach,5000.0,52.4,New,2026-04-29,Michael Chang
LEAD-01911,Solstice Solutions,Retail & E-Commerce,Partner Channel,25000.0,56.4,New,2026-06-09,Michael Chang
LEAD-01912,Vanguard Health,Telecommunications,Partner Channel,5000.0,45.8,Contacted,2026-07-24,Alex Rivera
LEAD-01913,Vertex Capital,Professional Services & Consulting,Partner Channel,5000.0,27.6,Lost,2026-01-27,Alex Rivera
LEAD-01914,Omni Health,Manufacturing & Industrial,Organic Search,12000.0,32.1,Contacted,2026-05-25,Emily Watson
LEAD-01915,Vanguard Analytics,Healthcare & Life Sciences,Organic Search,25000.0,40.9,Contacted,2026-06-26,Emily Watson
LEAD-01916,Acro Systems,SaaS & Cloud Software,LinkedIn Campaign,20000.0,60.7,Won,2025-11-16,Alex Rivera
LEAD-01917,Horizon Innovations,Professional Services & Consulting,Inbound Demo Request,35000.0,80.0,Proposal Sent,2025-12-24,Priya Patel
LEAD-01918,Beacon Solutions,SaaS & Cloud Software,Partner Channel,5000.0,46.9,New,2026-06-04,Sarah Jenkins
LEAD-01919,Beacon Systems,Retail & E-Commerce,Webinar,45000.0,67.3,Proposal Sent,2026-03-03,Priya Patel
LEAD-01920,Aegis Capital,Media & Entertainment,Cold Outreach,5000.0,29.7,Lost,2026-02-27,David Kim
LEAD-01921,Meridian Analytics,Healthcare & Life Sciences,LinkedIn Campaign,20000.0,45.2,Contacted,2026-07-06,Alex Rivera
LEAD-01922,Aegis Logistics,Media & Entertainment,LinkedIn Campaign,45000.0,50.4,Qualified,2025-10-07,Alex Rivera
LEAD-01923,Hyperion Health,Media & Entertainment,Partner Channel,5000.0,28.9,Lost,2026-07-20,Alex Rivera
LEAD-01924,Omni Capital,Financial Services & FinTech,Partner Channel,12000.0,53.1,Lost,2026-01-22,Alex Rivera
LEAD-01925,Prism Innovations,Professional Services & Consulting,Webinar,20000.0,57.2,Proposal Sent,2026-03-25,Priya Patel
LEAD-01926,Starlight Analytics,Healthcare & Life Sciences,Organic Search,25000.0,27.5,Lost,2026-01-15,Alex Rivera
LEAD-01927,Nexus Technologies,Healthcare & Life Sciences,Inbound Demo Request,35000.0,65.5,Proposal Sent,2025-09-25,Priya Patel
LEAD-01928,Elevate Health,Telecommunications,Inbound Demo Request,35000.0,77.9,Negotiation,2025-09-23,Priya Patel
LEAD-01929,Aura Health,Professional Services & Consulting,Webinar,20000.0,69.4,Qualified,2026-06-17,David Kim
LEAD-01930,Apex Analytics,SaaS & Cloud Software,LinkedIn Campaign,20000.0,61.4,Contacted,2026-04-05,Priya Patel
LEAD-01931,Aura Partners,Media & Entertainment,Referral,35000.0,70.2,Won,2025-11-17,David Kim
LEAD-01932,Solstice Solutions,Professional Services & Consulting,Partner Channel,5000.0,78.6,New,2026-08-19,Michael Chang
LEAD-01933,Horizon Digital,Healthcare & Life Sciences,Webinar,8000.0,64.2,Qualified,2026-02-11,Emily Watson
LEAD-01934,Cognitive Digital,Manufacturing & Industrial,Organic Search,12000.0,56.7,Lost,2025-09-27,Emily Watson
LEAD-01935,Hyperion Innovations,Professional Services & Consulting,Partner Channel,12000.0,47.2,New,2026-04-25,Sarah Jenkins
LEAD-01936,Pinnacle Innovations,Retail & E-Commerce,Webinar,8000.0,51.3,Contacted,2026-04-12,Michael Chang
LEAD-01937,Elevate Digital,Telecommunications,LinkedIn Campaign,8000.0,47.9,Proposal Sent,2025-10-21,Sarah Jenkins
LEAD-01938,Elevate Partners,Media & Entertainment,Webinar,20000.0,59.4,Lost,2025-10-10,David Kim
LEAD-01939,Elevate Systems,Financial Services & FinTech,Inbound Demo Request,60000.0,75.7,Qualified,2026-05-20,Sarah Jenkins
LEAD-01940,Starlight Partners,Healthcare & Life Sciences,Cold Outreach,5000.0,39.9,Lost,2025-12-15,David Kim
LEAD-01941,Vertex Solutions,SaaS & Cloud Software,Referral,60000.0,57.8,Won,2026-08-15,David Kim
LEAD-01942,Nexus Labs,Financial Services & FinTech,Webinar,8000.0,66.6,Proposal Sent,2026-04-13,Priya Patel
LEAD-01943,Solstice Logistics,SaaS & Cloud Software,Organic Search,12000.0,41.2,Contacted,2026-06-13,Priya Patel
LEAD-01944,Hyperion Technologies,Telecommunications,Webinar,45000.0,57.6,Won,2026-06-14,Michael Chang
LEAD-01945,Meridian Dynamics,Retail & E-Commerce,Webinar,8000.0,57.5,Contacted,2026-04-09,Michael Chang
LEAD-01946,Omni Technologies,Retail & E-Commerce,Cold Outreach,5000.0,30.3,Contacted,2026-01-30,Priya Patel
LEAD-01947,Horizon Health,SaaS & Cloud Software,Webinar,8000.0,81.9,Qualified,2026-03-18,Sarah Jenkins
LEAD-01948,Acro Partners,Media & Entertainment,Webinar,20000.0,87.0,Proposal Sent,2026-07-09,Sarah Jenkins
LEAD-01949,Acro Enterprises,Retail & E-Commerce,LinkedIn Campaign,20000.0,68.6,Won,2026-02-21,Alex Rivera
LEAD-01950,Velocity Digital,Healthcare & Life Sciences,LinkedIn Campaign,8000.0,42.6,Lost,2026-08-20,Emily Watson
LEAD-01951,Velocity Enterprises,Manufacturing & Industrial,Partner Channel,5000.0,58.0,Contacted,2026-06-06,Sarah Jenkins
LEAD-01952,Quantum Analytics,Healthcare & Life Sciences,Webinar,8000.0,30.5,Qualified,2026-05-29,David Kim
LEAD-01953,Vanguard Labs,Media & Entertainment,Organic Search,5000.0,45.3,Won,2025-10-11,Sarah Jenkins
LEAD-01954,Cognitive Capital,Healthcare & Life Sciences,Cold Outreach,5000.0,65.6,Lost,2025-09-25,Priya Patel
LEAD-01955,Velocity Logistics,Media & Entertainment,Referral,35000.0,87.1,Proposal Sent,2026-03-03,Michael Chang
LEAD-01956,Solstice Innovations,Professional Services & Consulting,Partner Channel,5000.0,59.4,Lost,2026-07-12,Alex Rivera
LEAD-01957,Solstice Health,Media & Entertainment,Partner Channel,5000.0,48.1,Lost,2026-06-12,Emily Watson
LEAD-01958,Hyperion Labs,Telecommunications,Referral,35000.0,86.4,Qualified,2026-08-07,David Kim
LEAD-01959,Pinnacle Health,Media & Entertainment,Inbound Demo Request,35000.0,78.6,Proposal Sent,2025-12-29,Sarah Jenkins
LEAD-01960,CoreTech Global,Media & Entertainment,Inbound Demo Request,60000.0,81.2,Qualified,2026-01-14,Emily Watson
LEAD-01961,Catalyst Enterprises,Financial Services & FinTech,Referral,60000.0,63.2,Negotiation,2025-09-09,David Kim
LEAD-01962,Prism Digital,Media & Entertainment,LinkedIn Campaign,45000.0,29.6,Qualified,2026-04-05,Alex Rivera
LEAD-01963,Cognitive Analytics,Retail & E-Commerce,Partner Channel,12000.0,11.3,Contacted,2025-11-29,Michael Chang
LEAD-01964,Elevate Analytics,Financial Services & FinTech,LinkedIn Campaign,8000.0,76.5,Contacted,2026-05-07,Priya Patel
LEAD-01965,Quantum Analytics,Financial Services & FinTech,Cold Outreach,5000.0,12.5,Contacted,2026-01-05,Sarah Jenkins
LEAD-01966,Synapse Digital,Media & Entertainment,LinkedIn Campaign,8000.0,43.9,Won,2026-03-22,Priya Patel
LEAD-01967,Vanguard Labs,SaaS & Cloud Software,Partner Channel,5000.0,41.4,Qualified,2026-02-15,Sarah Jenkins
LEAD-01968,Quantum Labs,Professional Services & Consulting,LinkedIn Campaign,8000.0,35.6,Qualified,2026-05-28,Alex Rivera
LEAD-01969,CoreTech Technologies,Retail & E-Commerce,Organic Search,5000.0,52.9,Contacted,2026-06-26,Alex Rivera
LEAD-01970,Stratosphere Solutions,Financial Services & FinTech,Webinar,8000.0,55.6,Proposal Sent,2026-06-22,Michael Chang
LEAD-01971,Aura Systems,Media & Entertainment,Organic Search,5000.0,32.7,New,2025-10-09,Emily Watson
LEAD-01972,Prism Global,Media & Entertainment,Cold Outreach,5000.0,48.9,Won,2025-09-19,Emily Watson
LEAD-01973,Beacon Innovations,Retail & E-Commerce,Webinar,45000.0,69.5,Proposal Sent,2026-02-10,Sarah Jenkins
LEAD-01974,Elevate Capital,Telecommunications,LinkedIn Campaign,8000.0,50.8,Contacted,2026-07-03,Emily Watson
LEAD-01975,Prism Innovations,SaaS & Cloud Software,LinkedIn Campaign,45000.0,52.7,Won,2025-11-06,Sarah Jenkins
LEAD-01976,Meridian Systems,Financial Services & FinTech,Partner Channel,12000.0,19.2,Lost,2026-03-28,Sarah Jenkins
LEAD-01977,Prism Enterprises,Healthcare & Life Sciences,Referral,35000.0,79.2,Proposal Sent,2025-09-28,Sarah Jenkins
LEAD-01978,Synapse Logistics,SaaS & Cloud Software,Partner Channel,12000.0,42.4,New,2025-10-24,Priya Patel
LEAD-01979,Nexus Logistics,Financial Services & FinTech,LinkedIn Campaign,8000.0,76.7,Won,2026-08-30,Emily Watson
LEAD-01980,Prism Partners,Retail & E-Commerce,Webinar,20000.0,68.1,Lost,2026-01-27,Emily Watson
LEAD-01981,Zenith Solutions,Manufacturing & Industrial,Organic Search,25000.0,35.7,Contacted,2026-03-22,Alex Rivera
LEAD-01982,Solstice Innovations,Healthcare & Life Sciences,Organic Search,5000.0,52.8,Contacted,2025-11-03,Sarah Jenkins
LEAD-01983,Pinnacle Capital,Professional Services & Consulting,Partner Channel,5000.0,44.2,Qualified,2026-06-16,David Kim
LEAD-01984,Cognitive Logistics,Manufacturing & Industrial,Inbound Demo Request,120000.0,71.2,Qualified,2026-04-17,David Kim
LEAD-01985,CoreTech Solutions,Manufacturing & Industrial,Organic Search,5000.0,64.4,New,2025-10-20,Alex Rivera
LEAD-01986,Starlight Enterprises,Telecommunications,Webinar,45000.0,31.1,Lost,2026-03-20,Priya Patel
LEAD-01987,Omni Analytics,SaaS & Cloud Software,Webinar,8000.0,76.3,Qualified,2025-10-04,Sarah Jenkins
LEAD-01988,Aura Analytics,Media & Entertainment,Referral,60000.0,78.8,Proposal Sent,2026-07-02,Alex Rivera
LEAD-01989,Aegis Systems,Manufacturing & Industrial,Inbound Demo Request,35000.0,59.8,Proposal Sent,2026-02-01,Emily Watson
LEAD-01990,CoreTech Health,Media & Entertainment,Cold Outreach,5000.0,43.6,New,2026-07-06,Emily Watson
LEAD-01991,Cognitive Solutions,SaaS & Cloud Software,Partner Channel,5000.0,46.5,Lost,2026-06-12,David Kim
LEAD-01992,Synapse Logistics,Healthcare & Life Sciences,Cold Outreach,5000.0,31.4,Contacted,2025-11-25,Sarah Jenkins
LEAD-01993,Horizon Health,Telecommunications,Partner Channel,12000.0,33.8,Qualified,2026-02-13,Michael Chang
LEAD-01994,Solstice Labs,Healthcare & Life Sciences,Cold Outreach,5000.0,41.9,Lost,2025-09-08,Priya Patel
LEAD-01995,Catalyst Solutions,Media & Entertainment,Inbound Demo Request,35000.0,86.6,Proposal Sent,2025-09-08,Michael Chang
LEAD-01996,Elevate Solutions,Retail & E-Commerce,Organic Search,5000.0,43.2,Contacted,2026-07-29,Michael Chang
LEAD-01997,Cognitive Labs,Healthcare & Life Sciences,Organic Search,5000.0,26.5,Lost,2025-10-15,Alex Rivera
LEAD-01998,CoreTech Enterprises,Telecommunications,Referral,60000.0,95.0,Negotiation,2026-03-08,Michael Chang
LEAD-01999,Horizon Digital,Financial Services & FinTech,Referral,15000.0,69.2,Won,2026-05-22,David Kim
LEAD-02000,Aegis Dynamics,Manufacturing & Industrial,Inbound Demo Request,35000.0,84.9,Won,2026-03-06,Emily Watson
